id,seed,difficulty,reference_path,search_path,gt_x,gt_y,pred_x,pred_y,err,err_learned,refine_gain,shift,ncc,dx,dy,klass,margin,confidence,sel_angle,sel_scale,tie_break,rel_rotation_deg,scale_ratio,layout_bl_pitch,layout_wl_pitch,search_dose_e_per_px,search_shot_snr,landmark_size_nm,defect_size_nm,label_correction_px
171617,1202603645389136963,hard,images/00171/0171617_ref.png,images/00171/0171617_search.png,678.9424,496.673,679.0569186953883,496.80571078493136,0.17529028504320007,0.3589430480151018,0.18365276297190172,0.2064745247168477,0.8110448122024536,0.11451869538825576,0.132710784931362,hit,5.573392868041992,0.21460704505443573,0.0,10.0,False,-2.7668,9.9311,100.6758,77.65293,47.727,4.885,,26.57,0.4174
7747,3853796245240295141,hard,images/00007/0007747_ref.png,images/00007/0007747_search.png,524.3234,431.6128,524.9637012272866,431.651096601573,0.6414454702909549,1.2214091034817465,0.5799636331907916,0.7767155415424062,0.8210470080375671,0.6403012272866135,0.03829660157299486,hit,5.929568290710449,0.3860916793346405,0.0,10.0,False,-2.052,9.95051,96.57043,73.4274,106.714,7.305,,14.791,0.7842
32995,237231253699338190,easy,images/00032/0032995_ref.png,images/00032/0032995_search.png,224.7465,125.4697,223.72292562339427,125.3752725251001,1.0279207423044665,1.055215022897365,0.0272942805928984,0.8074911528721647,0.8342011570930481,-1.0235743766057226,-0.09442747489990211,near-miss,5.951277732849121,0.2880106568336487,0.0,10.0,False,0.2326,10.03525,84.60557,73.99988,82.091,6.407,329.215,,1.2734
192258,54025162759745120,hard,images/00192/0192258_ref.png,images/00192/0192258_search.png,373.0455,127.1829,373.1292472137764,562.5333580911024,435.35046614621706,437.103873998823,1.7534078526059602,1.7926996687979697,0.7721227407455444,0.08374721377640526,435.3504580911024,gross-miss,0.49821949005126953,0.1675744205713272,0.0,10.0,False,0.4524,10.08845,154.87393,134.92725,54.853,5.237,,26.779,0.5153
26950,1960152092005163270,medium,images/00026/0026950_ref.png,images/00026/0026950_search.png,454.2399,179.5637,454.6638202471158,179.3675092294451,0.46711796622015783,0.8446015810602528,0.377483614840095,0.39299986181732904,0.7822414040565491,0.42392024711580234,-0.19619077055492085,hit,4.184124946594238,0.21065019071102142,0.0,10.0,False,-2.4591,9.70522,182.63051,137.17134,68.786,5.865,240.617,,0.8578
19043,3829382086202167935,hard,images/00019/0019043_ref.png,images/00019/0019043_search.png,797.0845,567.0908,797.2071399274827,567.0508388302858,0.12898622755111155,0.6334562295451799,0.5044700019940683,0.6092164112820373,0.7112526893615723,0.12263992748262353,-0.03996116971416086,hit,4.293581962585449,0.23718971014022827,0.0,10.0,False,-0.6404,9.93469,149.06429,125.42464,23.606,3.436,,25.752,0.3824
58877,2157031083433969078,medium,images/00058/0058877_ref.png,images/00058/0058877_search.png,435.3836,400.1995,435.37660995493013,400.1332588118781,0.0666089763761806,0.4653332716215125,0.39872429524533193,0.49856721750221,0.8941081762313843,-0.006990045069869666,-0.06624118812192137,hit,3.683683395385742,0.18725444376468658,0.0,10.0,False,-3.0037,10.08971,100.73914,103.98875,72.937,6.039,205.463,,0.4139
30795,2735786923360892767,medium,images/00030/0030795_ref.png,images/00030/0030795_search.png,198.9868,121.8204,200.0101278535844,121.78096620318753,1.0240873596782367,0.3510537355506919,-0.6730336241275447,0.8424172775154707,0.6989240646362305,1.0233278535844192,-0.0394337968124745,near-miss,5.348781585693359,0.34238478541374207,0.0,10.0,False,-1.57,9.87349,75.19059,88.73857,107.082,7.317,242.826,,1.1762
1656,3659227213593957971,hard,images/00001/0001656_ref.png,images/00001/0001656_search.png,837.6677,631.8564,837.7539107005723,631.8002788122269,0.10286822935307524,0.7560645159985151,0.6531962866454398,0.7504585098464259,0.824869692325592,0.08621070057233737,-0.056121187773101155,hit,6.553338050842285,0.2815764248371124,0.0,10.0,False,1.0472,10.07855,89.52754,114.86212,87.038,6.597,,16.6,0.4775
132678,2794259193661341242,medium,images/00132/0132678_ref.png,images/00132/0132678_search.png,543.9916,331.2545,543.9272704961948,331.1678765566758,0.1078976644472035,0.0850172135258617,-0.022880450921341805,0.08517026372241454,0.8585391640663147,-0.06432950380519742,-0.0866234433241857,hit,0.7277460098266602,0.06970138102769852,0.0,10.0,False,-0.4571,10.15432,147.41529,132.59122,31.026,3.939,173.971,,0.6182
145489,4287934372736512190,medium,images/00145/0145489_ref.png,images/00145/0145489_search.png,679.2806,308.0863,678.6581669705528,308.36195819633207,0.6807424750608485,0.5459968538212377,-0.13474562123961076,0.14636214756699484,0.8236322402954102,-0.6224330294472793,0.2756581963320741,hit,4.723125457763672,0.29038840532302856,0.0,10.0,False,-0.0161,9.85101,130.00602,126.03536,61.733,5.556,273.274,,1.709
78214,768973049374047320,easy,images/00078/0078214_ref.png,images/00078/0078214_search.png,439.0534,222.6473,439.03766324469467,222.65046306392173,0.016051493416910707,0.31258118660960904,0.29652969319269834,0.29687315697172617,0.7838290333747864,-0.015736755305340466,0.0031630639217326006,hit,5.2214508056640625,0.26586779952049255,0.0,10.0,False,2.0554,10.1469,139.86958,140.57791,49.925,4.996,390.371,,0.2826
158167,125128607383951124,hard,images/00158/0158167_ref.png,images/00158/0158167_search.png,713.9154,535.6028,713.8515247820226,535.6156278799268,0.06515057923822988,1.317190638906181,1.252040059667951,1.3801362983000716,0.8012667894363403,-0.06387521797739737,0.012827879926817332,hit,2.0148611068725586,0.1287384182214737,0.0,10.0,False,2.233,9.95003,119.66334,109.40271,27.284,3.694,,18.622,0.0978
100338,3424812199062832889,hard,images/00100/0100338_ref.png,images/00100/0100338_search.png,613.461,570.5438,612.145549233419,570.2503454590178,1.3477856976988365,1.4675035984260056,0.11971790072716915,1.1310281459071438,0.713306725025177,-1.315450766580966,-0.2934545409822249,near-miss,1.5683155059814453,0.09267888963222504,0.0,10.0,False,1.624,9.84696,138.76443,126.92959,35.68,4.224,,22.338,0.5344
46731,635681259561562129,easy,images/00046/0046731_ref.png,images/00046/0046731_search.png,135.5064,570.7067,135.56089477201718,570.8193669431543,0.12515398618076826,1.0492311458580454,0.9240771596772772,0.9743582724113747,0.873893141746521,0.054494772017164905,0.11266694315429504,hit,3.0075159072875977,0.21950370073318481,0.0,10.0,False,1.3549,9.92757,173.86926,137.26167,80.462,6.343,331.968,,0.3528
144056,767059483662247606,easy,images/00144/0144056_ref.png,images/00144/0144056_search.png,875.9454,797.4317,875.8631006033256,797.3417879436652,0.12189080591789041,0.3796806579718969,0.25778985205400645,0.47297141796818987,0.8450978398323059,-0.08229939667432973,-0.08991205633481059,hit,6.981341361999512,0.35588693618774414,0.0,10.0,False,1.1555,9.86128,99.48305,100.50353,38.491,4.387,387.25,,0.6735
101084,418327867205927382,hard,images/00101/0101084_ref.png,images/00101/0101084_search.png,246.3426,654.7959,247.23357145123006,654.9246495542212,0.9002258464514161,1.4371118458474288,0.5368859993960127,0.563266120590333,0.8105353116989136,0.8909714512300582,0.12874955422125822,hit,5.434395790100098,0.24821947515010834,0.0,10.0,False,0.3335,9.82197,151.87764,112.95289,59.071,5.435,,18.067,1.6178
1848,1506672212653648325,easy,images/00001/0001848_ref.png,images/00001/0001848_search.png,210.7618,465.0918,210.88122182254017,465.0292271356994,0.13482186412298786,0.29537535451593877,0.16055349039295091,0.41633368579999874,0.7737077474594116,0.11942182254017553,-0.06257286430059139,hit,8.27019214630127,0.4007343649864197,0.0,10.0,False,-1.4218,10.05708,65.20441,75.61676,24.327,3.488,376.649,,0.5935
3588,1270640241704187264,medium,images/00003/0003588_ref.png,images/00003/0003588_search.png,281.2474,673.1768,281.2201657687983,673.2040144073758,0.0385010041163221,0.9047726368094202,0.8662716326930981,0.9323809206588092,0.5304794311523438,-0.027234231201703096,0.027214407375822702,hit,3.790480613708496,0.23019176721572876,0.0,10.0,False,4.3639,10.06928,65.81882,80.75691,39.012,4.417,185.462,,0.5667
102660,770879864095109586,hard,images/00102/0102660_ref.png,images/00102/0102660_search.png,328.1975,740.748,327.85151327239373,740.8155590023922,0.3525209702754033,0.8772259045707618,0.5247049342953585,0.5464873998989591,0.8744397759437561,-0.3459867276062596,0.06755900239215862,hit,3.1657333374023438,0.278310090303421,0.0,10.0,False,1.1066,10.09247,170.95529,166.17309,78.806,6.277,,19.986,0.4283
138574,4498782704621070463,medium,images/00138/0138574_ref.png,images/00138/0138574_search.png,871.4346,721.5055,871.4965857751079,721.5271369230375,0.06565358142741509,0.5896485183824317,0.5239949369550166,0.6524299491515434,0.8417630195617676,0.061985775107814334,0.021636923037476663,hit,3.9778528213500977,0.23518861830234528,0.0,10.0,False,2.4863,10.14584,154.37857,153.55172,30.597,3.911,208.565,,0.4384
46569,3909870046441820332,easy,images/00046/0046569_ref.png,images/00046/0046569_search.png,385.43,209.9678,383.611478415446,209.80633975246576,1.8256752627514514,1.4642006437651003,-0.36147461898635114,0.4631508813802786,0.8073499798774719,-1.8185215845539915,-0.1614602475342508,near-miss,2.534137725830078,0.3247273862361908,0.0,10.0,False,-0.1247,10.04837,97.21572,83.24714,48.146,4.906,370.354,,1.5197
170861,3563595286267746531,hard,images/00170/0170861_ref.png,images/00170/0170861_search.png,877.7472,523.0846,711.4995671166241,689.9042815566063,235.51450399916615,236.1725853921185,0.6580813929523401,3.671915506958866,0.7054447531700134,-166.2476328833759,166.81968155660627,gross-miss,0.035780906677246094,0.022410375997424126,0.0,10.0,False,-1.4766,10.05114,166.56769,148.67179,73.653,6.068,,22.948,0.2828
170912,3579070391080098293,hard,images/00170/0170912_ref.png,images/00170/0170912_search.png,881.1317,444.1437,880.7661278213561,444.1109020744434,0.36704049057190746,1.241824613618072,0.8747841230461645,1.101646203509897,0.6666352152824402,-0.3655721786439017,-0.032797925556621976,hit,4.461233139038086,0.23198941349983215,0.0,10.0,False,-2.7782,9.97533,81.64552,106.59167,34.418,4.148,,31.735,0.42
36461,2546850101205559699,easy,images/00036/0036461_ref.png,images/00036/0036461_search.png,231.5119,581.1088,231.40536039383412,581.0902554765286,0.10814151391932086,0.5928947216965482,0.48475320777722736,0.6647203554538367,0.8311772346496582,-0.10653960616588165,-0.018544523471405228,hit,5.992739677429199,0.2661726176738739,0.0,10.0,False,0.7588,10.04997,111.55914,107.74508,72.246,6.01,398.463,,0.3027
82551,1414901138326206465,medium,images/00082/0082551_ref.png,images/00082/0082551_search.png,550.9095,237.2448,551.1537873901608,237.34101944279612,0.2625538233650049,0.03832368514809764,-0.22423013821690724,0.29881577644164026,0.8122950792312622,0.2442873901608209,0.09621944279612649,hit,6.391136169433594,0.29128801822662354,0.0,10.0,False,-2.1902,9.85914,127.31175,132.9636,59.871,5.471,187.903,,0.2301
121976,643024091350949292,medium,images/00121/0121976_ref.png,images/00121/0121976_search.png,688.1479,565.5876,687.9839375582388,565.6767236614974,0.18661915589511302,0.29211743976357457,0.10549828386846155,0.45956813064330315,0.7055630087852478,-0.163962441761214,0.08912366149741047,hit,1.4311161041259766,0.28790566325187683,0.0,10.0,False,-0.51,10.1818,128.7117,127.33734,26.679,3.652,280.268,,0.2622
7462,2958227069076993985,easy,images/00007/0007462_ref.png,images/00007/0007462_search.png,367.7909,328.7401,367.4618554251553,328.5806035127833,0.3656630438931537,0.7326832185926277,0.36702017469947407,0.36741093172406497,0.7694054841995239,-0.3290445748447155,-0.15949648721669973,hit,8.175281524658203,0.332534521818161,0.0,10.0,False,-0.848,10.11667,86.61593,85.77908,64.561,5.682,329.466,,0.4103
26910,76045494098607567,easy,images/00026/0026910_ref.png,images/00026/0026910_search.png,287.463,239.2023,287.4641322766277,239.2665273169481,0.06423729674194126,0.2687631498819747,0.20452585314003344,0.23495982855457806,0.7822775840759277,0.001132276627686224,0.06422731694809158,hit,5.495053291320801,0.23074373602867126,0.0,10.0,False,-0.2896,9.98742,192.21202,144.06523,24.797,3.521,300.562,,0.1873
28922,369323084739584783,easy,images/00028/0028922_ref.png,images/00028/0028922_search.png,264.4572,835.7026,264.90232132855937,835.6312592370291,0.450802064768697,0.9695529406591004,0.5187508758904034,0.5191285988404892,0.8636188507080078,0.4451213285593667,-0.07134076297086267,hit,5.10959529876709,0.24347251653671265,0.0,10.0,False,-1.5893,9.96041,156.26692,150.29558,65.169,5.708,384.421,,0.4773
92959,3163521690448734208,hard,images/00092/0092959_ref.png,images/00092/0092959_search.png,580.9795,209.7456,581.3895863003046,209.78074042051196,0.41158914326210827,0.5363514929879181,0.1247623497258098,0.1443043646807534,0.5727425217628479,0.41008630030455606,0.035140420511964976,hit,5.969851493835449,0.3991521894931793,0.0,10.0,False,-1.1191,9.9058,99.50991,99.22633,52.211,5.109,,15.2,0.3713
162263,381990839992559972,hard,images/00162/0162263_ref.png,images/00162/0162263_search.png,671.95,703.0791,671.2482253620265,703.1744211160092,0.708218721625024,0.5697852652729652,-0.13843345635205873,0.3865150910427006,0.7766586542129517,-0.7017746379735854,0.0953211160091314,hit,5.783031463623047,0.21025851368904114,0.0,10.0,False,-1.1504,9.9926,118.67634,112.69532,40.587,4.505,,25.212,0.6213
20471,4106684880123183770,easy,images/00020/0020471_ref.png,images/00020/0020471_search.png,438.0947,461.5627,437.87782997277975,461.60863325105663,0.22168101465650572,0.1359666312879274,-0.08571438336857831,0.3448140676253966,0.7069887518882751,-0.21687002722023863,0.04593325105662416,hit,6.0642547607421875,0.4457415044307709,0.0,10.0,False,1.0273,10.17853,82.07383,74.33144,41.59,4.56,301.859,,0.5898
78518,584496574166421617,easy,images/00078/0078518_ref.png,images/00078/0078518_search.png,128.0316,227.0248,127.7345734466776,226.84446364307198,0.3474852155252854,0.5108415070961358,0.16335629157085046,0.16361805445983238,0.7355133891105652,-0.2970265533223966,-0.18033635692802363,hit,7.321294784545898,0.23632743954658508,0.0,10.0,False,-1.2131,9.96684,125.91269,152.04663,29.283,3.826,335.229,,0.1118
7927,642205770944393716,medium,images/00007/0007927_ref.png,images/00007/0007927_search.png,255.6259,659.9698,255.05458896655782,659.9883301796857,0.5716114628766326,1.8139852798381628,1.2423738169615302,1.7882052878387367,0.8486731052398682,-0.5713110334421856,0.018530179685740222,hit,0.20600032806396484,0.0206895861774683,0.0,10.0,False,0.5676,10.04466,177.04299,138.77169,79.799,6.317,175.803,,0.8035
124933,3663505138858000690,easy,images/00124/0124933_ref.png,images/00124/0124933_search.png,828.2895,709.658,828.2422151777006,709.5132667322782,0.15226152897338233,0.044184960070892024,-0.1080765689024903,0.16692564293422665,0.9093014001846313,-0.04728482229938891,-0.14473326772179007,hit,3.5171098709106445,0.35538238286972046,0.0,10.0,False,-0.7811,9.917,132.65599,160.49918,84.943,6.517,377.361,,0.6749
50761,2411075782669935680,easy,images/00050/0050761_ref.png,images/00050/0050761_search.png,803.8104,573.1696,803.6327491114415,573.3029645496651,0.2221394636551726,0.3220224165389071,0.09988295288373453,0.19029342992330867,0.7808961868286133,-0.17765088855844624,0.1333645496652025,hit,8.19040584564209,0.3431333303451538,0.0,10.0,False,0.3978,10.06177,112.37768,95.82466,22.827,3.378,406.925,,0.3273
38035,4249802383099302300,medium,images/00038/0038035_ref.png,images/00038/0038035_search.png,323.6597,163.7207,323.58850474008926,163.78510548969604,0.09600433394770536,0.14819435948469611,0.05219002553699076,0.1618108407715679,0.823417067527771,-0.07119525991072351,0.06440548969604265,hit,1.862661361694336,0.1461392343044281,0.0,10.0,False,-2.0311,10.18659,91.68977,103.21688,84.348,6.494,206.571,,0.2784
6026,2874407737693609934,medium,images/00006/0006026_ref.png,images/00006/0006026_search.png,577.572,590.2992,578.0133970343809,590.4290315284484,0.46009517248007537,0.5783585558938612,0.11826338341378584,0.3125394061391944,0.8861944079399109,0.4413970343808842,0.12983152844833512,hit,5.264899253845215,0.31246015429496765,0.0,10.0,False,1.045,10.031,164.78209,162.76732,101.578,7.127,201.588,,0.5544
103252,436020866892934468,easy,images/00103/0103252_ref.png,images/00103/0103252_search.png,596.1029,677.3973,596.1158944867936,677.3705116489127,0.02977368705761177,0.2099000840490246,0.18012639699141283,0.18018566796263455,0.8849357962608337,0.012994486793672877,-0.026788351087247975,hit,8.294492721557617,0.5121282339096069,0.0,10.0,False,-0.2077,10.02969,76.31848,82.12009,83.358,6.456,403.041,,0.3879
19055,2785802653995491427,medium,images/00019/0019055_ref.png,images/00019/0019055_search.png,550.7068,242.6487,550.849092120765,242.58922514817863,0.15422161207485865,0.49261825402779896,0.3383966419529403,0.37470334776109393,0.8405219316482544,0.14229212076497788,-0.05947485182136347,hit,4.105181694030762,0.3135787546634674,0.0,10.0,False,0.9607,9.90891,178.71762,149.89627,27.072,3.679,215.619,,0.6581
138660,1459506094257561389,easy,images/00138/0138660_ref.png,images/00138/0138660_search.png,748.1549,840.5845,747.5129011072171,840.5776753356814,0.6420351659975814,0.6983510128270042,0.05631584682942281,0.087062364515713,0.7396329045295715,-0.6419988927829081,-0.006824664318628493,hit,3.777766227722168,0.305915504693985,0.0,10.0,False,-1.3954,10.08926,81.30921,86.79545,23.409,3.421,411.269,,1.4593
135926,1217433978584513582,medium,images/00135/0135926_ref.png,images/00135/0135926_search.png,372.86,149.2065,372.8326379317056,149.1581407702891,0.05556345813193932,0.35756538659496995,0.30200192846303064,0.3723128034388628,0.8703935742378235,-0.02736206829439425,-0.04835922971091122,hit,2.7005929946899414,0.28287550806999207,0.0,10.0,False,-1.0339,10.04786,163.27628,131.96952,32.476,4.03,259.219,,1.1956
82024,3108723874245278575,easy,images/00082/0082024_ref.png,images/00082/0082024_search.png,784.5876,142.8903,784.3121449056478,142.92662981429683,0.27784053773958156,0.24071794158502183,-0.037122596154559734,0.10853741022278345,0.8812753558158875,-0.2754550943521963,0.036329814296834684,hit,5.7368364334106445,0.30803725123405457,0.0,10.0,False,0.5519,9.94351,124.0614,121.87201,90.449,6.725,305.651,,0.2254
55285,241936479378157920,medium,images/00055/0055285_ref.png,images/00055/0055285_search.png,838.5053,592.7793,838.4622305317166,592.8280969484363,0.06508549204626934,0.17475352548092904,0.1096680334346597,0.2089417155989354,0.9066231846809387,-0.043069468283420065,0.048796948436233833,hit,7.438087463378906,0.33664199709892273,0.0,10.0,False,-1.0559,9.96746,173.02745,164.98844,92.838,6.813,294.277,,0.9807
87958,448948463712555408,easy,images/00087/0087958_ref.png,images/00087/0087958_search.png,186.9467,437.9701,187.15481618002457,438.0074083978081,0.21143382164409763,0.6965104991340278,0.4850766774899302,0.5200337757446893,0.8523154854774475,0.20811618002457521,0.03730839780808992,hit,5.169883728027344,0.26477155089378357,0.0,10.0,False,-0.2463,9.82209,183.26808,158.48398,44.845,4.735,382.186,,0.5339
69544,3075280305372954880,easy,images/00069/0069544_ref.png,images/00069/0069544_search.png,865.7377,586.0066,865.972247806385,586.2832460635757,0.36269231860062473,0.3762617432996838,0.013569424699059085,0.5150592482226941,0.884116530418396,0.23454780638496686,0.27664606357564026,hit,3.2532730102539062,0.33882319927215576,0.0,10.0,False,0.6629,10.10913,131.79239,105.4419,48.378,4.918,331.931,,0.3092
49802,3463192114567050828,medium,images/00049/0049802_ref.png,images/00049/0049802_search.png,403.1672,674.2958,403.3285717387208,674.2744858251767,0.16277325365730472,0.056453871251507706,-0.10631938240579701,0.18781033372787811,0.8441063165664673,0.16137173872084531,-0.021314174823260146,hit,8.355782508850098,0.32280781865119934,0.0,10.0,False,0.7538,9.93591,115.49332,125.71016,41.478,4.554,254.942,,0.627
69260,2148684702956839283,easy,images/00069/0069260_ref.png,images/00069/0069260_search.png,277.0121,640.8687,818.8586767147581,639.221301393438,541.8490810361047,540.4607998893459,-1.3882811467587999,1.39944994939274,0.8039223551750183,541.8465767147582,-1.6473986065619783,gross-miss,0.8943595886230469,0.09284121543169022,0.0,10.0,False,-0.834,9.98538,125.06859,163.02564,105.927,7.278,418.424,,0.4269
86006,299904556683419404,hard,images/00086/0086006_ref.png,images/00086/0086006_search.png,523.3687,546.8906,523.8954426049056,546.9647609981185,0.5319376142600807,0.5689368169589815,0.03699920269890078,0.7529230491281385,0.7568747401237488,0.5267426049056212,0.07416099811860022,hit,2.084186553955078,0.1265655905008316,0.0,10.0,False,1.7052,10.05664,158.08221,126.5074,22.568,3.359,,27.319,0.8741
163347,432932318703454539,hard,images/00163/0163347_ref.png,images/00163/0163347_search.png,625.1282,277.9679,625.1526513346174,277.98571975915087,0.030255769379883567,0.5868920825556331,0.5566363131757495,0.5947778488173034,0.7812125086784363,0.024451334617424436,0.017819759150881964,hit,0.8792171478271484,0.07858377695083618,0.0,10.0,False,-0.5737,10.08391,91.73913,75.55497,71.103,5.963,,28.666,0.3466
96011,887599186900463554,medium,images/00096/0096011_ref.png,images/00096/0096011_search.png,781.0975,324.9887,781.2609096603061,324.9781217702958,0.16375169014405613,0.2899896987668133,0.12623800862275716,0.13641324849871897,0.7605865597724915,0.16340966030611526,-0.010578229704208297,hit,4.531314849853516,0.4217506945133209,0.0,10.0,False,-1.0873,10.09781,111.38519,85.86339,23.495,3.427,258.162,,0.6009
168239,4389791786154112964,hard,images/00168/0168239_ref.png,images/00168/0168239_search.png,391.0184,751.5777,391.1418240078547,751.5371458037301,0.1299158518042527,0.08930400467787394,-0.04061184712637875,0.21921692919012914,0.877490222454071,0.12342400785473728,-0.04055419626990897,hit,4.735935211181641,0.26306453347206116,0.0,10.0,False,1.1149,10.04592,125.16346,111.32139,97.297,6.975,,22.928,0.9791
141895,3215196280309490474,medium,images/00141/0141895_ref.png,images/00141/0141895_search.png,366.5547,781.3273,367.77129368536174,781.2541345186121,1.2187917717677332,0.4960251542916152,-0.722766617476118,0.8036973315183309,0.7003161907196045,1.2165936853617154,-0.07316548138794587,near-miss,5.453301429748535,0.3166765868663788,0.0,10.0,False,-2.4181,9.75076,114.3328,149.19782,55.623,5.274,210.336,,1.4363
192214,1184632330662677195,hard,images/00192/0192214_ref.png,images/00192/0192214_search.png,442.1472,262.7252,442.25999369465546,262.7632325996463,0.11903317264480642,0.1599276659069576,0.040894493262151166,0.0528649350696403,0.8922192454338074,0.11279369465546552,0.038032599646328435,hit,7.913629531860352,0.34044644236564636,0.0,10.0,False,-0.4193,9.92963,134.95545,117.28974,87.202,6.603,,15.005,0.4466
127775,989278464882788959,medium,images/00127/0127775_ref.png,images/00127/0127775_search.png,243.3589,346.73,243.26076334959254,346.7418113831396,0.09884488314964592,0.09253364182708355,-0.006311241322562361,0.12180028170396606,0.808734118938446,-0.09813665040746855,0.011811383139558984,hit,1.7100868225097656,0.19966547191143036,0.0,10.0,False,4.0551,10.17943,104.14446,100.63561,76.71,6.193,270.517,,0.4315
148491,1402416533725657747,easy,images/00148/0148491_ref.png,images/00148/0148491_search.png,498.8342,531.2536,499.1952451338118,531.2678204384813,0.3613250745793464,0.604253717340311,0.2429286427609646,0.4084230985794661,0.8011391162872314,0.3610451338117855,0.014220438481288511,hit,6.553180694580078,0.2912423312664032,0.0,10.0,False,0.1667,10.02701,112.68748,86.87565,24.474,3.498,418.18,,0.9207
33529,4547734780627003774,easy,images/00033/0033529_ref.png,images/00033/0033529_search.png,416.629,607.0748,416.40247080645065,607.0957071728437,0.22749194580566004,0.383243214392622,0.15575126858696195,0.48360048568069974,0.7374651432037354,-0.22652919354936785,0.020907172843749322,hit,7.245976448059082,0.35765793919563293,0.0,10.0,False,-0.0909,10.13768,109.16289,118.76251,31.309,3.957,346.387,,0.0804
31079,3954018898805587432,easy,images/00031/0031079_ref.png,images/00031/0031079_search.png,343.5046,156.0167,343.37220554100526,155.9278300661241,0.15945581808014975,0.508361807927998,0.34890598984784826,0.5945176071323602,0.8683965802192688,-0.13239445899472457,-0.08886993387588404,hit,2.949124336242676,0.20532871782779694,0.0,10.0,False,1.651,9.97164,181.55183,154.42126,47.988,4.898,398.538,,0.5009
9426,4446582137450220624,easy,images/00009/0009426_ref.png,images/00009/0009426_search.png,389.5204,371.8254,389.60266852891965,371.8151071178858,0.08290991661327819,0.3290989759930927,0.2461890593798145,0.2462112001674244,0.8099774122238159,0.08226852891965564,-0.010292882114185886,hit,2.4962587356567383,0.2389668971300125,0.0,10.0,False,-0.9315,10.06811,101.71384,76.1217,54.941,5.241,318.046,,0.3389
117806,3100442737054662658,easy,images/00117/0117806_ref.png,images/00117/0117806_search.png,166.8423,564.26,167.86240968153407,564.2609900695843,1.0201101619910198,0.6568485896051139,-0.36326157238590584,0.3830734136937269,0.8515918254852295,1.0201096815340804,0.000990069584304365,near-miss,4.7184600830078125,0.24850472807884216,0.0,10.0,False,-1.5491,9.9297,167.21987,138.19115,55.968,5.29,422.738,,0.6366
45618,345297257897818097,medium,images/00045/0045618_ref.png,images/00045/0045618_search.png,818.6213,471.1589,818.5916593237276,471.129931844635,0.04144543057003971,0.3521594383695256,0.31071400779948594,0.3917216372590151,0.6351631283760071,-0.029640676272379096,-0.028968155365021175,hit,1.2924919128417969,0.18680086731910706,0.0,10.0,False,2.7121,10.16559,79.51635,102.24522,27.095,3.681,296.478,,0.6259
25011,4491330302265995782,hard,images/00025/0025011_ref.png,images/00025/0025011_search.png,708.6997,392.6926,708.6719926370791,392.7074346051773,0.031428704567544506,0.7223152504365447,0.6908865458690001,0.730819947491787,0.779232919216156,-0.027707362920864398,0.014834605177270532,hit,6.364884376525879,0.2663764953613281,0.0,10.0,False,-0.1666,10.04029,95.7326,74.66882,50.163,5.008,,25.559,0.4787
75226,2400738229267028226,hard,images/00075/0075226_ref.png,images/00075/0075226_search.png,573.642,160.2585,573.6026454044284,160.31870550700384,0.07192695785448909,0.2691264178879913,0.1971994600335022,0.20105309546598976,0.8860982060432434,-0.03935459557169452,0.060205507003843195,hit,0.09599494934082031,0.04306013882160187,0.0,10.0,False,1.2874,10.06152,88.41223,70.65433,91.633,6.769,,15.408,0.3065
132730,2543297605049900451,easy,images/00132/0132730_ref.png,images/00132/0132730_search.png,410.1263,285.5842,410.0618644306341,285.5270527810669,0.08612634458338812,0.022287428804878256,-0.06383891577850986,0.0806258655995968,0.870602548122406,-0.06443556936591222,-0.057147218933096156,hit,7.011136054992676,0.4543386399745941,0.0,10.0,False,0.3312,9.9595,130.18103,112.0891,89.666,6.696,385.043,,0.2749
8558,1403605171800136423,hard,images/00008/0008558_ref.png,images/00008/0008558_search.png,107.5226,807.2335,107.42814919791567,807.2348627981147,0.09446063324514363,0.2776033483124341,0.18314271506729046,0.3698438054422455,0.8575404286384583,-0.09445080208432444,0.0013627981146555612,hit,5.647825241088867,0.23050276935100555,0.0,10.0,False,1.9218,10.0126,156.23064,163.69957,90.553,6.729,,31.113,1.266
37823,3170506017479736395,easy,images/00037/0037823_ref.png,images/00037/0037823_search.png,515.959,205.1823,516.9441498852188,205.21726007827777,0.9857700053359328,0.9597574842076442,-0.026012521128288668,0.704153320341877,0.7986524105072021,0.9851498852189025,0.03496007827777703,hit,6.470981597900391,0.32082611322402954,0.0,10.0,False,2.9615,9.99057,206.54705,159.62877,23.393,3.42,372.404,,1.0802
25259,4354199969359657033,easy,images/00025/0025259_ref.png,images/00025/0025259_search.png,448.6998,315.3523,448.5094934562624,315.426989104629,0.2044383597557387,0.2932986496727721,0.08886028991703337,0.12922264720417037,0.8777298927307129,-0.19030654373756306,0.07468910462898748,hit,2.17965030670166,0.24189011752605438,0.0,10.0,False,1.0661,9.98232,156.59107,123.53846,70.542,5.939,421.918,,1.0256
98408,659084240114198526,medium,images/00098/0098408_ref.png,images/00098/0098408_search.png,730.7512,673.5518,731.298277061827,673.5086747984532,0.5487741744886035,0.9467038929891217,0.39792971850051817,0.4120604651682438,0.8416596055030823,0.5470770618269398,-0.04312520154678623,hit,4.270272254943848,0.19135946035385132,0.0,10.0,False,-0.8186,10.05778,134.6707,151.83763,88.077,6.636,206.267,,0.8031
53554,172930106421760664,easy,images/00053/0053554_ref.png,images/00053/0053554_search.png,843.2367,481.6822,843.6268747178511,481.71163652853244,0.3912835540400618,0.7197506499671835,0.3284670959271217,0.3331726371255323,0.8940585255622864,0.3901747178510959,0.02943652853241474,hit,2.5003910064697266,0.30939480662345886,0.0,10.0,False,-1.2644,9.92194,174.91328,136.69341,55.051,5.246,342.832,,1.1166
41294,3343493933910435294,hard,images/00041/0041294_ref.png,images/00041/0041294_search.png,326.9056,300.8455,326.79699590231206,300.88392174211356,0.11520017492021886,0.32169614444367295,0.2064959695234541,0.3879359890719383,0.8406486511230469,-0.10860409768793033,0.03842174211354177,hit,1.4808483123779297,0.03737364709377289,0.0,10.0,False,-1.1201,9.98106,94.53957,79.63211,77.975,6.244,,25.959,0.2346
129052,2733308603468370994,easy,images/00129/0129052_ref.png,images/00129/0129052_search.png,818.3164,494.5877,818.4102169607074,494.60081197225986,0.09472880202406775,0.21300212068136326,0.11827331865729551,0.12583710098283687,0.7472778558731079,0.09381696070738599,0.013111972259878257,hit,6.391165733337402,0.37207499146461487,0.0,10.0,False,1.6681,10.04368,75.87779,90.54659,40.726,4.513,424.866,,0.6319
6312,3274313812285748030,easy,images/00006/0006312_ref.png,images/00006/0006312_search.png,846.9428,412.3367,847.1914040154483,412.45712778684396,0.2762368699886229,0.4341288687660222,0.1578919987773993,0.2768955242934514,0.8453402519226074,0.24860401544822253,0.12042778684394762,hit,4.093520164489746,0.252566933631897,0.0,10.0,False,-2.2881,9.98941,168.45098,161.52264,25.015,3.537,360.196,,0.9258
28024,3901858231501365366,easy,images/00028/0028024_ref.png,images/00028/0028024_search.png,474.2227,409.2617,474.66594110636123,409.25131330773354,0.4433627879565323,0.08085798077707218,-0.3625048071794601,0.474225346472684,0.8494141101837158,0.44324110636125624,-0.010386692266479258,hit,0.7993583679199219,0.07628823071718216,0.0,10.0,False,-1.2118,10.05356,189.59138,152.5507,55.037,5.246,324.397,,0.4993
122796,654850465848057922,easy,images/00122/0122796_ref.png,images/00122/0122796_search.png,545.7959,450.9781,545.9369285521877,451.0052209048654,0.14361265965400988,0.3789078357248627,0.23529517607085282,0.3213887884235085,0.9067931771278381,0.14102855218777677,0.027120904865398643,hit,4.703185081481934,0.2999235689640045,0.0,10.0,False,0.6162,9.991,186.75809,164.66703,65.674,5.73,312.012,,0.6364
11380,1102717129970623629,easy,images/00011/0011380_ref.png,images/00011/0011380_search.png,662.8096,248.9875,662.3866706923744,248.9511210685045,0.42449101981719617,0.3859860110332963,-0.0385050087838999,0.5104268373555285,0.7906423211097717,-0.42292930762562264,-0.03637893149550564,hit,7.082853317260742,0.3761446177959442,0.0,10.0,False,-1.3531,9.99933,101.30546,79.08714,74.586,6.107,400.325,,0.5858
38328,1294633073642934289,hard,images/00038/0038328_ref.png,images/00038/0038328_search.png,657.8394,199.1975,658.5028056841826,199.09358370314928,0.6714951217670874,1.2901423178559375,0.6186471960888501,1.155984251404965,0.7225877642631531,0.663405684182635,-0.1039162968507128,hit,1.0008125305175781,0.06595107167959213,0.0,10.0,False,0.5855,9.79768,86.90977,72.71609,87.441,6.612,,21.89,0.9615
104990,4078674484161459203,easy,images/00104/0104990_ref.png,images/00104/0104990_search.png,358.2926,556.1904,357.9836710104145,556.2614309015254,0.3169897625757237,0.6716726513288426,0.3546828887531189,0.391117880000534,0.6501370072364807,-0.30892898958546766,0.07103090152543245,hit,6.066084861755371,0.3569929599761963,0.0,10.0,False,-0.2979,9.87689,88.19718,84.81442,39.215,4.428,338.654,,0.8322
197450,2881173865312749091,hard,images/00197/0197450_ref.png,images/00197/0197450_search.png,292.3147,821.6093,292.2945619189267,821.5292603487916,0.08253416307732205,0.24498671967707125,0.16245255659974922,0.32548583662955494,0.9025182127952576,-0.02013808107329851,-0.08003965120838075,hit,2.856175422668457,0.3306431174278259,0.0,10.0,False,0.4555,10.04696,140.01576,162.02568,80.834,6.357,,27.438,1.0077
108249,1106659501292561591,easy,images/00108/0108249_ref.png,images/00108/0108249_search.png,157.448,565.0383,157.46378869571888,565.0479711242562,0.018515225002142234,0.41857943374040585,0.4000642087382636,0.4031374051378425,0.7925403714179993,0.015788695718867984,0.009671124256101393,hit,4.433319091796875,0.39728766679763794,0.0,10.0,False,0.4146,9.98003,168.70359,143.02204,28.884,3.8,378.682,,0.5041
90741,370078128830319725,medium,images/00090/0090741_ref.png,images/00090/0090741_search.png,815.0254,625.8041,815.1304236798806,625.9046547424025,0.1454002391858338,0.21637372384488335,0.07097348465904954,0.1196689605905096,0.8146130442619324,0.10502367988055994,0.1005547424025508,hit,5.280016899108887,0.37603315711021423,0.0,10.0,False,0.3837,10.03034,72.36572,73.32596,37.342,4.321,296.459,,0.6027
195182,3015736526799334532,hard,images/00195/0195182_ref.png,images/00195/0195182_search.png,333.5627,491.4972,333.58997884001036,491.46306670721987,0.04369458534333768,0.21178871288027906,0.1680941275369414,0.16956349648324642,0.8294956684112549,0.027278840010353633,-0.034133292780154534,hit,6.127449989318848,0.2765170633792877,0.0,10.0,False,-0.9249,9.93243,153.82167,139.59099,36.587,4.277,,16.84,0.9931
5204,3857811181595530866,medium,images/00005/0005204_ref.png,images/00005/0005204_search.png,399.1015,428.1884,398.16359961630263,428.2130328505633,0.9382238043593425,0.7916228043286498,-0.14660100003069265,0.47898161392879796,0.7685570120811462,-0.9379003836973538,0.02463285056330733,hit,3.593301773071289,0.25921180844306946,0.0,10.0,False,-0.994,9.963,95.15983,73.87406,51.459,5.072,218.035,,1.7824
9135,2648129181359204494,easy,images/00009/0009135_ref.png,images/00009/0009135_search.png,274.8963,507.2762,275.0410254028806,507.42131781320376,0.20495029140743984,0.22671944596399984,0.021769154556560005,0.3979040574928558,0.8897954821586609,0.1447254028806242,0.14511781320373984,hit,4.11033821105957,0.27119898796081543,0.0,10.0,False,-2.0714,9.95867,137.63129,110.00125,107.931,7.346,327.292,,0.5082
80554,801945860407622277,hard,images/00080/0080554_ref.png,images/00080/0080554_search.png,238.838,861.809,238.4216055770448,861.691984360911,0.4325239591740512,1.1015268082354943,0.6690028490614431,0.9273562348973815,0.6887871026992798,-0.416394422955193,-0.11701563908900425,hit,5.46624755859375,0.31178513169288635,0.0,10.0,False,-2.0793,10.00033,89.07376,73.84355,25.646,3.581,,26.883,1.0508
124021,1857710938139062798,easy,images/00124/0124021_ref.png,images/00124/0124021_search.png,837.8644,594.9158,837.9666215388612,594.7997025903338,0.15468630042229747,0.18568223678683035,0.030995936364532878,0.1449797174078263,0.8977489471435547,0.10222153886115848,-0.11609740966616755,hit,6.571305274963379,0.410386860370636,0.0,10.0,False,1.7722,10.01168,122.19973,91.67937,81.537,6.385,338.088,,0.3042
11209,3492720203053319621,hard,images/00011/0011209_ref.png,images/00011/0011209_search.png,869.8425,768.7984,870.555228207305,768.7441148275307,0.7147925415379871,0.35275800200315915,-0.36203453953482795,0.36464412653641576,0.7906053066253662,0.7127282073050765,-0.05428517246934916,hit,9.333600044250488,0.4975203573703766,0.0,10.0,False,-0.6986,9.98326,102.44771,84.89363,63.566,5.638,,29.679,0.7881
82186,1448713757401635219,medium,images/00082/0082186_ref.png,images/00082/0082186_search.png,187.9438,620.9906,188.00606066558808,620.9608170045898,0.06901751440810323,0.1248907084392444,0.05587319403114116,0.06865239652978546,0.8918800950050354,0.062260665588070196,-0.02978299541018714,hit,6.260067939758301,0.32864049077033997,0.0,10.0,False,0.0253,10.01931,113.43149,125.8675,70.285,5.928,293.219,,0.1154
189327,2147451550374930918,hard,images/00189/0189327_ref.png,images/00189/0189327_search.png,853.5946,502.0488,408.26441041826183,178.63789341055295,550.3758645270657,552.2169131909657,1.8410486638999828,2.3450054030825234,0.6285372972488403,-445.3301895817382,-323.4109065894471,gross-miss,0.3444080352783203,0.0028031182009726763,0.0,10.0,False,1.4782,10.01862,91.66196,107.45944,27.669,3.719,,33.053,0.663
183217,2857512525786540722,hard,images/00183/0183217_ref.png,images/00183/0183217_search.png,357.7151,483.369,358.2557819543195,483.3565647686505,0.5408249353584439,0.47003669773880047,-0.07078823761964342,0.39296795830900044,0.8643356561660767,0.5406819543194956,-0.012435231349513742,hit,6.7525739669799805,0.30929574370384216,0.0,10.0,False,1.5616,10.03563,108.58233,101.08759,67.534,5.811,,30.538,1.0327
105524,2354785487693911870,hard,images/00105/0105524_ref.png,images/00105/0105524_search.png,718.8509,401.7933,718.1899979400449,401.81936436386104,0.6614158177095433,0.72292568259358,0.06150986488403676,0.08228847734290803,0.8408250212669373,-0.6609020599551059,0.026064363861053153,hit,5.300294876098633,0.4019719958305359,0.0,10.0,False,-1.0445,9.97104,111.58451,133.04161,50.125,5.006,,22.241,0.4846
40030,583428525145446021,easy,images/00040/0040030_ref.png,images/00040/0040030_search.png,683.1138,886.6226,682.9485977177243,886.5637361841776,0.1753760042944006,0.8863603251354518,0.7109843208410512,0.7217404229879375,0.6792294383049011,-0.16520228227568623,-0.05886381582240574,hit,4.065954208374023,0.2950182259082794,0.0,10.0,False,3.9311,10.04181,105.81549,114.97116,28.692,3.788,405.251,,0.705
128650,4371537766042696425,medium,images/00128/0128650_ref.png,images/00128/0128650_search.png,631.9918,598.3901,632.155224250289,598.514418908974,0.2053355222825039,0.3084159895165716,0.10308046723406772,0.13458826358440476,0.8397695422172546,0.16342425028904017,0.12431890897403264,hit,4.172579765319824,0.3315674066543579,0.0,10.0,False,-0.4595,9.91056,124.67923,104.36939,103.453,7.192,294.687,,0.3783
95076,1849772107848770780,medium,images/00095/0095076_ref.png,images/00095/0095076_search.png,724.7021,334.8397,724.2436681190832,334.94132082966445,0.4695599881406125,0.5031720565098845,0.033612068369272,0.9095767018036115,0.7439309358596802,-0.4584318809168053,0.10162082966445496,hit,6.4246368408203125,0.3141117990016937,0.0,10.0,False,1.0653,10.02951,136.83274,168.32738,22.596,3.361,261.083,,0.9224
95309,1174558354934900952,medium,images/00095/0095309_ref.png,images/00095/0095309_search.png,370.7067,882.6515,371.9650567810461,882.529637121386,1.2642437856634834,1.0643299351952542,-0.19991385046822918,0.2541152594142877,0.6796860098838806,1.258356781046075,-0.12186287861402434,near-miss,5.010479927062988,0.23281465470790863,0.0,10.0,False,-0.4032,10.02832,138.61216,109.63902,27.41,3.702,249.657,,2.0166
5526,255588715250388358,medium,images/00005/0005526_ref.png,images/00005/0005526_search.png,755.0721,733.7893,754.5896053667085,733.8343309723497,0.48459143577433894,0.2793110514705643,-0.20528038430377465,0.6274727506121962,0.8535565733909607,-0.48249463329148057,0.045030972349650256,hit,5.688560485839844,0.3291911482810974,0.0,10.0,False,0.9368,10.04972,163.49831,133.62204,35.946,4.239,279.522,,0.6414
140750,1960075189352490469,hard,images/00140/0140750_ref.png,images/00140/0140750_search.png,469.5319,533.2239,468.71558945488493,533.0572762014941,0.8331424825890116,1.5276946479939335,0.6945521654049219,0.6987469386339468,0.7712990641593933,-0.8163105451150727,-0.16662379850583875,hit,5.92397403717041,0.29575809836387634,0.0,10.0,False,0.9518,9.86509,117.98779,152.94357,87.685,6.621,,27.908,1.1529
55898,3125829277164715633,hard,images/00055/0055898_ref.png,images/00055/0055898_search.png,631.9542,605.1448,632.4025137321321,605.2229974227264,0.4550824533414117,0.512242853974153,0.05716040063274136,0.49258780408649855,0.6201375126838684,0.44831373213207826,0.07819742272636176,hit,5.193259239196777,0.3298409581184387,0.0,10.0,False,0.8187,9.92247,103.81516,135.9366,27.782,3.727,,18.633,0.9893
87689,3281101063775614057,medium,images/00087/0087689_ref.png,images/00087/0087689_search.png,859.8184,716.9579,859.6697268091364,717.032760943544,0.16645683689733903,0.5301299775181456,0.3636731406208066,0.5057509750080017,0.7639151811599731,-0.14867319086363295,0.07486094354396755,hit,6.681736946105957,0.31448477506637573,0.0,10.0,False,3.3509,10.07522,107.63497,134.09453,50.446,5.022,204.562,,0.2479
67980,445063571663699608,medium,images/00067/0067980_ref.png,images/00067/0067980_search.png,681.7676,152.1861,682.0319826689306,152.21675712763212,0.2661541942286615,0.22397453322302646,-0.04217966100563503,0.4900060331839367,0.7760915756225586,0.2643826689305797,0.030657127632110814,hit,3.958468437194824,0.32723286747932434,0.0,10.0,False,-0.1709,9.87899,70.63438,78.47791,97.957,6.998,287.553,,0.0151
89760,2309109088668790356,easy,images/00089/0089760_ref.png,images/00089/0089760_search.png,551.4647,516.0823,551.3355053196245,516.1002970408103,0.1304421669370993,0.3449479826420984,0.2145058157049991,0.21668864788034137,0.8693812489509583,-0.12919468037546267,0.017997040810314502,hit,5.222400665283203,0.27836641669273376,0.0,10.0,False,-1.0844,10.01293,59.9759,72.6464,40.174,4.482,353.36,,0.7336
70689,1377318859842109507,easy,images/00070/0070689_ref.png,images/00070/0070689_search.png,176.0009,476.5171,176.26186515418632,476.32193351711106,0.32587231815964346,0.14254779744183535,-0.1833245207178081,0.46690241076884964,0.8524917960166931,0.26096515418632293,-0.19516648288896477,hit,7.02589225769043,0.2802284061908722,0.0,10.0,False,-1.1927,10.15248,146.93544,166.94418,86.528,6.578,377.991,,0.5182
97049,2418635335030888230,medium,images/00097/0097049_ref.png,images/00097/0097049_search.png,469.9086,392.7598,469.98116454725607,392.7798308050227,0.0752784608526216,0.6127961823978746,0.537517721545253,0.5574934640403484,0.7514337301254272,0.07256454725609274,0.020030805022713594,hit,3.5590085983276367,0.2976045608520508,0.0,10.0,False,-3.3807,9.96634,107.08156,79.7906,23.565,3.433,239.516,,0.7358
145030,2849771866593548517,medium,images/00145/0145030_ref.png,images/00145/0145030_search.png,572.203,505.7729,572.699870908099,505.73245531164764,0.49851426472175314,0.4864557895025504,-0.012058475219202724,0.4248039519587595,0.889140784740448,0.49687090809902656,-0.04044468835235193,hit,6.860903739929199,0.41669198870658875,0.0,10.0,False,0.1694,10.06412,128.31261,98.58168,104.985,7.245,273.338,,0.3542
34133,3336775154731976587,easy,images/00034/0034133_ref.png,images/00034/0034133_search.png,304.1737,490.5977,302.97147976022217,490.6920794575726,1.205919146105231,0.8906822045956634,-0.3152369415095676,0.4831163836345103,0.8530665040016174,-1.20222023977783,0.09437945757264288,near-miss,6.58696174621582,0.2673993408679962,0.0,10.0,False,-0.1587,9.90171,144.92205,118.43518,54.968,5.243,355.8,,1.1368
186805,3547097107059151537,hard,images/00186/0186805_ref.png,images/00186/0186805_search.png,573.6379,862.5392,573.2349387687145,862.3821535507939,0.4324827639656033,0.48131023418292185,0.048827470217318536,0.8879407484519851,0.7930358052253723,-0.40296123128541694,-0.15704644920617739,hit,0.7832126617431641,0.08317594975233078,0.0,10.0,False,0.6319,10.03887,122.50796,116.47939,29.016,3.809,,18.776,0.7176
181558,313488754479166625,hard,images/00181/0181558_ref.png,images/00181/0181558_search.png,489.9088,613.7444,489.54085045427206,613.7721406281327,0.36899378131694616,0.5109364061033164,0.1419426247863702,0.14194381677532092,0.6436609029769897,-0.3679495457279245,0.02774062813261935,hit,0.9328165054321289,0.04113689810037613,0.0,10.0,False,1.298,9.9409,69.44876,86.68578,35.42,4.208,,14.541,0.4797
37698,2476538599570389521,medium,images/00037/0037698_ref.png,images/00037/0037698_search.png,363.2362,322.5398,363.1143685819245,322.5208269279555,0.12329992657374164,0.24151836787055103,0.11821844129680939,0.2481205697037269,0.8550936579704285,-0.12183141807548736,-0.018973072044502715,hit,3.7105226516723633,0.3233599364757538,0.0,10.0,False,0.7944,10.03436,83.55978,74.56738,74.2,6.091,286.776,,0.2478
125720,2717392265649273553,medium,images/00125/0125720_ref.png,images/00125/0125720_search.png,598.4483,302.8121,599.2422417191219,302.8363199500832,0.7943110595631134,0.994930214890288,0.20061915532717456,0.3434032042236964,0.8921658396720886,0.7939417191219036,0.024219950083192998,hit,4.711387634277344,0.1882452666759491,0.0,10.0,False,-1.3508,10.01042,145.13652,164.8486,32.753,4.047,230.092,,0.9769
60951,280786075885307550,medium,images/00060/0060951_ref.png,images/00060/0060951_search.png,481.1655,764.359,481.21952597613534,764.5035275118851,0.15429519690856694,0.12152018843555841,-0.03277500847300853,0.05478342953883224,0.8779743313789368,0.05402597613533544,0.14452751188503044,hit,4.051799774169922,0.44017016887664795,0.0,10.0,False,1.6488,9.97822,117.00174,101.4558,108.283,7.358,195.552,,0.1718
102543,2515677082534954577,medium,images/00102/0102543_ref.png,images/00102/0102543_search.png,233.9526,473.0019,233.71715734289896,473.35604164314543,0.4252640922915501,0.48430338024988906,0.05903928795833896,0.3115696705267767,0.817231297492981,-0.23544265710103218,0.3541416431454536,hit,0.9609050750732422,0.1468484103679657,0.0,10.0,False,-1.6947,9.79542,139.6224,128.94673,71.966,5.999,271.058,,0.3453
4415,3370491750900635796,medium,images/00004/0004415_ref.png,images/00004/0004415_search.png,392.8651,220.7319,392.44227534354735,220.70372600122505,0.4237622733458676,0.6551719069240187,0.23140963357815114,0.4305267864380618,0.8950260877609253,-0.422824656452633,-0.028173998774946085,hit,3.42471981048584,0.27725476026535034,0.0,10.0,False,-0.9181,10.04025,139.58774,136.01784,83.731,6.47,263.416,,0.6706
26236,229658304025270529,easy,images/00026/0026236_ref.png,images/00026/0026236_search.png,723.4493,283.0572,723.5879210110947,283.0372207567887,0.14005340008807038,0.4547140083482243,0.3146606082601539,0.31877414903111373,0.9520775079727173,0.13862101109475589,-0.01997924321130995,hit,4.7900896072387695,0.23797453939914703,0.0,10.0,False,-1.6123,10.0781,145.59473,129.35497,104.531,7.229,320.874,,0.4467
118231,136281453137113630,easy,images/00118/0118231_ref.png,images/00118/0118231_search.png,331.4913,833.1695,331.72742611306495,833.1163297109766,0.24203846988852062,0.14619740418115085,-0.09584106570736978,0.11169432419005011,0.8613056540489197,0.2361261130649268,-0.053170289023341866,hit,3.8133249282836914,0.3018638789653778,0.0,10.0,False,-1.1291,10.14785,139.63213,133.01341,34.425,4.149,382.278,,0.9183
182034,3533569145228185344,hard,images/00182/0182034_ref.png,images/00182/0182034_search.png,806.1509,534.4481,807.0216704437144,534.5068273386432,0.8727485697213467,0.8821255665589623,0.009376996837615614,0.41995539392017145,0.8153200149536133,0.8707704437143775,0.058727338643279836,hit,0.3412322998046875,0.016525961458683014,0.0,10.0,False,-0.1263,9.79359,192.95819,151.35568,43.585,4.668,,30.597,0.5632
163568,1781970534863975381,hard,images/00163/0163568_ref.png,images/00163/0163568_search.png,579.2214,850.0242,237.69906866707112,150.3039096118828,778.6179984947111,777.7946910908569,-0.8233074038541872,0.8689792737296566,0.7430895566940308,-341.5223313329289,-699.7202903881172,periodic-lock,1.3546781539916992,0.03630581125617027,0.0,10.0,False,-1.1663,10.04291,171.35668,163.63556,50.514,5.026,,23.037,0.8434
83922,245801337878765825,easy,images/00083/0083922_ref.png,images/00083/0083922_search.png,790.4521,133.211,790.6032175237228,132.75810905461458,0.4774376549752242,0.5307809553737753,0.05334330039855112,0.5540819229657107,0.7305217981338501,0.15111752372285991,-0.45289094538543395,hit,2.2112083435058594,0.2982182204723358,0.0,10.0,False,1.638,10.02659,125.3772,102.32877,30.198,3.886,365.894,,0.1452
7712,4606873937004627752,hard,images/00007/0007712_ref.png,images/00007/0007712_search.png,632.8451,810.2928,632.8839786088306,810.1468733984682,0.15101695023818923,0.4550026415829858,0.3039856913447966,0.30622808331204926,0.8390211462974548,0.03887860883060057,-0.14592660153186898,hit,3.3604726791381836,0.18963515758514404,0.0,10.0,False,-1.2258,10.13649,161.27543,167.02062,30.854,3.928,,32.849,1.1051
104415,2645477907420933335,easy,images/00104/0104415_ref.png,images/00104/0104415_search.png,155.0878,468.153,155.01162115938618,468.0347286595675,0.14068164672395636,0.1829349814783783,0.042253334754421945,0.21817778585109546,0.9085203409194946,-0.07617884061380664,-0.11827134043249998,hit,7.422207832336426,0.2878352105617523,0.0,10.0,False,2.0729,9.97337,149.92347,135.89563,51.079,5.054,351.013,,0.2819
34124,1322263806847970457,medium,images/00034/0034124_ref.png,images/00034/0034124_search.png,616.3429,859.0957,616.4834437273375,859.1727050113633,0.16025701566234127,0.5122758344434523,0.35201881878111096,0.6581298152670357,0.8055598735809326,0.14054372733755827,0.07700501136332605,hit,5.826359748840332,0.22841297090053558,0.0,10.0,False,-1.4146,10.17298,155.8143,160.32204,106.667,7.303,198.247,,0.2722
72124,9065991661674940,hard,images/00072/0072124_ref.png,images/00072/0072124_search.png,486.6769,282.0588,485.9784370562824,281.9751364880582,0.7034558031440631,0.5496894851673881,-0.15376631797667495,0.17207404948721822,0.8529813885688782,-0.6984629437175727,-0.08366351194183608,hit,1.279850959777832,0.04227917268872261,0.0,10.0,False,1.3856,10.10413,189.89225,154.50343,43.644,4.671,,30.739,0.7539
14233,617703438407029360,easy,images/00014/0014233_ref.png,images/00014/0014233_search.png,857.2054,274.08,857.1078620120005,274.0543458011702,0.10085532718006202,0.3456461470640592,0.2447908198839972,0.31854242374182984,0.8537353873252869,-0.09753798799954438,-0.025654198829784036,hit,7.960171699523926,0.47403934597969055,0.0,10.0,False,-0.5182,10.22844,120.4971,100.14922,75.937,6.162,379.677,,0.5052
146821,913090662689075704,medium,images/00146/0146821_ref.png,images/00146/0146821_search.png,508.6373,499.6476,508.88216822825706,499.5615326420255,0.2595535384433672,0.2405459247895105,-0.019007613653856698,0.22958167002165014,0.8465416431427002,0.24486822825707577,-0.08606735797451393,hit,6.846857070922852,0.3050742447376251,0.0,10.0,False,0.2233,9.91031,161.80304,164.03588,22.468,3.352,236.807,,0.1011
141637,532451372234710539,medium,images/00141/0141637_ref.png,images/00141/0141637_search.png,544.8391,656.091,544.9724551795139,656.0561942175731,0.13782251773030313,0.234630114923053,0.09680759719274987,0.15677248836343077,0.830327570438385,0.1333551795138419,-0.034805782426929,hit,4.545103073120117,0.31672900915145874,0.0,10.0,False,2.0236,9.97507,144.63678,151.77011,81.089,6.367,186.456,,0.5197
97115,4412072416703923977,easy,images/00097/0097115_ref.png,images/00097/0097115_search.png,751.3459,301.9085,751.2109083451362,301.79628038463284,0.17554483460366704,0.3892098745424182,0.21366503993875113,0.4509241427202995,0.7992292046546936,-0.1349916548638248,-0.11221961536716663,hit,4.902730941772461,0.243984192609787,0.0,10.0,False,2.5501,10.11594,129.25776,154.61522,26.724,3.655,335.073,,0.2102
23112,703148860369926022,hard,images/00023/0023112_ref.png,images/00023/0023112_search.png,302.9406,585.3813,301.4965550203632,585.2736778296556,1.4480498730237026,1.5021238811622624,0.05407400813855978,0.305513773576016,0.549447238445282,-1.4440449796368284,-0.10762217034437072,near-miss,1.3064212799072266,0.1906583458185196,0.0,10.0,False,-1.5409,10.03922,82.99997,73.09162,82.984,6.441,,25.867,1.4269
173987,1691157737656002763,hard,images/00173/0173987_ref.png,images/00173/0173987_search.png,123.4902,701.0433,125.21023497268061,701.0952607686474,1.7208196386381722,1.9848914101034318,0.2640717714652596,0.49219634910456894,0.6421439051628113,1.7200349726806081,0.05196076864740462,near-miss,1.9810371398925781,0.07337972521781921,0.0,10.0,False,-0.9126,10.11521,74.47916,87.11008,29.89,3.866,,16.412,1.1245
105992,1565546745773418141,easy,images/00105/0105992_ref.png,images/00105/0105992_search.png,109.7372,222.2952,108.6953124970393,221.94140844624292,1.1003172416787532,0.9297079508743362,-0.170609290804417,0.18769663329364142,0.8730320334434509,-1.041887502960705,-0.3537915537570768,near-miss,7.681718826293945,0.35740765929222107,0.0,10.0,False,-0.4792,10.12124,134.3971,163.00653,51.851,5.092,401.433,,1.6148
62163,1865693985854969205,easy,images/00062/0062163_ref.png,images/00062/0062163_search.png,292.4644,430.4334,291.79092986095094,430.52913370033224,0.680240376315666,0.5089528403999506,-0.17128753591571544,0.31465404724476065,0.8773720264434814,-0.6734701390490727,0.09573370033223227,hit,2.8163719177246094,0.21748962998390198,0.0,10.0,False,0.3801,10.13578,206.75026,167.56818,60.889,5.518,327.712,,1.1409
158143,2010563157666481846,hard,images/00158/0158143_ref.png,images/00158/0158143_search.png,156.6092,583.1108,156.448471809626,583.1513092430949,0.1657544869890968,0.7331216602000546,0.5673671732109579,0.7150852243273669,0.6308459639549255,-0.16072819037398745,0.04050924309490256,hit,5.257596969604492,0.20575694739818573,0.0,10.0,False,-1.6301,10.26592,85.37991,80.77702,32.637,4.04,,31.772,0.6915
54925,2005327486413048989,easy,images/00054/0054925_ref.png,images/00054/0054925_search.png,508.5252,816.492,509.0484482095444,816.5157385851867,0.5237864156486957,0.22094203824182054,-0.3028443774068751,0.6742742149360309,0.7526063919067383,0.5232482095444198,0.02373858518672023,hit,6.742883682250977,0.392669677734375,0.0,10.0,False,-1.0095,10.02842,106.64203,109.42462,34.399,4.147,409.548,,1.426
109630,1035497036863541999,easy,images/00109/0109630_ref.png,images/00109/0109630_search.png,759.135,595.5694,758.755320869318,595.6179440371297,0.382769860120022,0.32665896150556273,-0.05611089861445928,0.15159073877384377,0.8202630281448364,-0.37967913068200687,0.04854403712977273,hit,8.52830982208252,0.3073480427265167,0.0,10.0,False,2.9125,9.9273,87.45308,89.30854,34.819,4.172,406.492,,1.3573
52108,1777857879037443545,easy,images/00052/0052108_ref.png,images/00052/0052108_search.png,235.1052,707.4968,235.30547094151007,707.6556118814572,0.25559668171807515,0.4997406466933652,0.24414396497529006,0.6421709097300151,0.8113510608673096,0.20027094151006963,0.1588118814571544,hit,5.513100624084473,0.27494728565216064,0.0,10.0,False,-0.7507,10.04055,167.66877,150.96953,68.935,5.871,344.11,,0.9147
146940,1933928158635379554,medium,images/00146/0146940_ref.png,images/00146/0146940_search.png,230.6452,513.7469,230.69593439094467,513.6980893252023,0.07040213348138889,0.35102056988328545,0.28061843640189654,0.3961107079234529,0.8960246443748474,0.05073439094468313,-0.04881067479766443,hit,7.016397476196289,0.3516421318054199,0.0,10.0,False,1.722,9.79125,170.27432,136.72599,66.725,5.776,210.127,,1.0352
107299,3877634228087596891,medium,images/00107/0107299_ref.png,images/00107/0107299_search.png,830.9552,224.5906,830.9892838275254,224.58408334292864,0.03470121205612977,0.49191078135915656,0.4572095693030268,0.5265084531782817,0.8420149683952332,0.03408382752536454,-0.0065166570713586225,hit,6.07293701171875,0.32119742035865784,0.0,10.0,False,2.3253,10.03916,140.02363,145.28433,66.672,5.774,240.903,,0.2067
138068,2853017297223663660,easy,images/00138/0138068_ref.png,images/00138/0138068_search.png,213.1113,861.1392,212.80636495400768,861.2548801820803,0.32613998037727704,0.23856279682013226,-0.08757718355714478,0.17672199358352608,0.8512121438980103,-0.30493504599232324,0.11568018208038211,hit,5.881527900695801,0.4507990777492523,0.0,10.0,False,-0.6732,10.04242,80.17687,81.16366,87.494,6.614,361.512,,1.0371
20205,226376925198510386,easy,images/00020/0020205_ref.png,images/00020/0020205_search.png,595.7284,710.6102,595.5895106845913,710.6413739616816,0.14234485526916668,0.45311072113974576,0.3107658658705791,0.4823256720060658,0.9027144908905029,-0.13888931540861904,0.03117396168158848,hit,7.630194664001465,0.24339659512043,0.0,10.0,False,1.7923,10.05521,164.41658,146.4602,94.21,6.863,322.343,,0.7822
17432,2506240049673693599,easy,images/00017/0017432_ref.png,images/00017/0017432_search.png,146.8967,359.7257,147.14843102803678,359.6313651716666,0.26882628277969906,0.6550866436945851,0.3862603609148861,0.4271972763423146,0.8417803049087524,0.2517310280367724,-0.09433482833344442,hit,7.680825233459473,0.2080967128276825,0.0,10.0,False,-0.3766,10.03044,142.3722,161.56788,78.651,6.271,410.938,,0.4798
98083,2923084981229922184,easy,images/00098/0098083_ref.png,images/00098/0098083_search.png,622.7368,796.6025,622.8320006054358,796.9158003147194,0.3274450220703166,0.7462319406899419,0.4187869186196253,0.9701623958904676,0.8391982316970825,0.09520060543582076,0.3133003147194131,hit,7.344295501708984,0.25004374980926514,0.0,10.0,False,-2.2243,10.02688,117.56539,93.03781,69.335,5.888,409.6,,0.5298
171738,3161577405277997885,hard,images/00171/0171738_ref.png,images/00171/0171738_search.png,273.9796,840.3034,273.9954269378146,840.3280048623925,0.029255618502110545,0.6159807445914847,0.5867251260893741,0.6450445032658754,0.8005533814430237,0.015826937814608755,0.024604862392493487,hit,6.413541793823242,0.3131963014602661,0.0,10.0,False,1.7981,10.0092,87.40728,114.99195,30.637,3.914,,19.681,1.6514
136568,1430848564968589705,easy,images/00136/0136568_ref.png,images/00136/0136568_search.png,796.3344,339.0765,797.0212018860748,339.05828240816055,0.6870434566811304,0.4301678339029649,-0.2568756227781655,0.3404124009302527,0.8537613153457642,0.686801886074818,-0.018217591839459146,hit,5.271535873413086,0.3048074245452881,0.0,10.0,False,1.2857,10.15872,145.89476,167.01268,74.603,6.107,307.156,,0.9643
45531,3688007278952101630,medium,images/00045/0045531_ref.png,images/00045/0045531_search.png,525.6461,793.0933,525.3994909565636,793.1529399320198,0.2537182330775166,0.25125241040118695,-0.0024658226763296653,0.39066197824826265,0.7802566289901733,-0.24660904343647871,0.059639932019763364,hit,6.924141883850098,0.5040842294692993,0.0,10.0,False,-0.5337,10.12154,90.73221,92.20681,56.325,5.307,251.382,,1.0923
67026,891501480351727423,easy,images/00067/0067026_ref.png,images/00067/0067026_search.png,577.1705,820.9979,577.5797214483986,821.0009327045796,0.4092326857993334,0.6095996839007413,0.20036699810140784,0.21598232146424484,0.7644094824790955,0.4092214483986254,0.003032704579595702,hit,7.41817569732666,0.48612087965011597,0.0,10.0,False,0.5857,9.9708,92.91947,74.19569,80.456,6.343,316.276,,0.8499
71716,4235263347618004546,easy,images/00071/0071716_ref.png,images/00071/0071716_search.png,727.579,544.1826,727.29597895437,544.1647862610928,0.28358110226767347,0.6428803945177797,0.3592992922501062,0.7562340960322764,0.6186766028404236,-0.28302104562999375,-0.01781373890719351,hit,8.120368957519531,0.29947948455810547,0.0,10.0,False,0.3168,9.74646,89.98283,96.60992,54.549,5.222,401.943,,1.2797
52888,553057051172886818,easy,images/00052/0052888_ref.png,images/00052/0052888_search.png,852.9473,117.3412,853.283703601859,117.34619563903603,0.33644069277220595,0.4761146741847315,0.13967398141252557,0.22641605222553807,0.8777914643287659,0.33640360185893314,0.004995639036025068,hit,8.315851211547852,0.4342446029186249,0.0,10.0,False,-0.7297,9.95233,109.7577,83.46301,87.249,6.605,342.761,,0.3527
117512,4010913533467274596,easy,images/00117/0117512_ref.png,images/00117/0117512_search.png,822.5337,656.8386,821.3942277118089,656.795739536663,1.1402780866406672,0.4397217820490705,-0.7005563045915968,0.9423394441203525,0.7824485898017883,-1.1394722881910866,-0.04286046333709237,near-miss,6.501910209655762,0.38637301325798035,0.0,10.0,False,-0.0546,9.88928,140.23841,139.31054,35.247,4.198,399.999,,1.2627
134733,90334878939866467,hard,images/00134/0134733_ref.png,images/00134/0134733_search.png,123.2983,622.0234,122.77959139768818,621.8460954782312,0.5481747053193575,0.11081634745327268,-0.43735835786608485,0.6135058790271961,0.8583102226257324,-0.5187086023118184,-0.17730452176886047,hit,2.608793258666992,0.2655448317527771,0.0,10.0,False,-2.7912,9.99135,172.76454,161.10067,64.943,5.698,,30.328,0.7956
104066,445452806261496122,medium,images/00104/0104066_ref.png,images/00104/0104066_search.png,526.0807,530.018,526.1344985356953,529.9872356486767,0.06197360531154654,0.7239530153701295,0.661979410058583,0.77742459709706,0.8721258640289307,0.05379853569536408,-0.030764351323341543,hit,3.7302303314208984,0.33575865626335144,0.0,10.0,False,-1.0823,10.06444,135.13396,165.82634,75.181,6.131,268.497,,0.5085
90962,4412742835893961861,medium,images/00090/0090962_ref.png,images/00090/0090962_search.png,368.2738,722.2547,368.464152426354,722.4189090501403,0.2513934334203318,0.2858093129441079,0.03441587952377606,0.059348831646765285,0.7590146064758301,0.19035242635402483,0.16420905014035725,hit,4.965829849243164,0.3465891480445862,0.0,10.0,False,3.3494,10.12591,131.86212,129.3411,31.511,3.969,278.27,,1.1263
102005,2936985020978219125,hard,images/00102/0102005_ref.png,images/00102/0102005_search.png,721.9623,481.8441,722.0719714925692,482.204025333639,0.37626331481751896,0.34906339448176005,-0.02719992033575891,0.12566501580800024,0.8819820284843445,0.10967149256919129,0.3599253336389552,hit,8.353482246398926,0.33621472120285034,0.0,10.0,False,-1.8828,10.03181,179.52708,162.15074,51.525,5.076,,16.902,0.2062
126626,3376976160341850181,easy,images/00126/0126626_ref.png,images/00126/0126626_search.png,156.0062,311.5787,155.69109522951598,311.76977299193345,0.36851038605198305,1.0947517428836486,0.7262413568316656,0.7539722397503537,0.8519443869590759,-0.31510477048402663,0.19107299193342442,hit,3.7309064865112305,0.23055648803710938,0.0,10.0,False,2.9987,9.8839,183.88516,160.66071,22.346,3.343,337.894,,0.3247
21203,3713588920715579321,easy,images/00021/0021203_ref.png,images/00021/0021203_search.png,799.7503,395.8571,799.8650830854544,395.9641835120046,0.15697781769940636,0.039489902589981585,-0.11748791510942477,0.19397033701356753,0.8667848110198975,0.11478308545440541,0.10708351200457855,hit,2.8899946212768555,0.20431746542453766,0.0,10.0,False,-0.6744,9.93857,146.01882,120.11318,24.037,3.467,373.775,,0.3794
48025,3463058012853184984,easy,images/00048/0048025_ref.png,images/00048/0048025_search.png,334.6468,531.5343,334.45031708854475,531.6197373902378,0.214254713237689,0.42551037073597053,0.21125565749828154,0.33831984441659246,0.8636476397514343,-0.19648291145523444,0.08543739023775743,hit,7.130023956298828,0.29046085476875305,0.0,10.0,False,2.9035,10.0137,135.40872,138.9198,42.95,4.634,356.333,,0.9161
196676,1626188918983475825,hard,images/00196/0196676_ref.png,images/00196/0196676_search.png,227.4746,628.5987,227.51102511336524,628.9601198740569,0.3632507594582002,0.7826304944510637,0.4193797349928635,0.5420435102225563,0.730932891368866,0.036425113365226025,0.36141987405687814,hit,3.355118751525879,0.23537909984588623,0.0,10.0,False,-2.1617,10.00601,122.87423,114.38501,37.867,4.351,,23.08,0.8203
9036,1663486589265903453,easy,images/00009/0009036_ref.png,images/00009/0009036_search.png,302.004,573.0487,302.0827510757885,572.9884685245572,0.09914415046721094,0.4975989773316127,0.39845482686440176,0.5113063137223737,0.8084033727645874,0.07875107578848883,-0.06023147544283347,hit,8.337157249450684,0.4394071102142334,0.0,10.0,False,-1.1326,9.94295,134.1275,112.30327,25.317,3.558,409.384,,0.6941
33279,1774322888266587726,medium,images/00033/0033279_ref.png,images/00033/0033279_search.png,822.0763,752.2077,821.8455700191433,752.1718244598537,0.2335024163619753,0.48519272176622424,0.25169030540424897,0.2796410699271368,0.6056501865386963,-0.23072998085660856,-0.03587554014632133,hit,6.171138763427734,0.28505563735961914,0.0,10.0,False,-6.7987,10.01859,84.18576,72.61415,64.337,5.672,208.212,,0.7028
62660,1282263482886522553,easy,images/00062/0062660_ref.png,images/00062/0062660_search.png,376.682,831.6775,376.5120708856582,831.7494016197231,0.1845148959293017,0.8938447814746786,0.7093298855453769,0.7114283578146933,0.9312704801559448,-0.16992911434181224,0.07190161972312126,hit,5.896049499511719,0.24842771887779236,0.0,10.0,False,-1.1993,9.99681,219.23153,164.55104,104.539,7.23,414.54,,0.7097
104505,1286123551021830964,medium,images/00104/0104505_ref.png,images/00104/0104505_search.png,734.6019,408.8032,735.6345371355388,408.4992925615423,1.0764289037571309,0.29916409757024587,-0.777264806186885,1.2000784325384297,0.8732839226722717,1.0326371355388346,-0.3039074384577134,near-miss,3.3065671920776367,0.200017049908638,0.0,10.0,False,0.6085,10.06267,182.54086,162.89968,101.641,7.129,199.209,,1.6245
91258,4117624143050204240,easy,images/00091/0091258_ref.png,images/00091/0091258_search.png,170.5034,636.8858,169.6905134277187,636.931285716984,0.8141581724976825,0.3687298236296273,-0.4454283488680552,0.5119004833826849,0.915618896484375,-0.8128865722812861,0.04548571698398973,hit,3.654111862182617,0.32188865542411804,0.0,10.0,False,-0.005,9.93668,165.28758,125.892,84.276,6.491,424.513,,2.2795
129312,2509968986891458059,easy,images/00129/0129312_ref.png,images/00129/0129312_search.png,300.4688,692.2703,300.44877359114327,692.2525351910929,0.026770235098033775,0.3406556335738964,0.3138853984758626,0.3658892018486383,0.8867949843406677,-0.020026408856722355,-0.01776480890714538,hit,5.216495513916016,0.34086477756500244,0.0,10.0,False,-1.7703,10.10135,183.26039,145.15956,98.434,7.015,364.047,,0.9816
80349,16669304100166210,medium,images/00080/0080349_ref.png,images/00080/0080349_search.png,680.8349,798.1143,678.8264261485073,798.1445760785609,2.0087020319258095,0.39068024353607755,-1.6180217883897319,1.653514841748782,0.7381060719490051,-2.008473851492681,0.030276078560973474,near-miss,5.968715667724609,0.3214045464992523,0.0,10.0,False,0.414,10.05019,173.23666,157.54382,49.529,4.976,222.528,,2.2326
14325,2267287486605597392,medium,images/00014/0014325_ref.png,images/00014/0014325_search.png,486.1037,267.1931,486.34493034147073,267.1149996413083,0.2535581662535341,1.5273285002027008,1.2737703339491668,1.6847305307302278,0.6859347820281982,0.2412303414707253,-0.07810035869169951,hit,0.11375904083251953,0.043068546801805496,0.0,10.0,False,1.6905,10.02524,94.68695,88.18214,41.226,4.54,223.909,,0.4542
77672,414022003518674747,hard,images/00077/0077672_ref.png,images/00077/0077672_search.png,283.0039,436.3186,283.4682743938664,436.2876550761315,0.46540430379620884,0.9022078503072417,0.43680354651103287,0.4583448852724268,0.6277815699577332,0.46437439386642154,-0.030944923868503338,hit,3.2314672470092773,0.21089988946914673,0.0,10.0,False,-1.2638,9.97914,69.56526,73.75959,36.531,4.274,,14.206,0.2115
1386,2148269713755835340,easy,images/00001/0001386_ref.png,images/00001/0001386_search.png,367.3064,883.6715,367.633260240337,883.6957788259367,0.32776070249806283,0.40761101497987495,0.07985031248181212,0.7290729533790832,0.7232110500335693,0.32686024033699823,0.024278825936676185,hit,4.574314117431641,0.2735395133495331,0.0,10.0,False,0.046,10.19355,86.10845,97.78585,106.338,7.292,354.393,,0.8727
42436,1422234670193224070,medium,images/00042/0042436_ref.png,images/00042/0042436_search.png,762.1088,186.0,761.9252084097536,186.08026123709925,0.2003690050628745,0.10215290195319607,-0.09821610310967843,0.18213351750850518,0.9014763236045837,-0.1835915902463512,0.08026123709925059,hit,4.096863746643066,0.2767990827560425,0.0,10.0,False,0.2757,10.11131,189.12037,165.01013,74.64,6.109,226.578,,0.5724
85266,162450843969636600,easy,images/00085/0085266_ref.png,images/00085/0085266_search.png,585.6216,373.1701,585.7653418748104,373.2737723940582,0.1772277965325241,0.13023568582379055,-0.04699211070873355,0.04863161827201761,0.7389432787895203,0.14374187481041645,0.10367239405820783,hit,7.560337066650391,0.3394677937030792,0.0,10.0,False,1.0235,10.1468,178.99401,165.63991,28.688,3.787,356.724,,0.965
10418,4216280273831751489,medium,images/00010/0010418_ref.png,images/00010/0010418_search.png,198.5964,471.8678,197.19785700440437,471.93662644052927,1.4002355478438255,0.7694989424913803,-0.6307366053524452,0.6849382357565122,0.7215210199356079,-1.3985429955956192,0.06882644052927844,near-miss,4.814393997192383,0.30090171098709106,0.0,10.0,False,1.9477,9.89691,105.74241,127.27036,50.151,5.008,280.219,,1.3787
160342,3838479713133981502,hard,images/00160/0160342_ref.png,images/00160/0160342_search.png,262.8242,698.4741,262.2367870407445,698.4407979370933,0.5883561949152627,0.9551789189860601,0.3668227240707974,0.4144616128562586,0.8316289186477661,-0.5874129592555164,-0.03330206290672777,hit,4.019048690795898,0.28111404180526733,0.0,10.0,False,1.9265,10.00908,172.65252,160.24194,76.611,6.189,,27.65,0.7238
99976,3006577527187661105,medium,images/00099/0099976_ref.png,images/00099/0099976_search.png,709.115,675.7605,710.8991471910933,675.7440788562966,1.784222758919617,1.0530040717837774,-0.7312186871358395,0.8130732538433852,0.6790159940719604,1.784147191093325,-0.016421143703382768,near-miss,6.207222938537598,0.27565813064575195,0.0,10.0,False,-2.7407,9.91552,121.30563,112.21861,66.642,5.772,264.208,,2.2699
21172,3070767768490950781,easy,images/00021/0021172_ref.png,images/00021/0021172_search.png,495.1209,236.7456,494.844153480308,236.66268337056584,0.2889010273404121,0.39200830743573434,0.10310728009532222,0.17411940668670206,0.8709325194358826,-0.27674651969198294,-0.0829166294341519,hit,7.347806930541992,0.28742438554763794,0.0,10.0,False,-0.6574,9.94526,148.80911,130.34367,82.793,6.434,420.534,,0.109
159859,3475333275916850674,hard,images/00159/0159859_ref.png,images/00159/0159859_search.png,607.0831,756.0112,606.8519650333284,756.1243545598483,0.257346706279116,0.5941513606852317,0.3368046544061157,0.3974529143797548,0.5557640790939331,-0.23113496667156141,0.1131545598482262,hit,0.34334564208984375,0.019128158688545227,0.0,10.0,False,1.5608,10.07656,97.8834,77.28324,22.399,3.347,,32.062,0.9726
26156,3960416056115241080,easy,images/00026/0026156_ref.png,images/00026/0026156_search.png,441.9203,475.8496,442.0503634280215,475.73429888583377,0.17381266420110145,0.5215922613771904,0.347779597176089,0.5454656884358177,0.6678109169006348,0.13006342802151494,-0.11530111416624322,hit,6.202653884887695,0.29903391003608704,0.0,10.0,False,1.1944,9.84258,75.24383,78.67863,24.418,3.494,415.05,,0.3267
107608,1899413276251802759,easy,images/00107/0107608_ref.png,images/00107/0107608_search.png,642.5681,590.6586,642.2666212018585,590.6667557912923,0.3015890957253598,0.40850863220526573,0.10691953647990593,0.2200687111838483,0.854506254196167,-0.30147879814148837,0.008155791292324466,hit,7.133699417114258,0.3394838869571686,0.0,10.0,False,0.2015,10.13275,149.26259,122.86864,48.122,4.905,310.294,,0.4221
30303,881217290816328779,easy,images/00030/0030303_ref.png,images/00030/0030303_search.png,160.2408,304.5141,159.69585098707628,304.45504440955847,0.5481395711394467,0.05522033312929176,-0.4929192380101549,0.5847917310226396,0.6846470236778259,-0.5449490129237233,-0.05905559044151687,hit,6.932985305786133,0.3331855237483978,0.0,10.0,False,-1.6272,9.95459,100.38268,104.72441,27.074,3.679,381.004,,0.4051
173227,1655361726907005300,hard,images/00173/0173227_ref.png,images/00173/0173227_search.png,474.8565,662.2659,474.69238992171995,662.2493668399843,0.16494078686965966,0.2540976563060538,0.08915686943639414,0.3339553487247773,0.8686730265617371,-0.1641100782800322,-0.01653316001568328,hit,7.847212791442871,0.43286368250846863,0.0,10.0,False,-1.6644,10.19154,98.75256,95.2462,92.508,6.801,,21.322,1.1318
81198,2015174007590736802,medium,images/00081/0081198_ref.png,images/00081/0081198_search.png,853.6545,557.3298,853.2874117643481,557.2409448709834,0.37768903440072005,0.5454631863957441,0.16777415199502405,0.8328028119191524,0.7340532541275024,-0.3670882356518632,-0.08885512901656512,hit,8.155152320861816,0.4517354369163513,0.0,10.0,False,0.1146,10.10445,84.0937,83.77293,83.927,6.478,279.748,,0.845
56623,2293399124388745111,medium,images/00056/0056623_ref.png,images/00056/0056623_search.png,352.3738,407.9148,352.4696692003198,408.0599927372426,0.17398802981227224,0.30027147919479474,0.1262834493825225,0.27008704385061005,0.8428017497062683,0.09586920031978252,0.14519273724260984,hit,6.31773567199707,0.3325624465942383,0.0,10.0,False,-0.5558,9.96814,137.54836,152.34698,46.241,4.808,261.37,,0.4424
134037,261291041726037525,easy,images/00134/0134037_ref.png,images/00134/0134037_search.png,878.9458,190.4195,878.7173584632106,190.4152057930399,0.22848189412748224,0.3833643434091868,0.15488244928170455,0.2950492224041184,0.868868887424469,-0.2284415367893189,-0.004294206960111069,hit,5.087010383605957,0.37189608812332153,0.0,10.0,False,-1.5644,9.999,151.37505,150.19312,33.93,4.119,364.059,,0.1674
4378,35658704891168445,medium,images/00004/0004378_ref.png,images/00004/0004378_search.png,802.0614,543.5722,802.3638187107142,543.5620391828029,0.30258935671323517,0.4198631377322114,0.11727378101897623,0.15445802692707858,0.8185562491416931,0.30241871071416426,-0.010160817197061078,hit,4.536011695861816,0.28924116492271423,0.0,10.0,False,1.0089,10.10279,90.36068,100.497,109.555,7.401,267.019,,0.7282
7649,657815073771404184,medium,images/00007/0007649_ref.png,images/00007/0007649_search.png,163.3557,249.3779,163.499389572293,249.31415779063207,0.15719339184855027,0.30289652956082025,0.14570313771226998,0.1490383841623567,0.8503468632698059,0.14368957229299895,-0.06374220936794472,hit,6.861438751220703,0.3089883625507355,0.0,10.0,False,-0.8509,9.91827,168.23521,125.8219,104.896,7.242,255.863,,0.4429
144473,4422303234264638840,easy,images/00144/0144473_ref.png,images/00144/0144473_search.png,408.0502,455.3578,407.2784244561559,455.382469050939,0.7721697042426033,1.031517183549421,0.2593474793068177,0.2941889122660349,0.7382110357284546,-0.7717755438441145,0.024669050938996406,hit,5.89764404296875,0.2400176227092743,0.0,10.0,False,-0.4103,9.91737,65.24002,85.58484,34.155,4.132,320.07,,0.921
42771,289683620107558411,hard,images/00042/0042771_ref.png,images/00042/0042771_search.png,743.3553,699.7179,743.2731848159285,699.6864861691129,0.08791889572843467,0.5542820221797287,0.46636312645129396,0.6015346756493499,0.6267538666725159,-0.08211518407154017,-0.03141383088711791,hit,0.9777841567993164,0.11200975626707077,0.0,10.0,False,2.2103,9.85214,84.05387,93.78325,30.432,3.901,,18.186,0.3289
41551,4257925792819193432,easy,images/00041/0041551_ref.png,images/00041/0041551_search.png,823.0564,460.3322,822.6069547570942,460.3946496154774,0.4537631329713818,0.7406736910205806,0.28691055804919874,0.3065787273364384,0.6520523428916931,-0.44944524290588106,0.06244961547741923,hit,4.741678237915039,0.2380242794752121,0.0,10.0,False,-2.9741,9.97512,85.93655,102.90533,27.782,3.727,352.649,,0.8114
97257,2853255637569706249,easy,images/00097/0097257_ref.png,images/00097/0097257_search.png,315.1339,414.2297,315.11757325043743,414.22412330291166,0.017252892560180005,0.2697778084316443,0.2525249158714643,0.25300090627298866,0.875339150428772,-0.016326749562551868,-0.005576697088315541,hit,6.917654037475586,0.3803473114967346,0.0,10.0,False,0.4183,9.98865,125.02774,132.45225,25.369,3.562,404.713,,0.2372
32441,2290084547898413076,easy,images/00032/0032441_ref.png,images/00032/0032441_search.png,291.0817,166.1604,292.5765365589392,166.35128242256332,1.506974597392013,1.3689819993347996,-0.13799259805721342,0.8996372984597483,0.6979234218597412,1.4948365589391983,0.19088242256330545,near-miss,5.941571235656738,0.35436028242111206,0.0,10.0,False,-0.4996,9.92951,94.71851,80.87433,34.77,4.17,360.733,,1.6428
22044,2664160261510176280,medium,images/00022/0022044_ref.png,images/00022/0022044_search.png,481.7784,171.4202,481.40000485680184,171.33087000997665,0.38879651684847544,0.16936770881192365,-0.2194288080365518,0.314573753738935,0.6704220771789551,-0.3783951431981336,-0.08932999002334441,hit,4.740477561950684,0.2869536578655243,0.0,10.0,False,2.0557,10.14373,77.34867,93.25533,29.863,3.864,252.829,,0.2757
122267,1812396626396651572,easy,images/00122/0122267_ref.png,images/00122/0122267_search.png,491.7478,284.0583,491.51237894124375,284.0192305927395,0.2386409300383905,0.40028797662374244,0.16164704658535195,0.35769825074892814,0.833968460559845,-0.23542105875623065,-0.039069407260456046,hit,8.380317687988281,0.27617594599723816,0.0,10.0,False,0.3937,10.03391,171.39071,168.49561,60.99,5.522,411.945,,0.1229
177160,2747986293268141646,hard,images/00177/0177160_ref.png,images/00177/0177160_search.png,704.2805,644.369,704.4778454780165,644.3910235871548,0.19857058212323023,0.6812215021273098,0.4826509200040796,0.7359564515994554,0.8525369167327881,0.19734547801658664,0.022023587154762936,hit,2.027608871459961,0.03832279145717621,0.0,10.0,False,-0.8133,9.99322,107.54174,114.00304,41.68,4.565,,20.83,1.2823
62642,4412402582588857611,medium,images/00062/0062642_ref.png,images/00062/0062642_search.png,654.8989,522.8764,655.4869444508685,522.8030099906462,0.5926064205441227,0.4773946717007546,-0.1152117488433681,0.18902123776263854,0.6818768978118896,0.5880444508684377,-0.07339000935382956,hit,3.3255386352539062,0.25804904103279114,0.0,10.0,False,1.297,9.96988,105.84435,85.45886,28.315,3.763,173.986,,0.4387
110654,806568326914916907,easy,images/00110/0110654_ref.png,images/00110/0110654_search.png,695.3728,380.5793,695.3771510547065,380.63684504074496,0.05770930073566175,0.3880789119507626,0.33036961121510083,0.3308838989714909,0.7232287526130676,0.0043510547064897764,0.057545040744969356,hit,1.9266777038574219,0.24859271943569183,0.0,10.0,False,1.2993,9.99301,72.6589,85.90827,36.032,4.245,374.534,,0.3974
45740,2805890615145204314,medium,images/00045/0045740_ref.png,images/00045/0045740_search.png,136.2209,636.025,136.04652885538783,635.8945127514638,0.21778938932806977,0.41007027591900563,0.19228088659093587,0.3389885144265857,0.8177013993263245,-0.17437114461216652,-0.13048724853615568,hit,2.8939695358276367,0.21212749183177948,0.0,10.0,False,1.201,10.18706,117.8167,151.04891,30.386,3.898,196.819,,0.9468
102541,2350997844732938374,easy,images/00102/0102541_ref.png,images/00102/0102541_search.png,834.3069,153.7971,834.6926802468868,153.68575889417298,0.40152613954108485,0.16633017411358697,-0.23519596542749788,0.24227736913141065,0.7513399720191956,0.38578024688672485,-0.11134110582702306,hit,5.4267168045043945,0.3400028645992279,0.0,10.0,False,1.5355,9.93561,102.06434,106.96855,25.688,3.584,392.038,,0.6325
101933,809373611924060477,easy,images/00101/0101933_ref.png,images/00101/0101933_search.png,133.7782,216.6999,134.14630321479186,216.5717628870021,0.3897680033911699,0.4010956811005653,0.011327677709395412,0.6051202630847679,0.6082735657691956,0.3681032147918586,-0.12813711299790498,hit,6.997241973876953,0.4225257933139801,0.0,10.0,False,0.0764,10.12978,92.79721,72.73747,24.634,3.51,412.379,,1.2373
43473,4484915633180798635,easy,images/00043/0043473_ref.png,images/00043/0043473_search.png,499.8751,242.2611,501.07439298827023,242.17393153720064,1.202456657273354,1.077045281326899,-0.12541137594645502,0.18130178271970415,0.9288958311080933,1.1992929882702583,-0.08716846279935453,near-miss,9.169828414916992,0.4112357199192047,0.0,10.0,False,-1.8417,10.03183,198.20169,165.90593,45.036,4.745,416.719,,1.7265
142431,3929204575620039732,medium,images/00142/0142431_ref.png,images/00142/0142431_search.png,544.0168,349.3448,543.9073645695796,349.3466954193338,0.10945184350089246,0.6425956057627547,0.5331437622618622,0.7399595362460961,0.7934427261352539,-0.10943543042037618,0.0018954193337776815,hit,6.442989349365234,0.3063504099845886,0.0,10.0,False,3.1923,9.89365,183.49949,137.15291,49.026,4.951,200.447,,0.1756
117717,4328308827300071625,easy,images/00117/0117717_ref.png,images/00117/0117717_search.png,681.0443,587.8823,680.8193252604598,587.9455737077207,0.2337032210302654,0.15803642467732854,-0.07566679635293685,0.3391283676188238,0.8675273656845093,-0.22497473954024372,0.06327370772066843,hit,6.14100456237793,0.3680247962474823,0.0,10.0,False,1.0867,10.1179,104.77079,81.78477,54.836,5.236,409.074,,0.3441
113129,495291774904763497,easy,images/00113/0113129_ref.png,images/00113/0113129_search.png,796.7588,676.6746,796.7899945031869,676.6985196840095,0.039309646553906445,0.2363009357569574,0.19699128920305095,0.19978823269130438,0.8692688941955566,0.031194503186952716,0.023919684009456432,hit,7.150032997131348,0.4330083429813385,0.0,10.0,False,0.9258,9.96777,97.26076,73.57637,45.716,4.781,324.279,,0.7964
88598,86347848433692002,medium,images/00088/0088598_ref.png,images/00088/0088598_search.png,778.5098,758.1379,780.4144650560696,758.2657783383102,1.9089530756992166,0.9099746049763049,-0.9989784707229117,1.1365936589882077,0.7398583292961121,1.9046650560695753,0.1278783383102109,near-miss,7.031367301940918,0.25554677844047546,0.0,10.0,False,3.4116,10.05054,103.78733,121.61622,51.163,5.058,204.223,,2.3705
18441,325662019427626234,easy,images/00018/0018441_ref.png,images/00018/0018441_search.png,762.5886,876.1453,762.5028634605862,876.1481255183137,0.08578308542128346,0.39936004500392286,0.3135769595826394,0.31598325715655234,0.8742044568061829,-0.08573653941380144,0.0028255183136707274,hit,5.561914443969727,0.3180556893348694,0.0,10.0,False,-0.4434,10.03873,106.94504,90.29303,56.226,5.302,368.492,,1.8539
131561,373384250338745459,easy,images/00131/0131561_ref.png,images/00131/0131561_search.png,749.7361,529.5329,751.0082916290937,529.4865032875693,1.2730373898910419,1.598003959766589,0.32496656987554706,0.34977378892631783,0.7957176566123962,1.2721916290937543,-0.04639671243069188,near-miss,4.6842546463012695,0.27613306045532227,0.0,10.0,False,1.729,10.06296,131.70303,103.86371,60.916,5.519,319.279,,1.1941
177222,3473816740054354745,hard,images/00177/0177222_ref.png,images/00177/0177222_search.png,546.3084,651.2485,547.0084675110155,651.2909868597599,0.7013555825910955,0.7218118460634892,0.02045626347239371,0.43157472872673097,0.7701738476753235,0.7000675110155044,0.04248685975983335,hit,6.736605644226074,0.3667917549610138,0.0,10.0,False,-2.1952,10.03309,76.68702,73.34848,45.507,4.77,,32.677,0.5373
15205,1404839477158771489,easy,images/00015/0015205_ref.png,images/00015/0015205_search.png,776.8098,157.2649,776.6576019252458,157.25111797177624,0.15282080441107823,0.18598356089999205,0.033162756488913814,0.06964368033425908,0.8558236360549927,-0.1521980747542102,-0.013782028223772613,hit,8.509056091308594,0.49816012382507324,0.0,10.0,False,3.2685,10.03804,99.26502,115.02854,53.481,5.171,426.034,,0.1765
33998,582940545517110959,easy,images/00033/0033998_ref.png,images/00033/0033998_search.png,591.5605,215.8703,591.3102910711792,215.87999046412367,0.25039651186986844,0.9137206973010126,0.6633241854311441,0.7713202837516135,0.810741126537323,-0.25020892882082535,0.009690464123679021,hit,5.470497131347656,0.25842568278312683,0.0,10.0,False,-2.2558,10.2398,148.52442,127.41619,51.725,5.086,321.16,,0.3909
141017,1642334526837798629,medium,images/00141/0141017_ref.png,images/00141/0141017_search.png,140.6099,218.1074,140.29284827099423,218.13707594110252,0.3184375297383714,0.21614976412120937,-0.10228776561716205,0.42187252556198523,0.8444401025772095,-0.31705172900578305,0.029675941102510706,hit,3.5328245162963867,0.4065617322921753,0.0,10.0,False,1.0665,9.99037,95.99058,101.37123,47.676,4.882,295.342,,0.7272
171733,2558657527932006366,hard,images/00171/0171733_ref.png,images/00171/0171733_search.png,387.0355,212.5352,386.64774443207216,212.37033486660508,0.42134889660277935,0.9294103028130658,0.5080614062102864,0.760092555839296,0.7927988767623901,-0.38775556792785437,-0.16486513339492603,hit,2.6361989974975586,0.16116465628147125,0.0,10.0,False,-0.1996,10.11158,102.95025,105.30784,41.956,4.58,,23.959,0.2065
66382,1798782260154731998,easy,images/00066/0066382_ref.png,images/00066/0066382_search.png,595.3418,670.95,595.5500958598428,671.0150815115186,0.21822641537904225,1.360755120070334,1.1425287046912918,1.1612991838667945,0.7585741281509399,0.2082958598427922,0.06508151151854236,hit,3.997321128845215,0.2505703568458557,0.0,10.0,False,-0.2979,10.11992,170.30034,129.59207,28.628,3.783,419.33,,0.9414
84117,2733882025265339767,easy,images/00084/0084117_ref.png,images/00084/0084117_search.png,191.2301,716.6905,191.902968523746,716.8711621399253,0.6966999777885247,0.9029442910828009,0.20624431329427628,0.6876994016678084,0.893544614315033,0.6728685237460184,0.180662139925289,hit,7.960019111633301,0.298266738653183,0.0,10.0,False,-0.5002,10.09824,97.56582,106.6494,105.132,7.25,359.118,,0.2324
137451,1486110073245710454,hard,images/00137/0137451_ref.png,images/00137/0137451_search.png,617.6602,713.3472,617.4612435031185,713.3917953129902,0.20389318181852134,0.42205362902272514,0.2181604472042038,0.45242604200010567,0.670991063117981,-0.19895649688157846,0.04459531299016817,hit,5.739178657531738,0.3823067247867584,0.0,10.0,False,-1.3214,9.78009,95.16447,80.15447,27.301,3.695,,19.13,0.6447
84577,1691378201314219127,easy,images/00084/0084577_ref.png,images/00084/0084577_search.png,315.2638,489.1357,315.0228615657998,489.2898637157926,0.2860380749862193,0.42287478786645694,0.13683671288023763,0.42003315374150263,0.889076292514801,-0.24093843420018857,0.15416371579260613,hit,8.057957649230957,0.2784162163734436,0.0,10.0,False,-3.7629,10.02599,162.35199,120.84845,24.603,3.507,409.2,,0.1153
143925,3237649114631047258,easy,images/00143/0143925_ref.png,images/00143/0143925_search.png,225.4352,611.9092,225.76882530858964,611.9522322965797,0.3363890977431454,0.2736504789165609,-0.06273861882658449,0.33528071907430945,0.784352719783783,0.3336253085896317,0.04303229657966767,hit,5.739727020263672,0.3671230375766754,0.0,10.0,False,-2.1158,9.98958,89.6238,73.82269,39.114,4.422,365.409,,0.8798
34649,4258044039621134208,medium,images/00034/0034649_ref.png,images/00034/0034649_search.png,424.2769,817.9924,424.18864624369763,817.9698231908078,0.09109576178274977,0.2579555960166191,0.16685983423386935,0.183416287931369,0.9247239232063293,-0.08825375630237886,-0.02257680919217364,hit,5.972160339355469,0.3828733563423157,0.0,10.0,False,-0.0772,10.00963,135.9298,144.00284,47.357,4.866,261.846,,0.433
79392,4110642370931356783,easy,images/00079/0079392_ref.png,images/00079/0079392_search.png,809.1854,526.7166,809.3267550253084,526.7586768055367,0.14748457798744272,0.08637916496156527,-0.06110541302587745,0.06679376428524314,0.8996486067771912,0.14135502530848498,0.042076805536680695,hit,6.517518997192383,0.35946282744407654,0.0,10.0,False,1.5697,9.95911,220.12852,164.90651,51.711,5.085,313.583,,0.0449
125767,4238831593719797615,easy,images/00125/0125767_ref.png,images/00125/0125767_search.png,775.028,606.0548,775.0783843277025,606.0939349706166,0.0637975422973977,0.23119136514638894,0.16739382284899124,0.1870108452863986,0.8654770851135254,0.05038432770243162,0.039134970616601095,hit,6.003076553344727,0.339107871055603,0.0,10.0,False,-1.2657,9.94725,64.87549,84.85696,77.795,6.237,337.991,,0.8199
141737,399250074416843293,easy,images/00141/0141737_ref.png,images/00141/0141737_search.png,192.7497,292.9392,192.13550963620858,293.0297104538397,0.6208236023448895,0.51553926337713,-0.10528433896775957,0.3395024835794294,0.8381765484809875,-0.6141903637914083,0.09051045383966994,hit,2.563258171081543,0.2602347731590271,0.0,10.0,False,-1.6427,10.10185,163.29946,132.72372,33.955,4.12,310.241,,0.1027
72488,2071240072222556874,easy,images/00072/0072488_ref.png,images/00072/0072488_search.png,247.3373,582.8491,247.34840321959723,582.9862455316826,0.13759425259042354,1.0068626373043625,0.869268384713939,1.030676811225056,0.871650755405426,0.011103219597231373,0.13714553168256316,hit,5.12764835357666,0.3159959614276886,0.0,10.0,False,-1.1679,10.08069,207.38479,167.97259,106.201,7.287,313.663,,0.3327
72195,4138017879716348544,medium,images/00072/0072195_ref.png,images/00072/0072195_search.png,824.8572,306.8912,825.427876542705,306.8694639669058,0.5710903356986299,0.30421052773411567,-0.2668798079645142,0.2693917897586067,0.743313729763031,0.5706765427049731,-0.021736033094214235,hit,8.972890853881836,0.38040703535079956,0.0,10.0,False,-0.0373,10.0069,80.51771,106.60557,34.448,4.15,229.458,,1.0458
130885,3001465830322661422,medium,images/00130/0130885_ref.png,images/00130/0130885_search.png,762.1778,423.7362,762.1974701523332,423.7485862914869,0.023245109369632207,0.40536009513132987,0.38211498576169767,0.4286004339195184,0.8462145924568176,0.01967015233310576,0.012386291486905066,hit,5.026215553283691,0.3260316252708435,0.0,10.0,False,-0.1521,10.05013,91.00731,94.72684,109.809,7.41,272.055,,0.6762
69862,2504382001850406010,easy,images/00069/0069862_ref.png,images/00069/0069862_search.png,682.6326,725.0991,682.6042959746176,725.0706549600192,0.040127772830832,0.386248443150781,0.346120670319949,0.4232227305003172,0.7372289896011353,-0.0283040253824538,-0.028445039980852016,hit,4.117853164672852,0.1279572993516922,0.0,10.0,False,-3.0219,10.08776,74.25691,76.84445,45.613,4.776,314.416,,0.7864
174123,1353179709795053292,hard,images/00174/0174123_ref.png,images/00174/0174123_search.png,440.148,830.6003,440.2560569355986,830.5022032788393,0.14594268749559497,0.5403073785854544,0.39436469108985944,0.45128132580159447,0.74821537733078,0.10805693559859719,-0.09809672116068668,hit,4.939647674560547,0.23970739543437958,0.0,10.0,False,-0.4894,10.14135,91.55563,80.3075,23.107,3.399,,18.484,0.4566
182700,1329669955945750149,hard,images/00182/0182700_ref.png,images/00182/0182700_search.png,334.7358,783.6111,334.7160512892034,783.5742713376986,0.04178949563027702,0.07717381826699549,0.035384322636718465,0.06371018727640175,0.7643555402755737,-0.01974871079659124,-0.03682866230133186,hit,1.892660140991211,0.1619272381067276,0.0,10.0,False,-1.3898,10.14951,137.72891,103.5725,53.132,5.154,,22.412,1.1186
67594,2251837985494591182,easy,images/00067/0067594_ref.png,images/00067/0067594_search.png,783.322,227.1355,782.9586306847103,226.96376449815554,0.40190837499093895,0.523070425624914,0.12116205063397506,0.4145966641981198,0.7262059450149536,-0.363369315289674,-0.1717355018444664,hit,6.565411567687988,0.2546951472759247,0.0,10.0,False,0.1121,10.03545,190.09603,151.93538,23.805,3.45,349.002,,0.7862
132646,2774041564968429317,easy,images/00132/0132646_ref.png,images/00132/0132646_search.png,382.6746,824.6617,382.8502099562402,824.7070172441169,0.18136292163787213,0.26410651533538515,0.08274359369751302,0.3630696011497761,0.7618743777275085,0.17560995624018005,0.045317244116859,hit,5.275754928588867,0.2473195493221283,0.0,10.0,False,1.1408,9.91239,113.4541,146.71875,26.619,3.648,373.757,,0.7131
160113,3274303197491601377,hard,images/00160/0160113_ref.png,images/00160/0160113_search.png,366.5703,764.883,367.1680650228166,765.0606248833311,0.6235973233436489,0.07203253956909121,-0.5515647837745578,0.5533850668229338,0.7353241443634033,0.5977650228166453,0.1776248833310774,hit,6.888365745544434,0.32610568404197693,0.0,10.0,False,1.8856,9.87398,99.71184,109.99231,27.779,3.727,,29.675,0.3294
68204,4209665709708384270,easy,images/00068/0068204_ref.png,images/00068/0068204_search.png,132.7918,762.8919,132.8126549124834,762.8283000107245,0.06693195059553753,0.7187351476859408,0.6518031970904032,0.7442080287328501,0.8370828032493591,0.020854912483400767,-0.0635999892754171,hit,5.313030242919922,0.3204616904258728,0.0,10.0,False,1.0631,10.09456,115.73083,127.80055,53.603,5.177,362.118,,0.3024
39842,2107386339107789218,medium,images/00039/0039842_ref.png,images/00039/0039842_search.png,115.4042,670.0735,116.37218157282337,670.1118782358282,0.9687420783216109,0.47132801354436843,-0.4974140647772424,0.6205943537518273,0.6955710053443909,0.9679815728233621,0.038378235828190554,hit,6.200855255126953,0.3204541504383087,0.0,10.0,False,-1.2399,9.97359,74.60419,83.67693,107.597,7.335,184.417,,1.0585
324,587296343045676106,medium,images/00000/0000324_ref.png,images/00000/0000324_search.png,591.4875,335.6216,591.4901888578286,335.63476471976736,0.013436510074257843,0.5871875281578096,0.5737510180835518,0.575419525564694,0.8601735830307007,0.0026888578286161646,0.013164719767360111,hit,6.184152603149414,0.2911173105239868,0.0,10.0,False,-0.081,9.98686,102.92327,108.40761,57.131,5.345,217.813,,0.369
91755,2679597060530204152,easy,images/00091/0091755_ref.png,images/00091/0091755_search.png,511.3673,136.9871,512.1178585968563,136.9326612257795,0.7525302568359233,0.5149548154310536,-0.23757544140486975,0.3745866042657595,0.817560613155365,0.7505585968563082,-0.05443877422050036,hit,5.9359025955200195,0.3387340009212494,0.0,10.0,False,0.8891,10.00237,96.73978,120.13209,95.454,6.908,360.506,,0.864
121105,58534152991415194,easy,images/00121/0121105_ref.png,images/00121/0121105_search.png,365.7365,625.1337,365.796854807032,625.1397980647679,0.060662089691875705,0.09914434312226626,0.03848225343039056,0.14699722554856912,0.8315231800079346,0.060354807032013014,0.006098064767911637,hit,7.268770217895508,0.4186098277568817,0.0,10.0,False,0.0902,9.96802,120.5144,100.33636,28.815,3.796,383.117,,0.3176
197221,1901314818757649623,hard,images/00197/0197221_ref.png,images/00197/0197221_search.png,493.2263,778.6093,492.4676727965643,778.3569505859692,0.7994970047188025,1.133775317712405,0.33427831299360256,0.40755761055138784,0.8737380504608154,-0.758627203435708,-0.2523494140307321,hit,2.390523910522461,0.3229426145553589,0.0,10.0,False,0.9224,10.07557,124.7206,95.5799,53.32,5.163,,33.553,0.7136
36131,614054731591722932,easy,images/00036/0036131_ref.png,images/00036/0036131_search.png,313.334,652.4415,313.41550844433306,652.4344944942858,0.08180894576943654,0.3503905647541125,0.268581618984676,0.3813462731564677,0.870145320892334,0.08150844433305338,-0.0070055057142326405,hit,6.899161338806152,0.40280231833457947,0.0,10.0,False,1.5463,10.0333,95.12406,76.26656,101.46,7.122,324.105,,0.2145
76545,2479915228950358558,medium,images/00076/0076545_ref.png,images/00076/0076545_search.png,750.7677,551.5039,750.6853627184839,551.4464498625268,0.10039893536858797,0.18558101041768732,0.08518207504909935,0.09764517762506683,0.564567506313324,-0.08233728151606101,-0.057450137473210816,hit,5.461103439331055,0.26271116733551025,0.0,10.0,False,-0.4843,9.90587,95.04505,82.4878,22.197,3.331,227.567,,0.64
70346,864853553071473326,easy,images/00070/0070346_ref.png,images/00070/0070346_search.png,803.6856,631.8371,803.8759635336193,631.7415249436835,0.21300907567962457,0.22434892190155506,0.011339846221930489,0.22281196287294763,0.7644523978233337,0.19036353361923375,-0.09557505631642016,hit,5.29901123046875,0.26014989614486694,0.0,10.0,False,2.4407,10.15813,134.31663,151.27853,23.813,3.451,334.105,,0.9322
129636,1862865580327116952,easy,images/00129/0129636_ref.png,images/00129/0129636_search.png,808.111,623.1384,808.5940238678544,623.1460523474983,0.48308448054067965,0.8964083360090203,0.4133238554683406,0.4304090230038385,0.7089796662330627,0.4830238678543992,0.007652347498265044,hit,4.392648696899414,0.3635490834712982,0.0,10.0,False,-0.5198,9.82016,69.74698,70.15609,93.564,6.84,327.142,,0.3992
150739,2025211623017017242,hard,images/00150/0150739_ref.png,images/00150/0150739_search.png,647.9918,167.1224,648.2829394804995,167.16288593638183,0.29394099433430143,0.8311914461118998,0.5372504517775983,0.5529886805480172,0.7092896699905396,0.2911394804995098,0.040485936381827514,hit,3.3838233947753906,0.088834747672081,0.0,10.0,False,0.7472,10.1233,129.68207,165.97674,32.472,4.029,,25.978,0.9141
96194,3513903602255597946,easy,images/00096/0096194_ref.png,images/00096/0096194_search.png,222.8239,474.9123,222.80531596180973,474.85701727512344,0.05832277552755165,0.3637047433506024,0.3053819678230507,0.3105381072127849,0.8638156652450562,-0.018584038190283536,-0.055282724876576594,hit,4.256033897399902,0.319640576839447,0.0,10.0,False,0.9091,10.10551,122.55281,111.50314,62.587,5.594,398.772,,0.7799
87844,3602163772095127587,easy,images/00087/0087844_ref.png,images/00087/0087844_search.png,636.4939,778.2829,636.4108365074318,778.2018720750552,0.11603908142733808,1.143213598827378,1.02717451740004,1.0388444407049866,0.8664444088935852,-0.08306349256827161,-0.08102792494480582,hit,7.140125274658203,0.31014978885650635,0.0,10.0,False,-2.781,9.86261,106.23813,141.63653,46.842,4.84,382.332,,1.172
38232,864986268206685321,easy,images/00038/0038232_ref.png,images/00038/0038232_search.png,501.7038,784.7252,501.53342261850497,784.7589543009759,0.1736888164490661,0.45603660613378766,0.2823477896847215,0.5038174242688016,0.7261179685592651,-0.17037738149502957,0.0337543009759429,hit,6.4473161697387695,0.342724084854126,0.0,10.0,False,2.6435,9.82974,174.91152,137.87827,37.54,4.332,398.811,,0.4939
50398,2502154152393404583,easy,images/00050/0050398_ref.png,images/00050/0050398_search.png,876.2671,508.4517,876.3799274406018,508.4760425833783,0.11542353624056932,0.1741424487360066,0.05871891249543727,0.1550155788785197,0.7978609204292297,0.11282744060179084,0.024342583378256677,hit,5.747564315795898,0.32036370038986206,0.0,10.0,False,-2.2183,9.91068,105.13294,134.53977,48.338,4.916,311.9,,0.5712
144973,4049655812781751887,easy,images/00144/0144973_ref.png,images/00144/0144973_search.png,401.1602,841.9289,401.2652806869731,841.7938181418955,0.17114046617824982,0.3357588661139577,0.1646183999357079,0.2616969838851256,0.6958816051483154,0.10508068697311046,-0.13508185810451323,hit,5.537515640258789,0.45798125863075256,0.0,10.0,False,-0.7517,10.26608,66.6887,71.05248,69.036,5.875,362.036,,0.3589
24415,544277466884721410,medium,images/00024/0024415_ref.png,images/00024/0024415_search.png,501.7806,518.3795,501.82331404087415,518.424817856209,0.0622751746619367,0.40712224991560036,0.34484707525366365,0.46516505662241586,0.8732969760894775,0.04271404087415931,0.045317856208953344,hit,4.981080055236816,0.3491499722003937,0.0,10.0,False,0.0767,9.87697,126.4003,119.03411,90.275,6.718,236.219,,0.554
144711,373504615833469016,medium,images/00144/0144711_ref.png,images/00144/0144711_search.png,875.4616,299.2174,875.2346337600353,299.1846037863491,0.22932349577296787,0.2766226632282087,0.04729916745524085,0.4105181564725147,0.8199185132980347,-0.2269662399646677,-0.032796213650897243,hit,6.68259334564209,0.24671116471290588,0.0,10.0,False,0.2599,9.95328,135.08264,140.18348,26.94,3.67,245.93,,0.097
76112,134208727700084787,medium,images/00076/0076112_ref.png,images/00076/0076112_search.png,856.5944,107.3804,856.6023793516807,107.41600251153183,0.03648573530326455,1.0986338475626227,1.0621481122593581,1.0976106435009099,0.7236198782920837,0.007979351680774016,0.03560251153183458,hit,4.737195014953613,0.1845569610595703,0.0,10.0,False,1.1625,9.89687,198.6676,147.81772,33.14,4.071,293.992,,0.0856
83249,3733071991151715743,easy,images/00083/0083249_ref.png,images/00083/0083249_search.png,315.6486,589.3617,316.9391251095499,589.4592928778576,1.2942099629454542,1.6259284747265343,0.33171851178108014,0.5831980807273695,0.8332107663154602,1.2905251095498897,0.09759287785755077,near-miss,7.890119552612305,0.42828404903411865,0.0,10.0,False,0.6945,10.10976,88.50833,79.20848,59.595,5.459,414.541,,1.3156
56373,3117192269848485782,easy,images/00056/0056373_ref.png,images/00056/0056373_search.png,433.2268,343.7297,433.527832810405,343.71037868095505,0.30165222742416975,0.2503395920905534,-0.05131263533361635,0.15327634499601583,0.7918197512626648,0.3010328104049904,-0.01932131904493417,hit,4.924740791320801,0.33329588174819946,0.0,10.0,False,-0.5945,9.94181,89.21364,107.37111,102.543,7.16,343.738,,0.7433
30427,2153049398491303861,medium,images/00030/0030427_ref.png,images/00030/0030427_search.png,408.9725,385.1758,408.9593908037183,385.0903540494087,0.0864457141771796,0.2453344898813427,0.1588887757041631,0.17141042269320522,0.7602564096450806,-0.013109196281732238,-0.08544595059129279,hit,8.039189338684082,0.392854779958725,0.0,10.0,False,-3.0117,9.91554,104.11969,132.04592,30.99,3.936,251.875,,0.6767
89541,117303833566261277,medium,images/00089/0089541_ref.png,images/00089/0089541_search.png,309.1843,223.8587,309.26194467802463,223.90305680873172,0.08942159977550317,0.7776156942435309,0.6881940944680278,0.821273411236667,0.8479043841362,0.07764467802462605,0.04435680873172032,hit,5.865801811218262,0.25564271211624146,0.0,10.0,False,-1.3129,10.09511,157.79791,121.71321,28.55,3.778,176.613,,0.1976
90362,3056941279486935830,easy,images/00090/0090362_ref.png,images/00090/0090362_search.png,891.81,384.735,892.0339504600995,384.7633016100423,0.22573167635444605,0.6939515808987937,0.4682199045443477,0.4684430140731517,0.7822402715682983,0.22395046009955877,0.028301610042262837,hit,8.108072280883789,0.40731528401374817,0.0,10.0,False,-0.2057,10.06889,83.73593,74.19086,68.235,5.841,377.109,,0.4113
138392,1373817531695044522,easy,images/00138/0138392_ref.png,images/00138/0138392_search.png,353.4401,643.0816,352.861935427979,643.0106754201475,0.5824985565367793,0.8660952662212623,0.28359670968448303,0.28396641493662333,0.8067305088043213,-0.5781645720209667,-0.07092457985243072,hit,7.218029022216797,0.36700189113616943,0.0,10.0,False,2.319,9.84217,59.67407,72.00825,102.772,7.168,383.282,,0.6904
61771,2007810672558885355,easy,images/00061/0061771_ref.png,images/00061/0061771_search.png,697.3858,277.0267,697.8536512019663,277.1733293117289,0.49029063038095305,0.48227626734642415,-0.008014363034528904,0.3573809053488723,0.8330219984054565,0.46785120196625485,0.14662931172887284,hit,7.155580520629883,0.4274255335330963,0.0,10.0,False,1.9013,9.90588,74.04089,84.09315,76.398,6.181,423.621,,0.2289
38680,2189239946776379524,medium,images/00038/0038680_ref.png,images/00038/0038680_search.png,111.9189,364.8556,111.70915374500245,364.8956880059115,0.21354282873338268,0.418547597283496,0.20500476855011332,0.6228701556904989,0.8726431131362915,-0.2097462549975404,0.040088005911513847,hit,4.279555320739746,0.32682132720947266,0.0,10.0,False,4.1068,9.91518,131.48342,153.70107,86.375,6.572,236.551,,0.2975
132410,2678369719269185917,medium,images/00132/0132410_ref.png,images/00132/0132410_search.png,138.7718,647.8289,138.82314250077934,647.7406306627354,0.10211526960942459,0.3691986165043636,0.267083346894939,0.2702209847799603,0.6537063121795654,0.05134250077932734,-0.08826933726459174,hit,6.061466217041016,0.23307093977928162,0.0,10.0,False,-1.0571,10.06023,132.55725,117.95078,26.93,3.669,201.44,,0.6019
133889,1223598226842514544,medium,images/00133/0133889_ref.png,images/00133/0133889_search.png,560.3143,832.6943,560.9799918699752,832.4546339325511,0.7075206637529496,0.6020029850345844,-0.10551767871836526,0.10570723794739455,0.8687124252319336,0.6656918699751486,-0.23966606744886576,hit,8.376485824584961,0.4018254280090332,0.0,10.0,False,-1.6753,9.95462,121.3808,147.89604,82.203,6.411,265.488,,0.7935
94898,3768750383558296497,easy,images/00094/0094898_ref.png,images/00094/0094898_search.png,309.5778,379.1172,309.59015016620134,379.102721325397,0.019030465665885166,0.17840727604229328,0.1593768103764081,0.17900802657686316,0.8226881623268127,0.01235016620131546,-0.01447867460302632,hit,7.951793670654297,0.2951040267944336,0.0,10.0,False,2.2599,9.97897,176.72205,164.38104,38.415,4.383,419.864,,0.2376
63937,1287839441556425945,easy,images/00063/0063937_ref.png,images/00063/0063937_search.png,469.413,126.526,467.8015540936338,126.42953833909682,1.6143304374162768,1.7728819023935578,0.158551464977281,0.2974116149597382,0.7565107941627502,-1.6114459063662139,-0.09646166090317365,near-miss,6.65022087097168,0.2715117037296295,0.0,10.0,False,-1.8732,10.06784,186.24415,149.76842,26.977,3.673,378.456,,2.6415
55837,1131094339771678684,medium,images/00055/0055837_ref.png,images/00055/0055837_search.png,158.0578,716.1092,158.28632364663392,716.2152463071822,0.2519303005552226,0.7483197651684632,0.4963894646132406,0.5264665417007105,0.8739233016967773,0.22852364663393132,0.10604630718216868,hit,7.636699676513672,0.3260704576969147,0.0,10.0,False,0.0827,9.89501,161.60945,126.14574,50.888,5.044,212.965,,0.7232
27859,1788048337111051214,easy,images/00027/0027859_ref.png,images/00027/0027859_search.png,467.9329,756.0004,467.2987021404631,756.0521168872511,0.6363030421647882,0.7640833950924526,0.12778035292766443,0.44312770416150704,0.7210458517074585,-0.6341978595369255,0.05171688725113199,hit,7.498538970947266,0.2557694613933563,0.0,10.0,False,-0.0164,10.0772,109.31351,96.88062,54.93,5.241,402.378,,1.5142
37255,4250784277725873845,easy,images/00037/0037255_ref.png,images/00037/0037255_search.png,219.8255,769.1687,219.9452385910771,769.0990034241889,0.13854581506818356,0.6110161111098303,0.4724702960416468,0.7115861211952614,0.8804219961166382,0.11973859107709472,-0.06969657581100819,hit,4.38741397857666,0.25388839840888977,0.0,10.0,False,-0.4187,9.99489,196.52365,167.96896,40.538,4.502,320.533,,1.1677
112791,3435028942457139895,hard,images/00112/0112791_ref.png,images/00112/0112791_search.png,382.959,604.8169,383.15086421189045,604.7343368914178,0.20887446637419418,0.4272207177186762,0.21834625134448202,0.22439675613027107,0.7216610908508301,0.19186421189044722,-0.08256310858223515,hit,5.238461494445801,0.3483787178993225,0.0,10.0,False,0.1849,9.95989,60.42451,72.8739,69.842,5.909,,19.859,0.3638
132331,710683805217556506,easy,images/00132/0132331_ref.png,images/00132/0132331_search.png,393.4546,449.5619,393.5259417019249,449.5345081724528,0.0764195698098087,0.4953374247342663,0.4189178549244576,0.5671142914992475,0.8252117037773132,0.07134170192489364,-0.027391827547205594,hit,6.148129463195801,0.41094842553138733,0.0,10.0,False,0.9003,10.12983,111.31043,144.42611,54.274,5.209,382.299,,1.3445
175149,860294134285232171,hard,images/00175/0175149_ref.png,images/00175/0175149_search.png,588.508,562.9757,588.0775087123494,562.9443599861794,0.4316305656569824,0.4663514248833732,0.03472085922639084,0.034721545784661176,0.8408508896827698,-0.43049128765062505,-0.03134001382056795,hit,8.021235466003418,0.33177420496940613,0.0,10.0,False,-1.3308,10.01155,107.63753,107.00727,31.545,3.971,,18.754,1.2418
131919,4239833493331938349,medium,images/00131/0131919_ref.png,images/00131/0131919_search.png,212.9297,296.3118,211.92144009909487,296.25656763953094,1.0097715788316726,1.2402638341323091,0.23049225530063655,0.5191498477545324,0.6280385851860046,-1.0082599009051307,-0.05523236046906277,near-miss,3.4868154525756836,0.22632227838039398,0.0,10.0,False,-2.6316,10.02069,85.37556,111.26052,45.677,4.779,257.885,,0.8908
78055,3910616042325757771,easy,images/00078/0078055_ref.png,images/00078/0078055_search.png,581.8695,855.0261,581.8021230157125,855.0419765370249,0.06922226837935681,0.07616707291159605,0.006944804532239238,0.030395383964822824,0.869996964931488,-0.06737698428753447,0.01587653702483749,hit,7.067976951599121,0.35920658707618713,0.0,10.0,False,-1.0786,9.89852,116.27496,154.57223,29.83,3.862,338.567,,1.1262
141990,533300173929673523,easy,images/00141/0141990_ref.png,images/00141/0141990_search.png,841.6983,744.1778,838.1670413851174,744.0786468986719,3.5326503850063897,3.181169887739936,-0.3514804972664538,0.5860580250810808,0.6358374357223511,-3.5312586148826313,-0.09915310132817012,near-miss,3.526951789855957,0.1950509250164032,0.0,10.0,False,-0.1847,9.78037,148.78335,142.04995,23.584,3.434,419.399,,3.478
108526,1110291088703491674,easy,images/00108/0108526_ref.png,images/00108/0108526_search.png,888.6477,752.5704,889.0610285604671,752.5361485473945,0.4147452964210593,1.1515327909873312,0.7367874945662719,1.4456820756545081,0.8182782530784607,0.4133285604671073,-0.0342514526054174,hit,4.038300514221191,0.2335904836654663,0.0,10.0,False,-0.6011,9.96195,183.7088,162.86265,32.206,4.013,331.195,,0.684
138686,1527644587215841344,medium,images/00138/0138686_ref.png,images/00138/0138686_search.png,561.3984,822.4464,561.5760146469918,822.3380563105851,0.2080512385496456,1.1245535362070849,0.9165022976574393,1.1897670005865286,0.6903289556503296,0.17761464699174212,-0.10834368941493722,hit,3.065108299255371,0.3042362630367279,0.0,10.0,False,2.9439,9.8933,195.27869,168.92196,26.517,3.641,266.986,,0.7378
106799,600840231377926316,medium,images/00106/0106799_ref.png,images/00106/0106799_search.png,379.7175,315.9849,379.78893161299357,316.01717337614787,0.07838396610818557,0.488492147445933,0.4101081813377474,0.45159315984413845,0.7190201282501221,0.07143161299359235,0.03227337614788439,hit,5.530033111572266,0.25888732075691223,0.0,10.0,False,1.3502,9.96512,82.00692,74.73181,22.435,3.349,174.213,,0.6402
11243,1493310795545253022,medium,images/00011/0011243_ref.png,images/00011/0011243_search.png,364.6456,805.8076,364.7921145879774,805.9523714011896,0.2059739864462921,0.5838895777538846,0.3779155913075925,0.5955719691571477,0.7608966827392578,0.1465145879773786,0.14477140118958687,hit,5.3962202072143555,0.3641606271266937,0.0,10.0,False,1.3984,10.09001,95.33424,103.6066,40.369,4.493,172.516,,1.0452
73345,2464373545627743994,hard,images/00073/0073345_ref.png,images/00073/0073345_search.png,521.4972,360.9613,521.7501713623367,360.9219818877574,0.2560086406994699,0.42638414933708724,0.17037550863761736,0.6791804559958675,0.8617144227027893,0.25297136233666606,-0.03931811224259718,hit,4.963265419006348,0.2891504764556885,0.0,10.0,False,0.9229,9.96786,141.09788,156.8539,80.949,6.362,,15.519,0.7745
28059,84435605939509248,medium,images/00028/0028059_ref.png,images/00028/0028059_search.png,192.5494,843.3869,192.15739783818057,843.3585293615033,0.3930274646889278,0.5782441645312525,0.1852166998423247,0.8032862478863423,0.8420963287353516,-0.3920021618194198,-0.028370638496653555,hit,1.9846134185791016,0.15342311561107635,0.0,10.0,False,-1.4504,9.9326,141.33067,160.07671,30.86,3.928,288.088,,0.8853
96682,3223448762385709951,easy,images/00096/0096682_ref.png,images/00096/0096682_search.png,335.3286,714.664,335.18808070521555,714.5227754989112,0.19922357268781415,0.1387829878270531,-0.060440584860761065,0.15141027803739826,0.5742537975311279,-0.1405192947844398,-0.14122450108880003,hit,5.414032936096191,0.26596978306770325,0.0,10.0,False,2.094,9.91982,114.81444,105.36502,28.246,3.758,341.831,,0.4371
11147,526718046170473231,easy,images/00011/0011147_ref.png,images/00011/0011147_search.png,815.7748,616.5727,815.865912717485,616.7405563584865,0.1909902729770081,0.4462637775591326,0.2552735045821245,0.38431166086373086,0.8513421416282654,0.09111271748497529,0.16785635848646052,hit,6.403326034545898,0.34011757373809814,0.0,10.0,False,-2.3742,10.01778,92.6799,114.66357,70.168,5.923,353.564,,0.4194
158986,1287046032043443032,hard,images/00158/0158986_ref.png,images/00158/0158986_search.png,369.459,258.0869,369.22637238696166,258.0982732489217,0.2329054682461395,1.3038252764440708,1.0709198081979312,1.0762947577954824,0.9026749134063721,-0.23262761303834623,0.011373248921699997,hit,5.633761405944824,0.313301146030426,0.0,10.0,False,1.4848,10.05371,134.23363,168.80175,53.625,5.178,,23.381,0.1764
79126,4216656312481821176,medium,images/00079/0079126_ref.png,images/00079/0079126_search.png,654.1086,307.7344,653.9393272761012,307.6346777420218,0.19646318686312964,0.38504364502542276,0.18858045816229313,0.45609885487117685,0.7311292290687561,-0.16927272389887094,-0.09972225797821466,hit,4.815361976623535,0.2844855487346649,0.0,10.0,False,1.7896,10.29701,109.82273,104.99854,87.762,6.624,246.278,,0.3789
64211,3552697048373724369,hard,images/00064/0064211_ref.png,images/00064/0064211_search.png,193.3938,483.427,193.49844056185484,483.2956077229285,0.16796897826485804,0.8948756953272757,0.7269067170624177,0.7318761432918356,0.8470396995544434,0.10464056185483628,-0.13139227707154078,hit,1.3167839050292969,0.028193490579724312,0.0,10.0,False,-2.0896,10.0535,97.25732,85.01211,43.419,4.659,,18.503,0.9347
29765,607723085899738960,easy,images/00029/0029765_ref.png,images/00029/0029765_search.png,476.3187,196.3266,476.61131347947446,196.5762562414766,0.38464384471662355,0.23954070630099128,-0.14510313841563227,0.23959857716476834,0.8434761166572571,0.2926134794744826,0.24965624147660037,hit,6.677633285522461,0.34006747603416443,0.0,10.0,False,-0.3548,10.04847,136.28662,121.90985,84.183,6.488,329.695,,0.6565
36225,840019172126820980,easy,images/00036/0036225_ref.png,images/00036/0036225_search.png,263.2817,605.8787,263.6303049851092,606.0006547632398,0.36932154001611484,0.9462881643013341,0.5769666242852193,0.6222278097969793,0.7368845343589783,0.3486049851092048,0.12195476323984167,hit,2.8935041427612305,0.21454250812530518,0.0,10.0,False,0.3171,9.9875,101.30632,134.69079,49.238,4.962,315.476,,0.9169
140118,3573103957553058207,medium,images/00140/0140118_ref.png,images/00140/0140118_search.png,563.5022,444.4238,564.1062444955928,444.36204381318424,0.6071931976446946,0.7412625877481285,0.13406939010343388,0.2654511861016234,0.8682063817977905,0.6040444955928024,-0.061756186815784986,hit,6.644268035888672,0.2958953380584717,0.0,10.0,False,-1.5729,9.97904,116.51905,93.11014,49.383,4.969,176.539,,0.3694
89940,1862188936782825946,medium,images/00089/0089940_ref.png,images/00089/0089940_search.png,278.5198,880.1925,278.4598666819067,880.362231275806,0.18000196833483925,0.6003718243116767,0.4203698559768374,0.532116655657418,0.8803931474685669,-0.05993331809327174,0.1697312758060434,hit,4.894741058349609,0.28779157996177673,0.0,10.0,False,-2.0619,10.01413,135.29347,131.35956,77.974,6.244,281.087,,0.4335
77864,675243332296938805,medium,images/00077/0077864_ref.png,images/00077/0077864_search.png,614.5058,322.3447,614.3857970597571,322.4086543735101,0.1359811294187976,0.27190426237821275,0.13592313295941513,0.3227617653083397,0.8181147575378418,-0.12000294024289815,0.06395437351011424,hit,6.1743316650390625,0.3623471260070801,0.0,10.0,False,0.8924,10.00852,179.05108,146.55478,71.779,5.991,199.239,,0.234
87440,2907943393530454743,easy,images/00087/0087440_ref.png,images/00087/0087440_search.png,323.2602,224.0524,323.3430929586337,223.9595932168064,0.12443609443320691,0.11267576857553102,-0.01176032585767589,0.1491160296407697,0.796127200126648,0.08289295863369261,-0.09280678319359481,hit,4.8564043045043945,0.23809824883937836,0.0,10.0,False,2.8118,10.09172,97.20591,98.88914,25.965,3.603,360.72,,0.3935
161470,3912718043975713863,hard,images/00161/0161470_ref.png,images/00161/0161470_search.png,819.4805,210.4465,629.259535499447,662.297396212852,490.25834795939807,489.71934171084,-0.5390062485580529,0.5891162850160813,0.7492085695266724,-190.220964500553,451.85089621285204,periodic-lock,0.12357807159423828,0.0013527758419513702,0.0,10.0,False,5.234,9.83442,125.55253,109.7305,28.288,3.761,,14.287,0.5309
100824,1736749362950896505,easy,images/00100/0100824_ref.png,images/00100/0100824_search.png,779.0419,552.7207,778.8907455102911,552.8482722566267,0.197793732003841,0.426605552593969,0.22881182059012797,0.24247865206356956,0.7889865040779114,-0.1511544897089152,0.1275722566267632,hit,5.8616533279418945,0.31466275453567505,0.0,10.0,False,-0.5112,10.03874,153.31105,121.14682,40.671,4.51,347.041,,0.227
96114,4247688563985887365,medium,images/00096/0096114_ref.png,images/00096/0096114_search.png,344.4817,746.192,343.8458542129353,746.275144193472,0.6412587791492688,0.7322947260449058,0.09103594689563699,0.392390603009165,0.8210153579711914,-0.6358457870646816,0.08314419347198054,hit,6.760499000549316,0.31713253259658813,0.0,10.0,False,1.4183,9.87913,101.6037,131.42054,35.101,4.189,235.742,,0.6118
55778,3114057441207677903,easy,images/00055/0055778_ref.png,images/00055/0055778_search.png,568.877,516.7622,568.9028581258107,517.0989439339297,0.3377352805214464,0.4319325730071484,0.09419729248570197,0.21356994562753395,0.7380202412605286,0.025858125810714228,0.3367439339297107,hit,5.7027387619018555,0.3165345788002014,0.0,10.0,False,1.9904,10.0777,103.72855,127.24543,58.47,5.407,428.887,,0.5159
61724,4158307118753747231,hard,images/00061/0061724_ref.png,images/00061/0061724_search.png,736.835,738.0092,736.642588452387,737.8194134694669,0.2702612270130728,0.37252743045616754,0.10226620344309473,0.512195802050437,0.8423447012901306,-0.1924115476130055,-0.1897865305330697,hit,4.028215408325195,0.21788446605205536,0.0,10.0,False,0.0874,9.99571,132.96255,113.47545,28.463,3.772,,16.222,0.5694
40333,1518821434858986584,easy,images/00040/0040333_ref.png,images/00040/0040333_search.png,416.3512,360.5118,416.33984252529183,360.4683007438077,0.04495750794952864,0.36235006800709085,0.3173925600575622,0.341369008394615,0.8563427329063416,-0.011357474708177051,-0.043499256192319535,hit,6.303147315979004,0.387938529253006,0.0,10.0,False,-1.6931,10.19944,106.08078,105.13571,69.003,5.874,340.946,,0.9281
34614,3520821370859399472,medium,images/00034/0034614_ref.png,images/00034/0034614_search.png,810.4699,886.548,810.27551813434,886.7856942919168,0.30705518414008676,0.5384771735755679,0.23142198943548115,0.6408469609224852,0.7660565376281738,-0.19438186566003424,0.23769429191679592,hit,5.514619827270508,0.31792014837265015,0.0,10.0,False,0.2531,10.22937,175.04971,145.65401,67.61,5.814,185.901,,0.1203
51672,4073176674826153345,easy,images/00051/0051672_ref.png,images/00051/0051672_search.png,237.7452,702.1892,237.4487158147689,702.1549774048764,0.2984527736663874,0.04724290363918148,-0.2512098700272059,0.25132538614621897,0.8646525144577026,-0.2964841852311224,-0.034222595123651445,hit,6.903465270996094,0.4247805178165436,0.0,10.0,False,-2.4995,10.09554,125.66317,105.76966,62.7,5.599,374.147,,0.0646
129275,1463560678685483107,easy,images/00129/0129275_ref.png,images/00129/0129275_search.png,761.7701,140.5398,761.7059633047228,140.56849715763911,0.07026409138130257,0.18154055056406546,0.11127645918276288,0.19504596168786983,0.8776188492774963,-0.06413669527717047,0.02869715763910108,hit,6.008879661560059,0.4367029666900635,0.0,10.0,False,-2.2934,9.95514,97.53266,89.89178,92.35,6.795,388.568,,0.0863
2972,4444109044294671030,medium,images/00002/0002972_ref.png,images/00002/0002972_search.png,618.1121,409.3948,618.6954841027485,409.27356978122276,0.5958471089838591,0.45909333321832724,-0.13675377576553183,0.14290002354308468,0.7991064190864563,0.5833841027484823,-0.12123021877721385,hit,3.9671249389648438,0.3236090838909149,0.0,10.0,False,-1.5421,10.04764,95.05318,100.04014,33.803,4.111,226.406,,0.8485
37418,900598563167558156,hard,images/00037/0037418_ref.png,images/00037/0037418_search.png,793.647,511.7995,793.5671337516677,511.9274281907597,0.1508119345865242,0.436607728223386,0.2857957936368618,0.33146403031490174,0.8245910406112671,-0.07986624833233691,0.12792819075968964,hit,4.171581268310547,0.35254010558128357,0.0,10.0,False,1.0848,9.91478,70.05936,77.32043,30.728,3.92,,25.871,0.4808
144127,4500409116021413289,medium,images/00144/0144127_ref.png,images/00144/0144127_search.png,319.6912,222.9807,319.400888217207,223.06282768903426,0.3017049693567191,0.9698396757492976,0.6681347063925785,0.7274406859129553,0.7724986672401428,-0.2903117827929691,0.08212768903425172,hit,6.331399917602539,0.2759389579296112,0.0,10.0,False,1.3196,10.09471,99.32387,91.07199,23.367,3.418,199.339,,0.5124
148401,1137657622691826217,easy,images/00148/0148401_ref.png,images/00148/0148401_search.png,384.2557,673.7534,384.1775313678407,673.6693868863199,0.11475425187718173,0.47295744222194147,0.3582031903447597,0.4001713336364372,0.8526461720466614,-0.07816863215930425,-0.0840131136801574,hit,4.71926212310791,0.3116318881511688,0.0,10.0,False,0.7828,9.88292,171.32844,150.10769,26.343,3.629,399.866,,0.6709
146909,2474495008368201148,medium,images/00146/0146909_ref.png,images/00146/0146909_search.png,205.9676,724.4212,206.07993826748358,724.185222391171,0.26135286149162335,0.6922393319576806,0.43088647046605727,0.49115021353449856,0.7790008187294006,0.11233826748357956,-0.2359776088289891,hit,2.7766637802124023,0.2488783448934555,0.0,10.0,False,0.9022,9.82864,169.604,139.8943,48.047,4.901,198.814,,0.2223
72648,1043306758699317401,medium,images/00072/0072648_ref.png,images/00072/0072648_search.png,743.9406,565.6963,743.7825737312995,565.7068267049425,0.15837649167837023,0.4476044096476164,0.2892279179692462,0.4252684675282362,0.7895254492759705,-0.15802626870049608,0.010526704942549259,hit,5.054368019104004,0.2740534245967865,0.0,10.0,False,-0.8996,9.88472,158.8017,154.49517,36.366,4.264,234.283,,0.7569
127209,3697920973440825695,easy,images/00127/0127209_ref.png,images/00127/0127209_search.png,145.1595,340.2616,145.07350674933045,340.18927059322414,0.11236717601356805,0.24876218833544503,0.13639501232187698,0.3423177135663344,0.7354342341423035,-0.08599325066955998,-0.0723294067758502,hit,3.7338504791259766,0.3909858763217926,0.0,10.0,False,-2.7218,10.13666,119.02165,156.61786,26.915,3.668,324.974,,0.3159
56989,3519807931622057952,easy,images/00056/0056989_ref.png,images/00056/0056989_search.png,174.363,180.6455,174.79267919748102,180.702336895765,0.4334220177472953,0.11080790390869129,-0.322614113838604,0.4787735600173535,0.599504828453064,0.4296791974810219,0.05683689576500228,hit,6.990666389465332,0.32941171526908875,0.0,10.0,False,0.7901,10.25049,128.30808,120.88564,26.368,3.631,384.154,,0.9125
12238,3559520381523341763,easy,images/00012/0012238_ref.png,images/00012/0012238_search.png,184.5969,404.2985,184.57051952426872,404.13913246821267,0.1615361869297187,0.6149914099191031,0.45345522298938434,0.4719808340160716,0.8502746224403381,-0.02638047573128688,-0.15936753178732488,hit,5.682930946350098,0.2504298985004425,0.0,10.0,False,1.6176,9.84551,142.64377,131.08534,47.426,4.87,426.448,,0.28
55539,1957708234723565452,easy,images/00055/0055539_ref.png,images/00055/0055539_search.png,535.2357,382.9013,535.3722579810673,382.7630972887851,0.19428862957035367,0.2985865983232358,0.10429796875288214,0.19583352230898463,0.9272040724754333,0.13655798106731254,-0.13820271121488759,hit,5.819951057434082,0.22579872608184814,0.0,10.0,False,-0.428,9.97463,195.03491,147.51645,83.244,6.452,405.201,,0.448
129320,3301876367317556345,hard,images/00129/0129320_ref.png,images/00129/0129320_search.png,292.7665,273.7572,292.61246154421855,273.787171781907,0.15692722380204036,0.42339018730891936,0.26646296350687904,0.3008460739635229,0.8592743277549744,-0.15403845578146047,0.02997178190696559,hit,5.920117378234863,0.3311249911785126,0.0,10.0,False,0.1941,10.16788,163.78048,134.3482,98.166,7.006,,30.809,0.3551
62021,4403617794803839039,medium,images/00062/0062021_ref.png,images/00062/0062021_search.png,880.3996,595.638,880.449756621072,595.657987083779,0.05399231570646075,0.6155396073081022,0.5615472916016414,0.6666861600768197,0.6843865513801575,0.05015662107200569,0.019987083778914894,hit,4.716916084289551,0.25655731558799744,0.0,10.0,False,-1.8669,9.94961,60.22306,73.10528,83.742,6.471,282.591,,0.1569
40381,169368401518739525,medium,images/00040/0040381_ref.png,images/00040/0040381_search.png,586.1673,645.588,584.9737111958245,645.5918387531243,1.1935949771503138,0.8811268101715644,-0.31246816697874946,0.3125184679904112,0.6298162341117859,-1.1935888041754197,0.003838753124341565,near-miss,8.265098571777344,0.49390342831611633,0.0,10.0,False,-0.5624,10.07437,84.40134,92.25042,36.577,4.277,215.889,,2.356
129140,3003949552169932225,easy,images/00129/0129140_ref.png,images/00129/0129140_search.png,619.0147,446.9945,619.2437420706908,446.99037866058063,0.2290791469884798,0.24516666200763274,0.016087515019152926,0.31718895485460885,0.8270624279975891,0.22904207069086624,-0.00412133941938464,hit,5.070427894592285,0.27836352586746216,0.0,10.0,False,-1.5223,9.8913,105.37733,87.32121,35.264,4.199,341.227,,0.3816
47889,456059641394658314,medium,images/00047/0047889_ref.png,images/00047/0047889_search.png,613.4267,619.2815,613.2253006400693,619.1645318550777,0.23290180142506847,0.5585775585858043,0.3256757571607358,0.41153742172854285,0.8399372696876526,-0.20139935993063318,-0.11696814492233898,hit,5.604992866516113,0.4002172648906708,0.0,10.0,False,-2.1226,9.9873,72.63326,74.82543,75.839,6.158,203.18,,1.265
4186,372637959083218305,easy,images/00004/0004186_ref.png,images/00004/0004186_search.png,595.4808,193.4777,595.5290198281352,193.40163749192584,0.09005918587195101,0.21727508433088102,0.12721589845893,0.2158743488859551,0.8312675952911377,0.048219828135188436,-0.07606250807415904,hit,2.179762840270996,0.2564347982406616,0.0,10.0,False,-2.8374,10.05719,95.7405,101.16138,54.06,5.199,368.99,,0.0621
92200,77680148117472338,easy,images/00092/0092200_ref.png,images/00092/0092200_search.png,671.4828,882.5334,671.9099357280029,882.5376073915183,0.4271564494186546,0.923758936187589,0.49660248676893437,0.5009583246281879,0.7391971349716187,0.4271357280028951,0.0042073915183209465,hit,4.520005226135254,0.33605578541755676,0.0,10.0,False,-1.4962,10.03534,92.66529,112.57302,47.66,4.882,333.516,,0.7921
86575,3971706623573747616,easy,images/00086/0086575_ref.png,images/00086/0086575_search.png,677.7464,558.2269,677.5653303822406,558.2625429265864,0.18454437052147543,0.3458654151090192,0.16132104458754376,0.21670626474653382,0.8577232956886292,-0.1810696177593627,0.03564292658643353,hit,6.8386335372924805,0.45210984349250793,0.0,10.0,False,0.3408,10.02737,73.52346,85.69845,72.162,6.007,348.592,,0.5198
121850,3332189353119172910,easy,images/00121/0121850_ref.png,images/00121/0121850_search.png,245.9312,720.8003,246.09908184355282,720.845563885562,0.1738767745585041,0.7109482692405842,0.53707149468208,0.7771565058357441,0.9027747511863708,0.1678818435528342,0.045263885562008,hit,8.560781478881836,0.3458900451660156,0.0,10.0,False,0.6724,10.00302,166.11379,157.57703,46.641,4.829,410.264,,0.8457
91395,1752650283798600876,easy,images/00091/0091395_ref.png,images/00091/0091395_search.png,602.5145,483.3194,602.3297425797296,483.3479490978117,0.18695014129669027,0.8898793723180384,0.7029292310213481,1.0742370858143513,0.8044146299362183,-0.18475742027044362,0.028549097811719548,hit,0.6521415710449219,0.15600942075252533,0.0,10.0,False,-1.8269,10.06344,76.57246,81.46449,22.835,3.379,343.207,,0.5585
73990,3891659182362613822,easy,images/00073/0073990_ref.png,images/00073/0073990_search.png,512.1693,706.6437,511.78760727011604,706.5869838061722,0.3858834884892054,0.5564270593558914,0.17054357086668603,0.18159281165496663,0.7186053395271301,-0.38169272988398006,-0.05671619382781046,hit,8.678308486938477,0.29936593770980835,0.0,10.0,False,-2.8712,9.88917,95.18949,112.20438,55.457,5.266,418.197,,0.9086
94090,1914246031908458446,easy,images/00094/0094090_ref.png,images/00094/0094090_search.png,205.4725,594.2135,205.54826480052793,594.2456913031376,0.08232001577222174,0.37539277062366383,0.2930727548514421,0.35024333351908393,0.8077108860015869,0.075764800527935,0.03219130313766527,hit,3.866741180419922,0.4367067813873291,0.0,10.0,False,1.1947,10.07878,90.87307,86.41578,24.999,3.535,317.228,,1.0343
68051,402880590793071190,medium,images/00068/0068051_ref.png,images/00068/0068051_search.png,672.4957,126.3655,672.2970468930907,126.4029407962425,0.2021506124353775,0.9875649342152626,0.7854143217798851,1.1625399698817334,0.7457568645477295,-0.19865310690931892,0.037440796242506735,hit,4.452728271484375,0.38453492522239685,0.0,10.0,False,-1.8983,9.97228,73.70938,94.74131,24.344,3.489,180.029,,0.4778
36841,1621863327504363287,easy,images/00036/0036841_ref.png,images/00036/0036841_search.png,373.3569,257.8436,373.1897839744892,257.86016540803337,0.16793504317393684,0.7472916298018428,0.579356586627906,0.6359291424513056,0.7785921692848206,-0.1671160255107793,0.016565408033386575,hit,4.1232757568359375,0.3597880005836487,0.0,10.0,False,0.6029,9.83164,153.6811,126.13953,30.405,3.899,317.533,,0.1572
167600,2395547455782045256,hard,images/00167/0167600_ref.png,images/00167/0167600_search.png,507.6745,128.4059,507.60256623366223,128.3919709960642,0.07326993851630907,0.4867850293248363,0.4135150908085272,0.5183864470030576,0.8199844360351562,-0.0719337663377928,-0.01392900393580021,hit,0.5640783309936523,0.0737135112285614,0.0,10.0,False,1.0353,9.89363,106.14138,95.12754,51.133,5.056,,27.482,0.5062
3493,3969742539369666379,medium,images/00003/0003493_ref.png,images/00003/0003493_search.png,447.2553,446.2535,447.90244078197793,446.14270845462255,0.6565561348629332,0.7645945935160423,0.10803845865310913,0.1159860918175158,0.8054091334342957,0.6471407819779529,-0.11079154537742397,hit,4.308036804199219,0.30821770429611206,0.0,10.0,False,-2.2889,9.96021,118.03117,99.62707,55.573,5.271,186.678,,0.2787
87707,66637460115038441,medium,images/00087/0087707_ref.png,images/00087/0087707_search.png,812.6778,452.5288,812.6274880049899,452.6548864376259,0.13575377193690435,0.7238873699203646,0.5881335979834603,0.7827440674939128,0.7932690382003784,-0.050311995010133614,0.1260864376259292,hit,3.8273210525512695,0.2590949237346649,0.0,10.0,False,1.6489,10.0285,134.6499,151.4354,30.787,3.923,174.184,,0.3728
99050,486913540631375319,medium,images/00099/0099050_ref.png,images/00099/0099050_search.png,484.2489,471.3129,484.2559836541749,471.2760158442707,0.03755820949316504,0.15472733487254825,0.1171691253793832,0.12779922292947238,0.7990987300872803,0.0070836541748917625,-0.03688415572929671,hit,4.25390625,0.26670899987220764,0.0,10.0,False,-0.303,9.9917,104.93014,87.81789,77.084,6.208,177.753,,0.1058
143516,2107534669201364332,hard,images/00143/0143516_ref.png,images/00143/0143516_search.png,825.2243,743.2096,825.8532679400957,743.0776794559714,0.6426536389106737,0.7012471434121007,0.058593504501426974,0.06109787578460814,0.8458502292633057,0.6289679400957766,-0.13192054402861686,hit,5.627874374389648,0.23599913716316223,0.0,10.0,False,-1.1405,9.89031,109.86542,113.66313,74.279,6.094,,22.642,0.7996
120548,2810007803892245088,easy,images/00120/0120548_ref.png,images/00120/0120548_search.png,288.0455,871.5135,287.92377100445356,871.4177692256725,0.15486229208589355,0.40119002863363257,0.246327736547739,0.2616555885652076,0.81162428855896,-0.121728995546448,-0.09573077432753507,hit,2.7399988174438477,0.20134462416172028,0.0,10.0,False,0.6976,9.95974,137.30767,166.87559,103.09,7.179,390.076,,0.4413
11057,237701300133556272,easy,images/00011/0011057_ref.png,images/00011/0011057_search.png,114.6818,734.6439,114.37715279585262,734.6623112807474,0.3052030377528534,0.49417439251843687,0.18897135476558347,0.496613143724083,0.7911641001701355,-0.304647204147372,0.018411280747386627,hit,5.855426788330078,0.2565268874168396,0.0,10.0,False,4.0867,9.90605,92.46135,90.05846,60.704,5.509,409.865,,0.746
23084,3308483008665302729,easy,images/00023/0023084_ref.png,images/00023/0023084_search.png,538.8353,760.4079,538.6250901946462,760.4355587347278,0.21202162124087925,0.3978741158072838,0.18585249456640457,0.34928974158619625,0.8719292879104614,-0.2102098053537702,0.027658734727765477,hit,8.036917686462402,0.2980571687221527,0.0,10.0,False,-0.7599,9.88227,119.06084,146.6059,83.432,6.459,368.366,,0.4291
1120,3942065048626247673,hard,images/00001/0001120_ref.png,images/00001/0001120_search.png,498.8534,517.4498,498.25693177559316,517.4392999024449,0.5965606379704768,0.4328761317411724,-0.16368450622930436,0.24226504943902133,0.6927966475486755,-0.5964682244068626,-0.010500097555109278,hit,1.0026683807373047,0.0775807648897171,0.0,10.0,False,-0.5987,9.85666,103.00116,120.89337,22.762,3.374,,15.577,0.9753
127579,2932653882873179224,easy,images/00127/0127579_ref.png,images/00127/0127579_search.png,215.8595,515.0153,215.67299004909367,515.0966049167909,0.20346117880677855,0.5279566291982846,0.324495450391506,0.7297030544297762,0.7646343111991882,-0.18650995090632705,0.08130491679082752,hit,6.5712890625,0.27492469549179077,0.0,10.0,False,2.0014,9.83815,108.30627,125.71342,33.444,4.089,380.506,,0.3086
167763,345963239853892159,hard,images/00167/0167763_ref.png,images/00167/0167763_search.png,366.2774,125.1718,366.0496080512499,125.19652562056481,0.2291299374322076,0.543571927050922,0.31444198961871445,0.31499898652866004,0.9025741219520569,-0.22779194875010944,0.024725620564808537,hit,3.4449386596679688,0.3949171304702759,0.0,10.0,False,0.2286,9.97518,142.73648,106.66566,88.84,6.665,,24.816,0.986
129514,3035283833567516820,medium,images/00129/0129514_ref.png,images/00129/0129514_search.png,849.1902,636.9606,850.0552751536076,637.0820198960638,0.8735546992314177,1.4557023102825484,0.5821476110511307,0.5883113254476857,0.7069354057312012,0.8650751536075632,0.12141989606379866,hit,5.086968421936035,0.22277863323688507,0.0,10.0,False,-3.6333,9.90435,201.06587,158.5725,31.569,3.973,206.613,,1.1252
11943,3697878564490211425,hard,images/00011/0011943_ref.png,images/00011/0011943_search.png,681.6958,446.9447,681.1235397071206,447.1902838188337,0.6227304833387537,0.5823358996143447,-0.04039458372440896,1.0945632315795406,0.7783348560333252,-0.5722602928793776,0.24558381883366565,hit,3.9861135482788086,0.1613229513168335,0.0,10.0,False,-0.125,9.93654,129.54598,125.64219,32.56,4.035,,17.114,1.1824
94589,1161517267970989031,easy,images/00094/0094589_ref.png,images/00094/0094589_search.png,322.4476,752.5768,321.3754279830355,752.9302908444735,1.128941367427177,0.7891380953658117,-0.3398032720613654,0.37989449068510117,0.8288846611976624,-1.0721720169645437,0.35349084447341284,near-miss,5.424160957336426,0.37238869071006775,0.0,10.0,False,0.295,9.91444,98.18984,103.73576,87.777,6.625,397.043,,1.1806
56629,3969180602674223921,medium,images/00056/0056629_ref.png,images/00056/0056629_search.png,155.1205,586.3275,155.29848894102662,586.493390421829,0.2433098748147629,0.4098321327648969,0.16652225795013398,0.1690948399039645,0.7479993104934692,0.17798894102662643,0.1658904218289763,hit,3.3284788131713867,0.27054619789123535,0.0,10.0,False,2.3692,9.82849,169.77623,142.10356,28.34,3.764,262.609,,1.1422
73078,1555078020991434204,medium,images/00073/0073078_ref.png,images/00073/0073078_search.png,772.7571,457.1579,772.6948968597621,457.06938086871514,0.10818903483661568,0.08173344973974575,-0.026455585096869932,0.1372849035527099,0.880717396736145,-0.06220314023789797,-0.08851913128484057,hit,8.296415328979492,0.4963856637477875,0.0,10.0,False,-1.9122,10.07341,67.43286,82.79964,85.059,6.521,171.008,,0.3145
86509,4341754497017538198,easy,images/00086/0086509_ref.png,images/00086/0086509_search.png,268.5824,260.5902,268.67039109248736,260.6332890860627,0.09797500545974988,0.24998137788266664,0.15200637242291676,0.16105538217084145,0.8588066697120667,0.08799109248735704,0.04308908606270734,hit,3.054676055908203,0.35197293758392334,0.0,10.0,False,2.5123,9.93596,110.67846,109.19734,67.141,5.794,344.974,,0.3879
89526,3570521104126493832,medium,images/00089/0089526_ref.png,images/00089/0089526_search.png,273.0217,641.7586,273.33242193088904,641.7935233888325,0.31267836737284904,0.48085954371003514,0.1681811763371861,0.24291325761122617,0.6647245287895203,0.3107219308890308,0.034923388832453384,hit,6.995553016662598,0.4015534520149231,0.0,10.0,False,-0.4083,10.18258,120.29609,158.87765,34.796,4.171,207.127,,0.543
138185,1845635848036792077,medium,images/00138/0138185_ref.png,images/00138/0138185_search.png,158.242,182.1296,158.31900691411445,182.12205397773226,0.07737575378306584,0.4888043102867197,0.4114285565036539,0.4362871231000421,0.8423112630844116,0.07700691411446314,-0.007546022267746366,hit,7.870674133300781,0.3452596962451935,0.0,10.0,False,-1.4072,9.94801,163.50394,158.01716,90.345,6.721,175.649,,0.2136
88279,2364478666838076832,easy,images/00088/0088279_ref.png,images/00088/0088279_search.png,455.5483,287.3944,455.83763919439554,287.32111642295615,0.2984755468674301,0.38035785915951253,0.08188231229208243,0.4876376948009463,0.7500115036964417,0.2893391943955521,-0.0732835770438669,hit,6.477502822875977,0.2401389628648758,0.0,10.0,False,0.0333,10.21091,125.14066,127.6323,49.141,4.957,331.515,,0.1512
138674,2847568178259328860,easy,images/00138/0138674_ref.png,images/00138/0138674_search.png,230.7125,288.656,231.01190593725195,288.6228571882181,0.3012347278029652,1.1821079962233962,0.880873268420431,1.4829980735147708,0.7274361252784729,0.2994059372519473,-0.03314281178188594,hit,5.359845161437988,0.2978843152523041,0.0,10.0,False,2.0878,9.98933,93.03294,93.0894,26.917,3.669,402.828,,0.2671
141310,2673982479443825057,medium,images/00141/0141310_ref.png,images/00141/0141310_search.png,712.243,257.7492,713.2973934192729,257.7229806448253,1.0547193641873076,1.3045360718721286,0.249816707684821,0.4489314037890362,0.7412621974945068,1.0543934192728557,-0.026219355174646353,near-miss,6.079793930053711,0.46555984020233154,0.0,10.0,False,1.3295,10.00667,78.8146,92.16076,71.39,5.975,241.696,,0.9347
48572,2581695623773606204,easy,images/00048/0048572_ref.png,images/00048/0048572_search.png,566.3199,612.619,566.2507312157092,612.5504992311045,0.09734822062857451,0.29166517726779034,0.19431695663921583,0.31569150660527845,0.7897771000862122,-0.06916878429080953,-0.06850076889554657,hit,3.6545228958129883,0.4080541431903839,0.0,10.0,False,-1.2522,9.83141,86.14419,73.51059,92.4,6.797,329.649,,0.4061
10026,3466550719847473773,easy,images/00010/0010026_ref.png,images/00010/0010026_search.png,670.5488,763.6142,671.8082633289291,763.7007442304488,1.2624332777383171,1.4440595891006731,0.18162631136235596,0.22641083414654886,0.7231154441833496,1.2594633289290869,0.08654423044879422,near-miss,6.607248306274414,0.2902088463306427,0.0,10.0,False,-0.7955,9.84434,94.41348,73.05902,30.037,3.875,347.521,,1.9443
60177,1588152684972832073,easy,images/00060/0060177_ref.png,images/00060/0060177_search.png,164.4814,851.9599,163.49122293042294,851.8936651171277,0.9923898875065854,1.549207153529339,0.5568172660227536,0.6001869709455581,0.7912052869796753,-0.9901770695770722,-0.0662348828722088,hit,8.415125846862793,0.2888813316822052,0.0,10.0,False,1.2327,10.03127,99.58324,74.07133,52.304,5.114,411.985,,1.2222
96215,4446468677960577978,easy,images/00096/0096215_ref.png,images/00096/0096215_search.png,537.5194,272.8597,536.4229942149838,272.7386480252367,1.1030680967244049,0.30449057769136345,-0.7985775190330414,0.8214864543516781,0.7673206329345703,-1.096405785016259,-0.12105197476324747,near-miss,7.751626968383789,0.42744800448417664,0.0,10.0,False,1.0855,10.17785,150.72374,127.43159,55.212,5.254,305.917,,1.499
98970,3693013924415531538,easy,images/00098/0098970_ref.png,images/00098/0098970_search.png,498.2285,640.5201,497.4738973539916,640.6019574257637,0.7590295063536776,0.8752677312081256,0.11623822485444801,0.48904301655279503,0.8336338400840759,-0.7546026460083795,0.08185742576370103,hit,3.9143943786621094,0.2639271020889282,0.0,10.0,False,0.3934,9.82685,228.79128,169.97051,58.399,5.404,354.391,,1.2499
101942,3418831061054325505,medium,images/00101/0101942_ref.png,images/00101/0101942_search.png,324.3086,483.0032,323.96859056863997,483.07707308198667,0.3479420147898083,1.0252150547519403,0.6772730399621321,0.6948532679295334,0.901003360748291,-0.3400094313600448,0.07387308198667597,hit,2.980097770690918,0.19028010964393616,0.0,10.0,False,-1.2922,10.09504,109.49652,126.73386,73.062,6.044,280.18,,1.2439
55214,3542435861915351866,medium,images/00055/0055214_ref.png,images/00055/0055214_search.png,852.8082,188.8214,852.5136004219312,188.80937264113894,0.2948449910707807,0.4783618186707013,0.1835168275999206,0.26597379532526355,0.7950488328933716,-0.29459957806886905,-0.012027358861075754,hit,6.824062347412109,0.3607003092765808,0.0,10.0,False,-1.1838,9.94829,111.0765,85.86338,32.751,4.047,283.122,,0.0462
33420,2053041477767303386,easy,images/00033/0033420_ref.png,images/00033/0033420_search.png,373.9672,207.5724,373.912928617312,207.624487870182,0.07522319588375945,0.08917131118492612,0.013948115301166672,0.06850550653236318,0.8523258566856384,-0.05427138268800036,0.05208787018202088,hit,8.762374877929688,0.32713377475738525,0.0,10.0,False,0.4233,9.92492,124.44915,109.24406,34.205,4.135,383.509,,0.262
110201,326288208423208385,easy,images/00110/0110201_ref.png,images/00110/0110201_search.png,312.0935,568.4171,312.0811726550599,568.2355070993823,0.18201083755652542,0.7654364983486005,0.5834256607920751,0.7928372720675713,0.7460918426513672,-0.012327344940104012,-0.1815929006177157,hit,6.4212188720703125,0.27188900113105774,0.0,10.0,False,-1.0974,10.06649,122.33775,147.91097,22.553,3.358,308.005,,0.8613
166139,3048847147236709864,hard,images/00166/0166139_ref.png,images/00166/0166139_search.png,288.028,758.4494,287.9582953126752,758.3545930316869,0.11767372126247858,0.44443881851720446,0.3267650972547259,0.36461775120760537,0.8522307872772217,-0.0697046873248155,-0.09480696831303703,hit,5.614229202270508,0.2470090091228485,0.0,10.0,False,-0.6008,10.05316,84.79711,74.27562,88.517,6.653,,30.755,1.3012
123644,3661728141838932089,easy,images/00123/0123644_ref.png,images/00123/0123644_search.png,766.3714,165.2656,766.4553218047532,165.19550490119002,0.10934437429617129,0.592163875174513,0.4828195008783417,0.6906033072666229,0.7223635911941528,0.0839218047532313,-0.07009509880998621,hit,6.701213836669922,0.353092223405838,0.0,10.0,False,-2.1161,10.13661,109.56079,124.131,32.344,4.021,390.254,,0.213
120769,4379080997828480901,medium,images/00120/0120769_ref.png,images/00120/0120769_search.png,414.9106,635.5402,415.1147600967211,635.5314883638669,0.20434587761267897,0.2774858022152451,0.07313992460256613,0.15209138909507824,0.876370906829834,0.20416009672112523,-0.008711636133170941,hit,3.995366096496582,0.23623400926589966,0.0,10.0,False,0.0832,9.79321,184.41833,167.63595,59.44,5.452,186.592,,1.4295
28056,2505773416042805982,easy,images/00028/0028056_ref.png,images/00028/0028056_search.png,334.6048,210.6492,334.52150664938654,210.86199464164648,0.22851551756908728,0.4358035244293281,0.20728800686024085,0.31906619335233843,0.8171616196632385,-0.08329335061347365,0.2127946416464681,hit,4.716670036315918,0.39214441180229187,0.0,10.0,False,-2.6204,9.92125,115.07588,86.27617,30.001,3.873,326.554,,0.2615
86221,2785347170817420320,easy,images/00086/0086221_ref.png,images/00086/0086221_search.png,616.9523,418.3526,616.7894961746488,418.41389632968566,0.17396070125731616,0.3889489384832876,0.21498823722597143,0.5202531680833987,0.8946599364280701,-0.16280382535126137,0.06129632968566057,hit,5.926715850830078,0.3511222302913666,0.0,10.0,False,-0.5527,10.01435,191.87476,157.1232,34.333,4.143,371.697,,0.6524
176275,2004996868317267282,hard,images/00176/0176275_ref.png,images/00176/0176275_search.png,397.9373,470.5877,70.83687379836348,76.80647278753679,511.91634446093417,512.870314051744,0.9539695908098338,1.0899757765520446,0.8361160755157471,-327.10042620163654,-393.7812272124632,gross-miss,0.2526416778564453,0.026374179869890213,0.0,10.0,False,1.819,9.99828,128.6084,153.26303,93.816,6.849,,14.137,0.4741
128868,3611167331006620934,easy,images/00128/0128868_ref.png,images/00128/0128868_search.png,780.3779,135.28,780.5221481585916,135.44727457835202,0.22088077286155158,0.5905813217252802,0.3697005488637286,0.500815995644913,0.7801804542541504,0.14424815859160844,0.1672745783520213,hit,2.8146915435791016,0.25111639499664307,0.0,10.0,False,0.6804,9.92132,122.88177,129.20322,22.11,3.325,382.928,,0.2452
101445,3368048626166429101,medium,images/00101/0101445_ref.png,images/00101/0101445_search.png,881.8053,178.511,881.8203845011543,178.45251798072758,0.06039609882479286,0.10650848079878712,0.04611238197399426,0.07725066252797125,0.8338478207588196,0.015084501154319696,-0.05848201927241803,hit,8.043891906738281,0.4408467411994934,0.0,10.0,False,-1.0562,9.9076,103.68757,121.19129,97.298,6.975,237.191,,0.3207
159519,3851010465605598889,hard,images/00159/0159519_ref.png,images/00159/0159519_search.png,605.2037,426.6138,605.3604626251241,426.62183797071356,0.1569685624862092,0.453895538513709,0.29692697602749984,0.3198476824148012,0.7382540106773376,0.15676262512408812,0.00803797071353074,hit,6.815279006958008,0.42811694741249084,0.0,10.0,False,1.3981,9.98133,98.05618,87.99501,39.127,4.423,,30.291,0.1519
164155,54694896909494543,hard,images/00164/0164155_ref.png,images/00164/0164155_search.png,621.944,424.064,258.27006670832634,423.4373867341784,363.6744731212538,360.6753300918021,-2.999143029451716,3.0236165714186685,0.5688558220863342,-363.6739332916736,-0.6266132658216179,periodic-lock,0.4547109603881836,0.09939023852348328,0.0,10.0,False,1.1757,10.07007,113.44615,104.76509,25.221,3.551,,26.76,0.7599
126068,2577770906303995353,medium,images/00126/0126068_ref.png,images/00126/0126068_search.png,691.4504,144.3806,691.5283041073038,144.40567993654435,0.08184163458706976,0.5381188352183613,0.45627720063129157,0.47736725691019183,0.8143839240074158,0.07790410730387975,0.02507993654435836,hit,6.690513610839844,0.29721614718437195,0.0,10.0,False,-1.7717,10.05229,59.33992,76.95456,38.836,4.407,200.922,,0.0089
111810,3215818459653296748,easy,images/00111/0111810_ref.png,images/00111/0111810_search.png,301.0336,163.428,300.76255100623575,163.37838579251874,0.27555240264710446,0.6099634210042326,0.33441101835712816,0.34346778099867004,0.8688507676124573,-0.2710489937642251,-0.049614207481255335,hit,7.147270202636719,0.27404308319091797,0.0,10.0,False,-0.1501,10.10078,161.67684,143.61612,48.431,4.921,339.418,,0.1763
91433,3218848453753862555,medium,images/00091/0091433_ref.png,images/00091/0091433_search.png,446.1776,431.4625,446.2857962247446,431.4094296511646,0.12051093300816867,0.21153380131744984,0.09102286830928116,0.11183372334954399,0.8190125226974487,0.10819622474463131,-0.053070348835376535,hit,1.0174980163574219,0.16817539930343628,0.0,10.0,False,-0.3786,9.95383,142.7534,144.43746,33.981,4.122,190.072,,0.5967
5290,3539424483129089932,hard,images/00005/0005290_ref.png,images/00005/0005290_search.png,705.879,379.6543,706.2238901981915,379.74943103490483,0.35776970611082454,0.40823962119554275,0.05046991508471821,0.3827218426988186,0.7586492896080017,0.3448901981914787,0.09513103490485264,hit,2.7092151641845703,0.238913893699646,0.0,10.0,False,-2.5876,10.00306,64.901,82.60004,40.124,4.479,,25.715,0.6079
73953,523581558345961800,medium,images/00073/0073953_ref.png,images/00073/0073953_search.png,774.302,589.8722,774.2165781735786,589.8028768278061,0.11001177497068423,0.1309985810390277,0.020986806068343467,0.13231844456356653,0.7937206029891968,-0.08542182642145235,-0.06932317219389006,hit,6.486534118652344,0.31999433040618896,0.0,10.0,False,5.5213,10.14222,192.70556,147.35153,69.967,5.915,220.031,,0.1732
41204,4082940237372996941,medium,images/00041/0041204_ref.png,images/00041/0041204_search.png,307.7972,317.9097,308.48851365946217,317.8961274727169,0.6914468810081243,0.21105310943089395,-0.4803937715772304,0.8968256280742269,0.7935394048690796,0.691313659462196,-0.01357252728308822,hit,6.847947120666504,0.30933040380477905,0.0,10.0,False,-1.675,10.09932,147.41921,115.90541,48.909,4.945,218.54,,0.5499
45549,174611381064641225,medium,images/00045/0045549_ref.png,images/00045/0045549_search.png,234.0432,776.0461,233.72530583766905,776.1147254113966,0.32521707448019643,0.5895317293632665,0.26431465488307004,0.624530768129924,0.7908638715744019,-0.31789416233095835,0.06862541139662426,hit,3.2955856323242188,0.2733711004257202,0.0,10.0,False,-0.3491,9.76826,132.08487,159.86869,47.627,4.88,228.254,,0.9676
75952,148896242453063695,medium,images/00075/0075952_ref.png,images/00075/0075952_search.png,378.0135,844.1289,377.8592833581649,844.1906571648055,0.16612260539650842,0.11407160695073572,-0.0520509984457727,0.20349282961017912,0.8392055630683899,-0.1542166418351485,0.06175716480549909,hit,1.7318334579467773,0.13160397112369537,0.0,10.0,False,-1.3872,10.00697,164.78072,128.66651,42.866,4.63,216.521,,0.8867
17329,1426846749798020531,hard,images/00017/0017329_ref.png,images/00017/0017329_search.png,143.3021,583.9076,822.4728881434737,581.9546820750488,679.1735958912484,679.5682820631212,0.3946861718727632,0.44884391745515667,0.7442973256111145,679.1707881434737,-1.9529179249511799,gross-miss,0.7103977203369141,0.04568856954574585,0.0,10.0,False,-0.6961,9.86335,154.05413,124.02443,27.655,3.719,,20.5,0.35
15629,2637962402227852678,easy,images/00015/0015629_ref.png,images/00015/0015629_search.png,328.3853,655.6589,328.20336061813487,655.5298470670941,0.22306187071095293,0.5897341560793787,0.3666722853684258,0.4589797411739751,0.9320213198661804,-0.1819393818651065,-0.1290529329058927,hit,8.117265701293945,0.2921539843082428,0.0,10.0,False,1.518,9.86799,201.84216,159.83983,94.486,6.873,407.941,,0.8996
148290,2218222338645621836,easy,images/00148/0148290_ref.png,images/00148/0148290_search.png,827.932,502.0996,827.9893753358135,501.85737976668315,0.24892282054441087,0.807888214805119,0.5589653942607081,0.8074605960085177,0.7330268621444702,0.057375335813503625,-0.24222023331685705,hit,4.106951713562012,0.2690775990486145,0.0,10.0,False,-0.7507,9.90295,148.85858,167.20342,24.683,3.513,344.921,,0.2471
60310,3457776610465209109,medium,images/00060/0060310_ref.png,images/00060/0060310_search.png,352.9566,619.0915,353.0139953654239,619.0778754763257,0.05899030104599068,1.0779803445412153,1.0189900434952246,1.0640334314237174,0.7702264785766602,0.05739536542392898,-0.013624523674252487,hit,4.874357223510742,0.37598496675491333,0.0,10.0,False,-2.791,10.11512,65.84479,70.6059,57.061,5.341,190.506,,0.8215
150717,451150125437342901,hard,images/00150/0150717_ref.png,images/00150/0150717_search.png,654.2406,125.0666,654.4567777599623,125.04789990224043,0.21698506298484652,0.7361244300506898,0.5191393670658433,0.6577286783955361,0.8342941999435425,0.21617775996230648,-0.01870009775956305,hit,6.8160810470581055,0.24897818267345428,0.0,10.0,False,1.1138,10.08117,117.21922,104.66544,78.825,6.278,,28.29,0.5588
129656,2037491623838795975,easy,images/00129/0129656_ref.png,images/00129/0129656_search.png,283.9696,428.2315,284.04246777005966,428.14044758058435,0.11662013117341925,0.8524501791954443,0.735830048022025,0.964521543160548,0.8690259456634521,0.07286777005964495,-0.09105241941563236,hit,5.146148681640625,0.2777329683303833,0.0,10.0,False,0.0871,9.81366,174.80261,164.85561,38.002,4.359,420.733,,0.186
50382,2876759111965915370,easy,images/00050/0050382_ref.png,images/00050/0050382_search.png,387.3663,566.6238,385.9253289467433,566.6473115646339,1.4411628533914096,0.7235917499550458,-0.7175711034363638,0.7439148608926858,0.8095868229866028,-1.4409710532567033,0.023511564633963644,near-miss,5.675250053405762,0.29907312989234924,0.0,10.0,False,0.6079,9.92922,209.84357,157.48949,34.643,4.162,378.435,,2.0999
140252,3935011632386979615,easy,images/00140/0140252_ref.png,images/00140/0140252_search.png,472.003,329.6513,471.2956038836413,329.6768343227722,0.707856812553753,0.2764930797102124,-0.43136373284354057,0.5726095306292514,0.8536555171012878,-0.707396116358666,0.025534322772216456,hit,6.493212699890137,0.2969761788845062,0.0,10.0,False,-1.224,9.82441,122.461,113.22977,35.83,4.233,415.537,,0.5023
41878,937488675012828602,medium,images/00041/0041878_ref.png,images/00041/0041878_search.png,271.1973,329.7571,271.01937677786816,329.7114641944559,0.1836826059305185,0.5790066867705629,0.3953240808400444,0.3992105578948172,0.8844609260559082,-0.17792322213182388,-0.04563580554406599,hit,2.275723457336426,0.14010655879974365,0.0,10.0,False,0.6409,9.93369,161.3876,165.65734,86.378,6.572,176.546,,0.479
55724,956009512174943016,easy,images/00055/0055724_ref.png,images/00055/0055724_search.png,602.9214,508.0367,602.5011398392777,507.90353242452966,0.4408539506990269,0.16161916094660975,-0.2792347897524171,0.3169714581945659,0.852114737033844,-0.4202601607222505,-0.1331675754703383,hit,5.605284690856934,0.3203656077384949,0.0,10.0,False,-0.7143,10.03635,96.13287,83.09321,41.051,4.531,329.965,,1.1714
115414,1491461745228053127,hard,images/00115/0115414_ref.png,images/00115/0115414_search.png,853.225,120.1717,853.7633803638761,120.14863438718683,0.5388742327313155,0.8794848917002228,0.3406106589689073,0.8913739888281708,0.8187177777290344,0.5383803638760583,-0.023065612813169878,hit,2.1169052124023438,0.1269533336162567,0.0,10.0,False,-1.3379,10.06052,185.67216,165.57462,27.921,3.736,,15.7,0.335
85746,24165666090503237,easy,images/00085/0085746_ref.png,images/00085/0085746_search.png,884.8666,365.6863,884.9436026351066,365.6700653589836,0.0786954216094909,0.12460101959459785,0.04590559798510695,0.20252048212270807,0.7927737236022949,0.07700263510662353,-0.016234641016410478,hit,6.081966400146484,0.3267516791820526,0.0,10.0,False,-1.0929,10.02462,204.46687,165.39095,29.498,3.84,404.801,,0.1526
26415,2439403717231964325,medium,images/00026/0026415_ref.png,images/00026/0026415_search.png,115.1678,543.3256,113.50323558854072,543.4081503342827,1.6666101036496115,1.4747252253086565,-0.19188487834095502,0.2189769903323681,0.668201208114624,-1.6645644114592812,0.08255033428270053,near-miss,4.157275199890137,0.31629347801208496,0.0,10.0,False,0.3985,10.02817,81.60134,93.51713,30.822,3.926,257.703,,2.4441
53799,2042412977824310053,easy,images/00053/0053799_ref.png,images/00053/0053799_search.png,518.7453,580.053,518.5520447387602,580.0938296613213,0.19752128300641053,0.12521900665432248,-0.07230227635208805,0.31651488304077785,0.8825792670249939,-0.19325526123986947,0.04082966132125421,hit,3.63802433013916,0.300773561000824,0.0,10.0,False,0.9881,9.98924,101.07012,92.02333,48.766,4.938,352.978,,0.6333
7044,3672056844610217888,easy,images/00007/0007044_ref.png,images/00007/0007044_search.png,134.3032,437.2593,134.3169566626042,437.1521615541304,0.10801801863283812,0.36794658397385815,0.25992856534102005,0.2886716579846124,0.8592130541801453,0.013756662604208714,-0.10713844586962296,hit,1.6189002990722656,0.30752912163734436,0.0,10.0,False,-0.8541,9.86723,143.56605,165.13432,80.562,6.347,355.544,,0.649
32619,1761172236647050610,hard,images/00032/0032619_ref.png,images/00032/0032619_search.png,615.5406,368.189,615.4990894389474,368.2278973056735,0.05688696746671243,0.6887013867784026,0.6318144193116902,0.7291217433446219,0.875415027141571,-0.04151056105263251,0.038897305673458504,hit,3.002387046813965,0.11431436985731125,0.0,10.0,False,2.0138,9.92534,174.22205,160.70332,45.581,4.774,,23.801,0.457
143688,3781092058948421647,easy,images/00143/0143688_ref.png,images/00143/0143688_search.png,516.0673,588.2817,516.1125167590316,588.1176786509577,0.17013981967477812,0.657720181490059,0.48758036181528086,0.5696510027193635,0.7842996716499329,0.04521675903151845,-0.1640213490422866,hit,3.8424806594848633,0.2239982634782791,0.0,10.0,False,2.0514,9.78089,127.63619,164.58422,29.249,3.824,410.226,,0.668
158319,4424677635027970407,hard,images/00158/0158319_ref.png,images/00158/0158319_search.png,462.972,807.7275,462.9944016634608,807.6918165088506,0.042132482319686436,0.6627332556416887,0.6206007733220023,0.6854620644235843,0.8233739733695984,0.02240166346081196,-0.03568349114937064,hit,4.284967422485352,0.18688608705997467,0.0,10.0,False,-1.2579,10.034,95.09901,108.74194,65.602,5.727,,26.646,0.2752
27474,3048636460969239286,easy,images/00027/0027474_ref.png,images/00027/0027474_search.png,758.8491,466.7213,759.8268461528265,466.8181201019087,0.982528203921218,0.9455369085778271,-0.03699129534339085,0.6218791283103389,0.6735958456993103,0.9777461528265121,0.0968201019086905,hit,7.2548723220825195,0.23486623167991638,0.0,10.0,False,-2.168,10.05455,105.25631,109.30152,48.875,4.943,335.996,,0.3973
73291,340547824482855505,easy,images/00073/0073291_ref.png,images/00073/0073291_search.png,161.4128,723.3126,163.51220725449613,723.3143061445812,2.0994079477701098,1.6743975636678892,-0.4250103841022206,0.438419843289714,0.8028122782707214,2.0994072544961284,0.0017061445812487364,near-miss,4.434195518493652,0.2715957760810852,0.0,10.0,False,0.3316,9.81461,106.98174,89.90083,89.497,6.689,383.207,,2.4246
60668,1216365614352225072,medium,images/00060/0060668_ref.png,images/00060/0060668_search.png,516.7267,880.5452,516.6498661230372,880.4692552160241,0.10803265646227077,0.4464238047126943,0.33839114825042355,0.5367552610115166,0.7162638902664185,-0.07683387696283717,-0.07594478397595594,hit,4.025035858154297,0.2001449465751648,0.0,10.0,False,-1.8417,10.15125,127.50611,165.1369,26.557,3.644,192.8,,1.3464
28483,185378729425841039,medium,images/00028/0028483_ref.png,images/00028/0028483_search.png,276.6072,446.765,276.7916641202316,446.63525501997844,0.2255233280474817,0.31653816687428016,0.09101483882679845,0.09467965606176493,0.84095299243927,0.18446412023160974,-0.12974498002154178,hit,6.268466949462891,0.3096478283405304,0.0,10.0,False,1.2366,9.7364,157.99689,137.25472,101.455,7.122,240.124,,0.6644
102820,2407779080974969517,easy,images/00102/0102820_ref.png,images/00102/0102820_search.png,753.6081,815.2173,753.3500914168427,815.1324336174517,0.271607680063887,0.5032323461278903,0.23162466606400323,0.5041306970710063,0.6764945983886719,-0.2580085831573342,-0.08486638254828449,hit,7.234923362731934,0.385770708322525,0.0,10.0,False,0.8393,9.91362,73.2306,70.74223,73.809,6.075,356.218,,0.4922
106120,2578204794691474363,easy,images/00106/0106120_ref.png,images/00106/0106120_search.png,619.648,560.7927,619.5892081802336,560.8262206961934,0.06767654796706445,0.20501585583375118,0.13733930786668674,0.20961512863415446,0.8786868453025818,-0.058791819766383924,0.033520696193477306,hit,2.8534650802612305,0.2591700255870819,0.0,10.0,False,-2.1249,10.01031,93.45479,73.8659,109.047,7.384,387.258,,0.4574
158987,1116513016749364352,hard,images/00158/0158987_ref.png,images/00158/0158987_search.png,804.6329,300.8771,804.835137807301,300.4368103940629,0.48451529160405343,0.9425358471777482,0.45802055557369475,0.979995832403787,0.8288688063621521,0.20223780730100316,-0.440289605937096,hit,0.22587299346923828,0.05473281070590019,0.0,10.0,False,0.4056,10.03938,217.57613,164.60624,48.239,4.911,,14.943,0.0707
23749,2391031847103660365,easy,images/00023/0023749_ref.png,images/00023/0023749_search.png,348.8923,199.7349,348.15058606208964,199.63197865346245,0.7488206522683235,1.1344053329850499,0.38558468071672636,0.6540233557475507,0.7246252298355103,-0.7417139379103332,-0.10292134653755625,hit,5.219494819641113,0.22550253570079803,0.0,10.0,False,3.9991,10.10723,78.25546,80.1046,79.66,6.311,414.147,,0.8119
10013,733424493046198097,easy,images/00010/0010013_ref.png,images/00010/0010013_search.png,231.7423,336.2649,231.11010844512833,336.1387839518945,0.6446482914278241,0.8742820265692554,0.22963373514143126,0.688889265941564,0.835870623588562,-0.6321915548716674,-0.1261160481055299,hit,7.126049995422363,0.3372593820095062,0.0,10.0,False,0.8906,9.79859,112.20283,123.08915,60.73,5.51,405.737,,0.9955
708,3777097802970519356,easy,images/00000/0000708_ref.png,images/00000/0000708_search.png,712.139,194.2515,712.0180631539351,194.35746703949036,0.1607940738785781,0.060693955931494105,-0.10010011794708401,0.1430151860226504,0.8234157562255859,-0.12093684606486477,0.10596703949036623,hit,6.153294563293457,0.30254465341567993,0.0,10.0,False,0.9838,10.20499,141.59213,109.1821,28.122,3.75,414.859,,0.3222
121436,3196045746416604964,easy,images/00121/0121436_ref.png,images/00121/0121436_search.png,531.8696,297.3566,532.9384607329459,297.3770835378574,1.0690569871418962,1.358116367404147,0.28905938026225075,0.5740248876006505,0.8942385911941528,1.06886073294595,0.020483537857387546,near-miss,6.971988677978516,0.4994641840457916,0.0,10.0,False,1.4263,10.04897,124.12846,145.71778,79.113,6.289,373.287,,0.8816
168846,813500879257799932,hard,images/00168/0168846_ref.png,images/00168/0168846_search.png,612.9331,204.901,613.0435291114904,204.95825475961303,0.12438929279853689,0.8583564281917248,0.7339671353931878,0.964014497480607,0.655434250831604,0.1104291114904754,0.057254759613016404,hit,1.6643171310424805,0.059930115938186646,0.0,10.0,False,-1.1372,9.9598,67.93644,83.20268,109.17,7.388,,29.484,0.2047
76617,2839589172558540246,hard,images/00076/0076617_ref.png,images/00076/0076617_search.png,259.1668,195.189,259.27567763451805,195.12910903790004,0.12426289325256647,0.5924834629925604,0.46822056973999393,0.6638197800395232,0.8449748754501343,0.10887763451802357,-0.05989096209995637,hit,3.575018882751465,0.22311000525951385,0.0,10.0,False,-0.6659,10.03504,109.99736,112.18851,89.592,6.693,,23.713,0.1987
102739,3787596616135135496,hard,images/00102/0102739_ref.png,images/00102/0102739_search.png,665.0595,707.6706,664.9521073113199,707.7002555840447,0.11141204264785769,0.4166662808825365,0.3052542382346788,0.3353515352992803,0.8943625688552856,-0.10739268868007912,0.02965558404468993,hit,3.4092702865600586,0.189464271068573,0.0,10.0,False,-1.8934,9.9014,182.30945,153.22691,65.293,5.714,,32.583,0.2502
85957,1070196706703236288,medium,images/00085/0085957_ref.png,images/00085/0085957_search.png,663.775,403.2865,664.5374455250054,403.25211989608056,0.7632202631916428,0.9168889635941522,0.15366870040250935,0.16035537618871573,0.8259726166725159,0.7624455250054325,-0.034380103919431804,hit,6.949251174926758,0.2851381003856659,0.0,10.0,False,-0.341,9.99381,174.34504,138.29144,28.614,3.782,198.682,,0.9261
119708,4461213293838573400,easy,images/00119/0119708_ref.png,images/00119/0119708_search.png,611.6771,887.9984,611.4952958293925,888.1493156984523,0.2362801398544353,0.7471551891720047,0.5108750493175694,0.6691117550145257,0.8455482125282288,-0.18180417060750642,0.1509156984523088,hit,7.191839218139648,0.23347629606723785,0.0,10.0,False,1.5719,9.91539,179.56989,139.60354,35.23,4.197,389.076,,0.3837
121215,513038924346148939,easy,images/00121/0121215_ref.png,images/00121/0121215_search.png,303.2114,737.3566,303.0375164549866,737.2691865709998,0.19461910182717146,0.6189158154976125,0.4242967136704411,0.4357912306274757,0.8506462574005127,-0.17388354501343883,-0.08741342900020754,hit,7.537239074707031,0.3678164780139923,0.0,10.0,False,0.3545,9.97762,91.09675,114.6431,51.687,5.084,388.568,,0.5739
163385,866488457624634274,hard,images/00163/0163385_ref.png,images/00163/0163385_search.png,672.4738,224.4663,672.1017871678266,224.46339851751532,0.3720241469343885,1.0624668270577526,0.6904426801233641,0.7050296874078701,0.7424799203872681,-0.3720128321733682,-0.002901482484674034,hit,5.105768203735352,0.20306211709976196,0.0,10.0,False,-0.816,9.85373,156.00586,135.41346,22.078,3.322,,28.614,0.0919
24232,1762995970243809097,easy,images/00024/0024232_ref.png,images/00024/0024232_search.png,696.6887,429.074,696.5951913465449,428.9580676790353,0.14894351719782933,1.2308028450119446,1.0818593278141153,1.0956899587804887,0.7756802439689636,-0.09350865345516013,-0.11593232096470274,hit,0.9050111770629883,0.17489750683307648,0.0,10.0,False,-5.0593,10.03148,191.44169,153.56913,34.64,4.162,377.557,,0.7499
138108,706942063877753493,easy,images/00138/0138108_ref.png,images/00138/0138108_search.png,878.2066,178.2421,878.0061990707137,178.28518740683867,0.20498062612570098,0.6825945314547491,0.4776139053290481,0.47795252875692196,0.7225453853607178,-0.20040092928627473,0.043087406838679954,hit,9.472740173339844,0.4665420949459076,0.0,10.0,False,2.2632,9.95826,106.80435,99.68458,49.993,5.0,417.94,,0.2543
130792,2507501929272078199,medium,images/00130/0130792_ref.png,images/00130/0130792_search.png,379.8135,761.4791,379.8904179264911,761.5718257659963,0.12047586934859386,0.6014713566902335,0.48099548734163966,0.5513892137699273,0.7735676169395447,0.07691792649114859,0.09272576599630611,hit,6.850698471069336,0.4044516086578369,0.0,10.0,False,1.9861,9.92099,85.62142,108.26392,32.159,4.01,174.672,,1.0311
58991,4560890667841552208,easy,images/00058/0058991_ref.png,images/00058/0058991_search.png,466.9199,447.0095,467.0880308982764,446.92509738355454,0.18812708634873504,0.1777966682574188,-0.01033041809131624,0.017039098400725254,0.7598168253898621,0.16813089827638805,-0.08440261644545899,hit,4.6470842361450195,0.29625368118286133,0.0,10.0,False,-0.7113,9.89034,73.62092,71.65073,46.484,4.821,361.714,,0.6095
60928,3104229495981084186,easy,images/00060/0060928_ref.png,images/00060/0060928_search.png,490.8753,182.8801,490.97059835016364,182.95045978267527,0.11845790206662646,0.48391959210958907,0.3654616900429626,0.3725753591907559,0.8551126718521118,0.0952983501636595,0.07035978267526843,hit,2.7265615463256836,0.21003596484661102,0.0,10.0,False,-0.7934,9.88032,135.13915,115.20959,36.804,4.29,361.114,,0.2859
13964,3012206773135692674,medium,images/00013/0013964_ref.png,images/00013/0013964_search.png,668.9973,349.5473,667.89678778144,349.6352348977982,1.1040197867115296,1.0639321771494157,-0.04008760956211388,0.07902044863082824,0.8343597054481506,-1.1005122185599703,0.08793489779822039,near-miss,6.946484565734863,0.32950034737586975,0.0,10.0,False,-0.3829,10.05083,205.47883,157.8431,37.422,4.326,209.576,,0.5618
21696,2469530992402645430,easy,images/00021/0021696_ref.png,images/00021/0021696_search.png,482.5037,319.7989,482.7261555713453,319.70251129530817,0.2424402268905659,0.4001941119794525,0.15775388508888658,0.16630792592819113,0.8741688132286072,0.22245557134533556,-0.09638870469183303,hit,7.939777374267578,0.26992321014404297,0.0,10.0,False,-2.3273,10.08479,109.42722,134.71329,87.704,6.622,319.672,,0.6431
54468,4378048679784528655,easy,images/00054/0054468_ref.png,images/00054/0054468_search.png,597.2791,608.3617,596.4333116461605,608.2602357846029,0.8518526436518336,0.8146416514405503,-0.03721099221128321,0.09030571266591263,0.6548495888710022,-0.8457883538394526,-0.10146421539718631,hit,2.3323850631713867,0.17608648538589478,0.0,10.0,False,-0.4193,9.91057,103.48372,82.27709,29.586,3.846,360.197,,0.8938
185910,1529404468669307506,hard,images/00185/0185910_ref.png,images/00185/0185910_search.png,220.7125,576.0015,220.43127044051386,576.0208539595966,0.2818947336876687,1.3037176985082486,1.0218229648205799,1.0233091702911834,0.5149470567703247,-0.2812295594861496,0.019353959596628556,hit,3.822878837585449,0.2181377112865448,0.0,10.0,False,0.3305,10.02966,103.09005,90.90923,24.319,3.487,,16.323,0.6643
123185,2561374716575964402,easy,images/00123/0123185_ref.png,images/00123/0123185_search.png,881.3407,519.8123,880.9857441601747,519.7474992008417,0.360822382617288,0.41304126929754126,0.05221888668025326,0.06235164052937205,0.8536391258239746,-0.3549558398252657,-0.06480079915831993,hit,3.16214656829834,0.26564836502075195,0.0,10.0,False,0.31,10.153,121.7972,154.60685,95.276,6.902,353.646,,1.1017
54938,400779434665006833,easy,images/00054/0054938_ref.png,images/00054/0054938_search.png,276.9256,199.2335,276.2801912157013,199.3477655698576,0.6554457409311621,0.8399801282876634,0.1845343873565013,0.3076424819232011,0.8115436434745789,-0.6454087842986951,0.11426556985759362,hit,4.106231689453125,0.28519341349601746,0.0,10.0,False,-1.6636,9.97213,92.92198,121.15665,55.341,5.26,360.307,,0.7722
90460,3424783711316010832,easy,images/00090/0090460_ref.png,images/00090/0090460_search.png,585.5059,253.8373,584.5139661681746,253.73934195708648,0.9967590004064008,1.1905191929309615,0.19376019252456078,0.21492087514076083,0.7184216976165771,-0.9919338318253494,-0.09795804291351828,hit,7.781288146972656,0.32246020436286926,0.0,10.0,False,1.1684,10.131,185.41888,146.33122,24.288,3.485,361.385,,0.5913
9638,4503529056094820770,hard,images/00009/0009638_ref.png,images/00009/0009638_search.png,516.1225,577.5186,516.6479332462405,577.4064692327622,0.5372647440659603,0.2285656868833403,-0.3086990571826199,0.30870013388536394,0.8022764921188354,0.5254332462405955,-0.11213076723777249,hit,2.4264936447143555,0.22615419328212738,0.0,10.0,False,-0.2145,10.15169,112.18147,149.57043,72.127,6.005,,25.222,0.7975
109514,2688553139753241803,easy,images/00109/0109514_ref.png,images/00109/0109514_search.png,364.3829,626.7652,364.67396332396595,626.8194245712596,0.2960712121878474,0.564094745255074,0.2680235330672266,0.4030863828722592,0.763503909111023,0.29106332396594325,0.05422457125951041,hit,5.796614646911621,0.3846553564071655,0.0,10.0,False,0.8128,10.10012,98.32062,80.80692,30.754,3.921,384.929,,0.7146
144313,2433860964726919715,easy,images/00144/0144313_ref.png,images/00144/0144313_search.png,818.6628,654.0392,818.5106752255439,654.131081952368,0.1777195548448882,0.27164887076016503,0.09392931591527684,0.24498177060006207,0.8715751767158508,-0.15212477445606964,0.09188195236799857,hit,9.195087432861328,0.34842172265052795,0.0,10.0,False,-1.1953,9.90314,111.80244,121.76678,104.576,7.231,337.129,,0.2783
142634,55041939869386312,easy,images/00142/0142634_ref.png,images/00142/0142634_search.png,185.5703,149.27,185.3496848733264,149.3223784695507,0.22674774131109707,0.5922768803181179,0.3655291390070208,0.42265416308860343,0.909927487373352,-0.22061512667360716,0.05237846955068903,hit,2.8233327865600586,0.26923760771751404,0.0,10.0,False,1.4626,9.87657,178.40793,166.72291,30.581,3.91,414.969,,0.5568
84779,667852779903770928,hard,images/00084/0084779_ref.png,images/00084/0084779_search.png,810.5586,699.375,370.61268238831053,699.4464749127208,439.94592341770203,438.72470330443986,-1.2212201132621772,2.1213283251087547,0.5734072327613831,-439.9459176116894,0.07147491272075968,periodic-lock,1.6201715469360352,0.1302572786808014,0.0,10.0,False,-2.4142,10.10954,77.41567,70.31477,50.229,5.011,,27.672,1.3052
17754,3396545548047022021,easy,images/00017/0017754_ref.png,images/00017/0017754_search.png,837.3718,717.5456,835.8291948975609,717.4997907265029,1.5432851297182506,1.7835700146269216,0.24028488490867095,0.244778948127924,0.6676431894302368,-1.5426051024390972,-0.04580927349718422,near-miss,5.98837947845459,0.3238144814968109,0.0,10.0,False,0.5216,9.89983,89.73514,71.64513,31.813,3.988,375.994,,1.3262
85675,1088593530523024969,easy,images/00085/0085675_ref.png,images/00085/0085675_search.png,438.5938,342.0442,438.0116521829835,341.9497858699641,0.5897542783291322,0.27338114740025576,-0.3163731309288764,0.3453427139400239,0.8735959529876709,-0.5821478170165051,-0.0944141300358865,hit,9.913521766662598,0.43748939037323,0.0,10.0,False,0.9462,10.0851,146.24138,120.16026,45.969,4.794,366.371,,0.7339
64347,3587011419703451848,easy,images/00064/0064347_ref.png,images/00064/0064347_search.png,861.139,877.8189,860.3373419187096,877.9071359648649,0.8064993892085852,1.6071730014705898,0.8006736122620046,0.8158418931844295,0.6856894493103027,-0.801658081290384,0.08823596486490715,hit,1.850851058959961,0.2353065460920334,0.0,10.0,False,2.33,9.92341,72.2504,95.08683,94.631,6.879,397.041,,1.5481
73349,155210495603800483,easy,images/00073/0073349_ref.png,images/00073/0073349_search.png,322.8967,708.3517,323.0297935568704,708.3359976298776,0.13401663817554135,0.12694018911942684,-0.007076449056114514,0.23132748594316177,0.8842271566390991,0.13309355687039215,-0.015702370122426146,hit,2.5461320877075195,0.30101916193962097,0.0,10.0,False,-2.9976,10.06205,112.65771,93.1327,86.728,6.585,326.092,,0.4967
57564,647586014642381397,easy,images/00057/0057564_ref.png,images/00057/0057564_search.png,859.0177,243.3647,859.5385359315543,243.44049332898317,0.526321856202446,0.17040450127367548,-0.3559173549287705,0.37285169342612035,0.8251090049743652,0.5208359315543021,0.07579332898316693,hit,4.480396270751953,0.23975610733032227,0.0,10.0,False,0.5469,10.01817,162.28869,139.4116,41.522,4.556,338.081,,0.155
46560,1418962924982046143,easy,images/00046/0046560_ref.png,images/00046/0046560_search.png,324.946,168.9797,325.1230590834179,168.98400015496082,0.1771112936925945,0.1992870375978982,0.02217574390530369,0.09584696946477421,0.8107565641403198,0.17705908341787335,0.004300154960816371,hit,7.074921607971191,0.42697787284851074,0.0,10.0,False,-0.6275,10.08382,89.75826,89.6135,75.768,6.155,423.127,,1.3929
93862,2001932645900845365,easy,images/00093/0093862_ref.png,images/00093/0093862_search.png,704.3813,304.8635,704.5212411492927,304.843956662073,0.14129921203842594,0.044035621192716555,-0.09726359084570937,0.09772275819735637,0.7705349326133728,0.13994114929266743,-0.019543337926961613,hit,7.337745666503906,0.38907238841056824,0.0,10.0,False,1.3825,10.10027,96.93056,110.3789,24.355,3.49,342.334,,0.2586
122201,4040355886468886452,medium,images/00122/0122201_ref.png,images/00122/0122201_search.png,127.2147,232.7814,126.20338422345401,232.58068572224474,1.03104113457496,1.6613666552736084,0.6303255206986484,0.6585290867844347,0.8228914141654968,-1.0113157765459846,-0.20071427775525308,near-miss,2.1204938888549805,0.15213192999362946,0.0,10.0,False,-3.8329,9.8407,175.65744,160.41085,53.1,5.153,270.213,,1.0746
31256,2338338263499226125,easy,images/00031/0031256_ref.png,images/00031/0031256_search.png,259.9481,398.7099,261.03526639517463,398.71856986946824,1.087200964602945,1.1103430985783618,0.023142133975416757,0.28133862410500204,0.8327776789665222,1.08716639517462,0.008669869468235447,near-miss,2.2381105422973633,0.2923011779785156,0.0,10.0,False,1.671,10.15705,96.01008,111.27134,88.014,6.634,360.191,,1.3826
141405,3299453207685042511,medium,images/00141/0141405_ref.png,images/00141/0141405_search.png,871.9083,800.6056,872.5582062575163,800.4597773321948,0.6660648572058139,0.732764397426114,0.06669954022030011,0.13978670267574259,0.7137909531593323,0.6499062575162498,-0.14582266780519149,hit,4.461888313293457,0.341717392206192,0.0,10.0,False,-0.809,10.07394,168.74713,137.26421,25.881,3.597,273.107,,0.6003
51249,3166436006774593178,medium,images/00051/0051249_ref.png,images/00051/0051249_search.png,477.4697,139.2816,477.2921382184676,139.27394907072556,0.17772653988564438,0.34416741136276563,0.16644087147712125,0.1703036134008846,0.8602779507637024,-0.17756178153240398,-0.007650929274433338,hit,6.51719856262207,0.30058225989341736,0.0,10.0,False,-3.2747,10.12586,79.53946,97.91465,56.898,5.334,187.741,,0.2447
142762,2815205857666239407,easy,images/00142/0142762_ref.png,images/00142/0142762_search.png,640.5447,775.9578,640.6217589026147,775.9795214614107,0.08006182834532503,0.2957821466064501,0.21572031826112503,0.27889239646687564,0.8607881665229797,0.07705890261468085,0.02172146141072062,hit,8.729514122009277,0.30973535776138306,0.0,10.0,False,0.1237,10.03598,94.61949,112.74436,86.206,6.565,415.335,,0.3181
172043,2509106815800037045,hard,images/00172/0172043_ref.png,images/00172/0172043_search.png,115.0453,208.4441,115.07981047558688,208.3758265114425,0.07649994879110278,0.5020657984609118,0.42556584966980904,0.5108213539237929,0.6873766183853149,0.03451047558688458,-0.06827348855748028,hit,7.946122169494629,0.4220348298549652,0.0,10.0,False,0.0435,9.88477,90.98264,86.4993,42.21,4.594,,18.373,0.2998
100004,4164936874554266350,easy,images/00100/0100004_ref.png,images/00100/0100004_search.png,581.5515,440.8411,581.3356033271526,440.81290310132863,0.21773019643876426,0.5702575684637075,0.3525273720249432,0.5630319277182829,0.8006680011749268,-0.215896672847407,-0.028196898671353665,hit,5.289510726928711,0.41159066557884216,0.0,10.0,False,1.3676,9.7825,101.53535,79.74192,78.493,6.265,394.999,,0.409
79367,3780240646739822107,easy,images/00079/0079367_ref.png,images/00079/0079367_search.png,571.6553,443.4243,571.3005214819226,443.51206739880325,0.36547354648714253,0.3948958117556865,0.029422265268543968,0.2215819117630753,0.8092596530914307,-0.3547785180774099,0.08776739880323703,hit,2.679758071899414,0.1961899846792221,0.0,10.0,False,-0.5844,9.92377,133.8856,125.60398,30.435,3.901,312.636,,0.3581
22664,4130534952288304198,medium,images/00022/0022664_ref.png,images/00022/0022664_search.png,786.1696,513.5536,786.0064878593381,513.5271664407567,0.16524013884512287,0.4868754569413261,0.32163531809620327,0.48781878287700786,0.823999285697937,-0.16311214066183766,-0.026433559243287164,hit,0.5089483261108398,0.12324653565883636,0.0,10.0,False,1.4449,9.93544,189.05603,164.05343,29.028,3.81,252.458,,0.1521
8786,176199830114954533,easy,images/00008/0008786_ref.png,images/00008/0008786_search.png,741.3438,611.877,741.9104710419485,611.8387868072391,0.5679580247553828,0.7308788272528524,0.16292080249746954,0.6546157239396868,0.7989354729652405,0.5666710419485526,-0.03821319276084978,hit,2.9540700912475586,0.21283480525016785,0.0,10.0,False,-2.1368,9.85527,122.54889,135.17733,48.278,4.913,406.817,,0.1109
114552,134119316204435899,medium,images/00114/0114552_ref.png,images/00114/0114552_search.png,371.4574,680.9376,371.4083264008503,680.954102312104,0.051773974526667835,0.44230619248021213,0.3905322179535443,0.40255307135200213,0.8871159553527832,-0.04907359914972176,0.016502312104080374,hit,4.7668352127075195,0.26339995861053467,0.0,10.0,False,1.4099,9.93007,195.56271,154.46382,23.802,3.45,200.985,,0.6311
74860,1435729691571714256,hard,images/00074/0074860_ref.png,images/00074/0074860_search.png,691.6496,800.1696,691.618756708738,800.1430399350621,0.040703140731027446,0.5471134505900083,0.5064103098589808,0.5093364134623733,0.7944374084472656,-0.030843291261930972,-0.0265600649378257,hit,5.924674034118652,0.2808467149734497,0.0,10.0,False,0.5374,9.90983,183.02401,143.15531,25.002,3.536,,23.066,0.1596
51942,2363670603372142730,easy,images/00051/0051942_ref.png,images/00051/0051942_search.png,866.552,173.9476,866.3929827398689,173.9163517118988,0.16205846021995735,0.5210961139894049,0.3590376537694476,0.6444637432952178,0.8069876432418823,-0.15901726013112238,-0.031248288101181743,hit,0.29489707946777344,0.20235945284366608,0.0,10.0,False,1.2168,9.8505,107.14774,134.0715,77.744,6.235,355.031,,0.2684
153028,1659318351647960233,hard,images/00153/0153028_ref.png,images/00153/0153028_search.png,519.0856,337.7693,49.85702896118164,945.2921547926424,767.6323800977481,766.0152246031245,-1.6171554946236029,3.011985023542021,0.8076915740966797,-469.22857103881836,607.5228547926424,gross-miss,0.49610137939453125,0.0028392416425049305,0.0,10.0,False,-1.0942,10.00538,118.91366,152.46423,59.92,5.474,,26.257,0.6678
124,1620404486659734179,hard,images/00000/0000124_ref.png,images/00000/0000124_search.png,562.3644,621.0656,562.3892308913212,621.0979688114262,0.04079599388353559,0.1954399005774619,0.15464390669392633,0.22676817520477613,0.8980860710144043,0.024830891321130366,0.03236881142618131,hit,7.333941459655762,0.4209839999675751,0.0,10.0,False,-0.4286,9.94775,164.47401,123.90638,40.824,4.518,,27.206,0.3355
108455,2945800008491720136,medium,images/00108/0108455_ref.png,images/00108/0108455_search.png,870.3586,843.8174,870.0150182787088,843.9097879388312,0.35578635506004946,0.632914463867537,0.27712810880748756,0.28614732050756975,0.6843375563621521,-0.34358172129122977,0.09238793883116614,hit,1.1781864166259766,0.10779162496328354,0.0,10.0,False,0.2142,10.02626,67.97852,80.11439,23.278,3.412,178.878,,0.9704
29324,3260747925827036212,medium,images/00029/0029324_ref.png,images/00029/0029324_search.png,821.0257,373.685,821.0123552645215,373.6183093131949,0.06801271698386006,0.7121230936110373,0.6441103766271773,0.6947259999213437,0.723587691783905,-0.013344735478540315,-0.06669068680508872,hit,7.699422836303711,0.478852778673172,0.0,10.0,False,2.2773,10.04491,79.6392,99.93687,40.78,4.516,200.978,,0.1016
103588,4370712407071534856,medium,images/00103/0103588_ref.png,images/00103/0103588_search.png,785.3935,404.2159,785.4006832828742,404.2431728595117,0.028202985990761154,0.17356882682419478,0.14536584083343362,0.1942347447734567,0.7584148645401001,0.0071832828741662524,0.027272859511697334,hit,8.332416534423828,0.4260368347167969,0.0,10.0,False,-0.3517,10.0195,81.72773,90.5829,22.994,3.391,247.061,,0.3743
34810,4012515978033608167,medium,images/00034/0034810_ref.png,images/00034/0034810_search.png,668.8629,291.6659,668.8851881903197,291.6651843905617,0.022299675437023905,0.37677584227765026,0.3544761668406264,0.35463307239028324,0.8024569153785706,0.02228819031972762,-0.0007156094383162781,hit,7.6083526611328125,0.3570849299430847,0.0,10.0,False,-2.3521,10.22165,90.52521,77.2337,55.062,5.247,297.416,,1.086
83751,265227023555691358,easy,images/00083/0083751_ref.png,images/00083/0083751_search.png,393.0154,432.6717,392.8207326217739,432.6278230413243,0.19955093497161758,0.09810602062461188,-0.1014449143470057,0.18462108303423996,0.8679359555244446,-0.19466737822608593,-0.04387695867569619,hit,5.974530220031738,0.31129762530326843,0.0,10.0,False,0.9376,9.98142,132.80081,146.37192,47.158,4.856,399.506,,0.1124
156622,1384865838855269599,hard,images/00156/0156622_ref.png,images/00156/0156622_search.png,729.1993,256.0803,729.0854930972056,256.07547403700767,0.11390917892101374,0.32070751741429326,0.20679833849327953,0.22456714232761674,0.8795665502548218,-0.11380690279440842,-0.004825962992356381,hit,3.3788633346557617,0.257222443819046,0.0,10.0,False,-1.808,10.14293,79.08044,105.35961,39.69,4.455,,30.312,0.2074
92877,3969750529088790329,easy,images/00092/0092877_ref.png,images/00092/0092877_search.png,709.5746,469.8926,710.5435587737401,469.94827622549576,0.9705570293873813,1.7737752492844725,0.8032182198970912,0.805821047922552,0.8739511966705322,0.9689587737400416,0.0556762254957448,hit,3.346816062927246,0.30205556750297546,0.0,10.0,False,0.974,9.91269,98.81239,76.13207,52.303,5.114,426.501,,0.863
5964,4385906555452608973,easy,images/00005/0005964_ref.png,images/00005/0005964_search.png,347.5253,884.1419,347.4879578339643,884.0590101736409,0.09091292910293752,0.19754458482614765,0.10663165572321012,0.16111929869284408,0.7988253831863403,-0.03734216603572804,-0.0828898263590645,hit,7.100306510925293,0.23280984163284302,0.0,10.0,False,-1.7923,10.17677,131.75222,143.80188,22.929,3.386,348.532,,0.4589
98827,1682683672068573953,easy,images/00098/0098827_ref.png,images/00098/0098827_search.png,733.34,835.0245,733.1636120429658,834.8203079819989,0.26982789255756373,0.5590462264578809,0.2892183339003172,0.46728955571016056,0.6767813563346863,-0.1763879570341942,-0.20419201800109477,hit,6.4830732345581055,0.38638320565223694,0.0,10.0,False,-1.9616,10.07341,77.47884,74.77431,93.807,6.849,335.443,,0.3049
117937,1125163948936585852,easy,images/00117/0117937_ref.png,images/00117/0117937_search.png,707.0463,520.2172,707.5434865863724,520.2615364151959,0.49915951296263533,0.6695875929377426,0.17042807997510728,0.5581581784041625,0.8188241720199585,0.49718658637243607,0.044336415195857626,hit,8.739094734191895,0.24227051436901093,0.0,10.0,False,2.1064,9.94312,132.12053,98.4019,45.908,4.791,370.875,,1.1723
148422,1825396740652346977,easy,images/00148/0148422_ref.png,images/00148/0148422_search.png,542.2609,493.5877,541.428848598219,493.82327313457023,0.8647567501540145,0.4222847710115278,-0.44247197914248676,0.501521805526326,0.7134490609169006,-0.8320514017809728,0.2355731345702452,hit,7.526097297668457,0.4050380289554596,0.0,10.0,False,0.0735,10.04088,117.15918,148.95787,26.44,3.636,343.0,,0.8889
96912,2967181122649226081,easy,images/00096/0096912_ref.png,images/00096/0096912_search.png,672.1692,401.3399,671.9561686135038,401.29793692510424,0.2171250130390874,0.1374126203163571,-0.07971239272273031,0.08292962246196853,0.8121315836906433,-0.21303138649625453,-0.041963074895761565,hit,5.139660835266113,0.3598257303237915,0.0,10.0,False,-0.2677,9.93316,119.98169,124.69539,48.588,4.929,317.287,,0.2783
146913,3422838793920860667,easy,images/00146/0146913_ref.png,images/00146/0146913_search.png,150.7997,860.4871,151.84300168143852,860.5797240419362,1.0474051802607383,1.4251876049334433,0.37778242467270506,0.49927109379701673,0.8052419424057007,1.0433016814385212,0.09262404193611928,near-miss,5.055883407592773,0.2906959056854248,0.0,10.0,False,-0.5177,10.09356,124.36343,109.27885,34.815,4.172,349.704,,1.2774
80478,4047129202659940802,medium,images/00080/0080478_ref.png,images/00080/0080478_search.png,675.9045,508.1841,676.1933638816786,508.1541228450711,0.2904151717043342,0.0840844425647053,-0.20633072913962885,0.3583889531128894,0.8120803236961365,0.2888638816785942,-0.02997715492892894,hit,6.9460859298706055,0.27455276250839233,0.0,10.0,False,-0.0188,9.86058,117.40306,140.27287,102.387,7.155,189.782,,0.5546
114023,3645291890004634087,easy,images/00114/0114023_ref.png,images/00114/0114023_search.png,483.9859,449.6178,483.8220238411096,449.65621407384776,0.16831825962221197,0.57207489855844,0.403756638936228,0.4048810937139439,0.8327562212944031,-0.16387615889038898,0.0384140738477754,hit,7.795239448547363,0.36923113465309143,0.0,10.0,False,3.0649,10.02773,82.16221,89.67678,64.291,5.67,395.215,,0.7297
55956,1160363893146980906,hard,images/00055/0055956_ref.png,images/00055/0055956_search.png,770.4986,121.0349,770.1104891003614,120.99837164585222,0.3898261036347264,0.5294388472765925,0.1396127436418661,0.829223579052564,0.8761259913444519,-0.3881108996386047,-0.036528354147776554,hit,1.5397233963012695,0.09421227127313614,0.0,10.0,False,1.2118,9.95466,164.2754,138.54796,55.416,5.264,,25.08,0.5287
14263,4023040446311609029,easy,images/00014/0014263_ref.png,images/00014/0014263_search.png,832.3762,167.2404,832.2332542179263,167.13665496200966,0.17662539319218243,0.7849579339131771,0.6083325407209947,0.6162111692166884,0.7607552409172058,-0.14294578207375253,-0.10374503799033619,hit,5.406689643859863,0.2835172712802887,0.0,10.0,False,0.3714,9.8792,81.50791,85.43089,31.458,3.966,330.386,,0.3753
31514,2016020573640179201,medium,images/00031/0031514_ref.png,images/00031/0031514_search.png,331.3874,462.8834,331.435102077824,462.78712096144164,0.10744832010993542,0.19190984981232598,0.08446152970239056,0.22704591627864135,0.8827077746391296,0.047702077823998934,-0.0962790385583503,hit,5.265388488769531,0.25369971990585327,0.0,10.0,False,-1.5958,9.88205,135.65535,167.01712,87.929,6.631,270.015,,0.3056
139419,847327052749018651,easy,images/00139/0139419_ref.png,images/00139/0139419_search.png,529.6381,571.8555,529.5748786575621,571.889231912843,0.07165737982722298,0.6074326973862346,0.5357753175590116,0.5680022515895016,0.5976077914237976,-0.06322134243794153,0.03373191284299537,hit,4.89821720123291,0.30820420384407043,0.0,10.0,False,1.0289,9.96757,76.81788,80.4833,41.862,4.575,357.372,,1.1886
76475,2351229135699537632,easy,images/00076/0076475_ref.png,images/00076/0076475_search.png,164.784,404.3612,164.75644270269865,404.28473197917157,0.0812819958168574,0.37241110414432416,0.29112910832746675,0.3542384947123534,0.8329535722732544,-0.027557297301342487,-0.07646802082842896,hit,6.033207893371582,0.4248373806476593,0.0,10.0,False,-1.6062,9.98036,124.04997,93.09537,38.4,4.382,417.314,,0.0487
121221,1903945272992698708,medium,images/00121/0121221_ref.png,images/00121/0121221_search.png,356.8108,230.2501,356.77584056027314,230.24505520175035,0.035321557374977545,0.37665056459951607,0.3413290072245385,0.3923089620359031,0.909286618232727,-0.03495943972683335,-0.005044798249656424,hit,5.1880035400390625,0.35937970876693726,0.0,10.0,False,-1.6893,9.96091,106.65122,129.08187,91.402,6.76,215.031,,0.2682
79739,3254029984584069922,medium,images/00079/0079739_ref.png,images/00079/0079739_search.png,632.1418,251.9712,631.0299905405142,251.97753355100073,1.111827499241862,0.4750935904494602,-0.6367339087924018,0.9744943777227577,0.691478967666626,-1.1118094594858121,0.006333551000722082,near-miss,3.1486053466796875,0.19606518745422363,0.0,10.0,False,0.5271,10.04361,67.48191,72.87854,70.02,5.917,227.533,,1.4613
132630,4497820058505414400,easy,images/00132/0132630_ref.png,images/00132/0132630_search.png,663.1109,233.0204,663.5121589753427,232.91612252440984,0.41458721303062995,1.1272789286731073,0.7126917156424774,0.7231041546715502,0.8630883693695068,0.40125897534267096,-0.10427747559015188,hit,6.808415412902832,0.3487814962863922,0.0,10.0,False,-2.1064,9.97821,108.6192,115.71823,88.056,6.635,351.622,,0.6538
56214,4301497064467353652,easy,images/00056/0056214_ref.png,images/00056/0056214_search.png,581.3753,230.7586,581.3726076633958,230.78676664540944,0.028295027655257342,0.590876562151498,0.5625815344962406,0.6025455563973919,0.809454083442688,-0.0026923366042410635,0.028166645409442026,hit,2.731931686401367,0.3068525195121765,0.0,10.0,False,-1.7004,9.97475,150.31068,153.91786,25.308,3.557,365.085,,0.5909
31827,3435045420048683055,easy,images/00031/0031827_ref.png,images/00031/0031827_search.png,627.1194,720.627,626.3898996018769,720.72023463232,0.7354342441888864,0.4723801469948339,-0.2630540971940525,0.2787434544182208,0.7971810102462769,-0.7295003981231503,0.09323463231999085,hit,4.540247917175293,0.32444196939468384,0.0,10.0,False,1.7863,10.13689,121.44575,128.93519,97.853,6.995,377.059,,1.0646
47029,4265941715832727323,easy,images/00047/0047029_ref.png,images/00047/0047029_search.png,490.0541,498.4547,489.9869063372263,498.3260055265025,0.1451800806782535,0.2341829516930683,0.0890028710148148,0.1346572637573928,0.8834406733512878,-0.06719366277371819,-0.12869447349748953,hit,7.151741981506348,0.3699330985546112,0.0,10.0,False,0.64,10.21542,149.89768,156.50194,48.107,4.904,408.021,,0.2839
5008,4163855648586013930,easy,images/00005/0005008_ref.png,images/00005/0005008_search.png,794.9553,508.6577,794.5400465987201,508.69394531922694,0.4168322329671315,0.29816343808905865,-0.11866879487807286,0.417652976119598,0.84268718957901,-0.41525340127986965,0.03624531922696406,hit,4.660528182983398,0.35912805795669556,0.0,10.0,False,-0.9642,9.96506,104.76644,115.10366,101.319,7.118,375.111,,0.7904
29676,3866309332638964030,hard,images/00029/0029676_ref.png,images/00029/0029676_search.png,255.3982,443.5249,254.18161915925558,443.4755543904531,1.2175811805575725,0.7891172308527182,-0.42846394970485424,0.5218848329214592,0.6726310849189758,-1.2165808407444274,-0.049345609546890046,near-miss,6.026369094848633,0.2730323374271393,0.0,10.0,False,-0.508,10.04254,82.01275,91.06911,47.486,4.873,,24.244,1.6876
54322,3756754912770624590,easy,images/00054/0054322_ref.png,images/00054/0054322_search.png,662.6594,789.5798,663.061428940974,789.4854197299944,0.4129587203910233,0.5240070345619376,0.11104831417091432,0.24437072003164406,0.793819010257721,0.40202894097399167,-0.09438027000555849,hit,9.12385368347168,0.425258994102478,0.0,10.0,False,0.7929,9.85715,72.97154,77.7464,43.068,4.64,423.211,,1.4074
173477,4427237389093517044,hard,images/00173/0173477_ref.png,images/00173/0173477_search.png,545.4457,834.0595,545.2717570401318,834.0976434664564,0.17807604364716156,0.4768370490613519,0.2987610054141903,0.40640635689940424,0.8563140034675598,-0.17394295986821362,0.038143466456403985,hit,7.0359296798706055,0.44833001494407654,0.0,10.0,False,-2.2628,9.90152,109.90916,118.89044,100.099,7.075,,26.835,1.3634
4180,2900314420574122144,medium,images/00004/0004180_ref.png,images/00004/0004180_search.png,130.5753,888.0345,130.9231320126777,888.0328331830124,0.3478360063626237,0.6277349710127694,0.27989896465014574,0.29314116520789807,0.8106118440628052,0.34783201267771346,-0.0016668169876083994,hit,5.562084197998047,0.2760445773601532,0.0,10.0,False,0.7149,9.91762,89.32619,87.00854,104.214,7.219,267.076,,0.8587
162758,1575571083907631683,hard,images/00162/0162758_ref.png,images/00162/0162758_search.png,368.7477,677.4069,368.4882303486437,677.4113373897547,0.25950759218720787,1.4480787486023046,1.1885711564150967,1.2271241893046503,0.6450905203819275,-0.25946965135631217,0.00443738975479846,hit,4.8791351318359375,0.20077748596668243,0.0,10.0,False,1.5243,10.08023,68.1236,71.59827,74.705,6.112,,22.948,0.356
25718,165028288178041358,easy,images/00025/0025718_ref.png,images/00025/0025718_search.png,301.5969,590.7028,301.57939294518604,590.7640580429241,0.06371063326598472,0.041367180900909795,-0.02234345236507493,0.10506102229625254,0.6835273504257202,-0.01750705481396153,0.0612580429241234,hit,6.547152519226074,0.3667919933795929,0.0,10.0,False,-1.0246,10.10419,80.3838,71.41888,25.389,3.563,426.901,,0.7456
116675,4532169051499110760,easy,images/00116/0116675_ref.png,images/00116/0116675_search.png,651.1089,451.0847,651.3286770050155,451.14559302899113,0.22805677563562382,0.4067577443119101,0.17870096867628626,0.1963700098600687,0.8708550930023193,0.2197770050155441,0.06089302899113136,hit,4.337862968444824,0.22272571921348572,0.0,10.0,False,1.0346,10.10799,168.6815,131.49993,109.849,7.411,301.782,,0.5453
51062,934740224077449305,medium,images/00051/0051062_ref.png,images/00051/0051062_search.png,226.3334,661.3559,225.8916962812435,661.3931664808063,0.44327301491858895,0.8395297841919422,0.3962567692733533,0.42342502645359037,0.7749937176704407,-0.44170371875651426,0.03726648080623818,hit,6.807058334350586,0.3678865432739258,0.0,10.0,False,-0.6059,9.93556,185.03758,138.52671,26.595,3.647,265.577,,0.9266
55043,322861525840326998,easy,images/00055/0055043_ref.png,images/00055/0055043_search.png,474.7874,337.4007,474.7169828245735,337.3885053920537,0.07146528568478736,0.8988871142248851,0.8274218285400977,0.9699659815014986,0.7426990866661072,-0.07041717542648485,-0.012194607946298675,hit,3.8923120498657227,0.2965589761734009,0.0,10.0,False,-1.0019,9.94497,65.57175,81.60083,59.421,5.451,380.189,,0.4081
20971,3728458743770826221,easy,images/00020/0020971_ref.png,images/00020/0020971_search.png,540.6616,871.2625,541.0655319027351,871.3550348079018,0.4143955510385884,0.49018412848949106,0.07578857745090267,0.8991877764201883,0.7641223669052124,0.403931902735053,0.09253480790175672,hit,3.870321273803711,0.25652995705604553,0.0,10.0,False,-0.7996,10.06434,192.23217,164.45929,23.206,3.406,374.325,,0.899
188642,2507650534091477938,hard,images/00188/0188642_ref.png,images/00188/0188642_search.png,706.5263,829.1526,706.8904643049428,829.3048200816747,0.39469810521405757,0.35816484633157636,-0.03653325888248121,0.45196018450700415,0.7063202261924744,0.3641643049428467,0.15222008167472723,hit,1.330836296081543,0.12627080082893372,0.0,10.0,False,-0.0143,10.12211,133.38908,121.41438,55.443,5.265,,16.786,1.1919
80783,3782214875757199189,easy,images/00080/0080783_ref.png,images/00080/0080783_search.png,275.9633,185.4328,276.8695634522119,185.40777265132886,0.906608963664319,1.0421038796515838,0.13549491598726482,0.13826474566667865,0.8328003883361816,0.9062634522118742,-0.025027348671130767,hit,7.771603584289551,0.4473089277744293,0.0,10.0,False,2.21,10.09359,123.47869,124.44049,49.579,4.979,325.025,,1.0614
65619,1847792019786276586,easy,images/00065/0065619_ref.png,images/00065/0065619_search.png,688.7938,445.925,688.6562925105064,445.9371193856825,0.13804053454023232,0.6959278116862924,0.55788727714606,0.559152757043248,0.8182039856910706,-0.1375074894936006,0.01211938568246751,hit,7.801728248596191,0.39743638038635254,0.0,10.0,False,-0.4291,10.02801,95.71971,119.89932,34.62,4.161,320.927,,0.3295
65728,609927168904772116,hard,images/00065/0065728_ref.png,images/00065/0065728_search.png,628.5404,727.509,629.8001529404987,727.420143656134,1.2628827819479007,1.6937515133936996,0.43086873144579885,0.8884104998207593,0.7781050801277161,1.2597529404987426,-0.08885634386604124,near-miss,4.085897445678711,0.11155914515256882,0.0,10.0,False,1.4258,9.97351,150.37334,112.40225,50.064,5.003,,27.808,1.4935
135690,457468107119688969,medium,images/00135/0135690_ref.png,images/00135/0135690_search.png,496.7532,163.1361,496.7528461346848,163.07735231519845,0.058748750541633345,0.6886801592523871,0.6299314087107538,0.7059484028374835,0.7090144753456116,-0.0003538653152190818,-0.058747684801545574,hit,6.95023250579834,0.28150951862335205,0.0,10.0,False,-0.8374,10.04672,140.84098,129.55529,52.248,5.111,182.187,,0.113
97820,4444589050630415530,medium,images/00097/0097820_ref.png,images/00097/0097820_search.png,262.2738,584.3324,262.62655987102,584.2692779116763,0.35836283936310487,0.6177066747273197,0.2593438353642148,0.49572065714513824,0.8649168014526367,0.3527598710199982,-0.0631220883236665,hit,5.740871429443359,0.3667069673538208,0.0,10.0,False,1.6325,10.1085,81.78005,99.54448,46.933,4.844,272.382,,0.0244
53690,4165899626046733431,easy,images/00053/0053690_ref.png,images/00053/0053690_search.png,313.0526,438.3331,312.9183897445407,438.3542366444778,0.13586445602225014,0.17919666967479214,0.043332213652542,0.09387403481973944,0.8504149913787842,-0.13421025545926568,0.021136644477792288,hit,6.047429084777832,0.3450092673301697,0.0,10.0,False,-2.0779,9.99497,131.51207,142.07358,31.57,3.973,429.823,,1.3712
41880,4571731969678793719,easy,images/00041/0041880_ref.png,images/00041/0041880_search.png,738.0375,182.6757,737.8668483488291,182.65293313574395,0.1721636319186566,0.2640085217856499,0.09184488986699327,0.17147823040591673,0.8496273159980774,-0.1706516511709424,-0.022766864256055896,hit,7.089397430419922,0.39431053400039673,0.0,10.0,False,2.0048,9.82136,85.37736,96.2538,64.325,5.671,320.706,,0.1891
139493,3993690957081197985,medium,images/00139/0139493_ref.png,images/00139/0139493_search.png,837.6236,557.7228,839.2532210748727,557.8845615262769,1.6376298846359456,1.478680104465971,-0.15894978016997463,0.5525894733720798,0.6604219675064087,1.6296210748727162,0.161761526276905,near-miss,6.996759414672852,0.2719671130180359,0.0,10.0,False,2.034,10.16688,182.77068,145.20262,33.798,4.111,191.215,,1.8467
102072,1245933116908163870,easy,images/00102/0102072_ref.png,images/00102/0102072_search.png,731.1217,263.827,730.9451234615793,263.84961303604643,0.17801860385891108,0.33472806138778227,0.1567094575288712,0.4900127587501164,0.7375890016555786,-0.1765765384207043,0.02261303604643672,hit,8.371865272521973,0.2536841928958893,0.0,10.0,False,-0.8166,9.91987,149.00042,112.12024,55.143,5.251,382.937,,0.1502
67596,817246274339168315,easy,images/00067/0067596_ref.png,images/00067/0067596_search.png,734.5028,114.6607,730.8280911372103,114.60604566234514,3.6751152802176628,2.936523078475195,-0.7385922017424678,0.7899180453642204,0.6768038272857666,-3.6747088627896574,-0.054654337654866936,near-miss,0.6357955932617188,0.163198322057724,0.0,10.0,False,1.3704,10.00728,154.18803,136.6696,32.496,4.031,334.285,,3.6725
109270,1452866572372998847,easy,images/00109/0109270_ref.png,images/00109/0109270_search.png,207.4225,239.2629,207.23152921990004,239.3279469700149,0.20174475745384485,0.10185721286180553,-0.09988754459203932,0.14553859562301205,0.8887851238250732,-0.19097078009997404,0.06504697001489035,hit,6.831920623779297,0.2399677187204361,0.0,10.0,False,2.7766,9.95412,103.80142,84.49743,75.73,6.153,346.059,,0.8102
135645,2176496019703146846,hard,images/00135/0135645_ref.png,images/00135/0135645_search.png,283.4868,258.2187,283.3938439752377,258.31482778466614,0.13372125307679714,0.27695860693816887,0.14323735386137174,0.22138695183552412,0.8781720995903015,-0.09295602476231579,0.09612778466612326,hit,3.6546764373779297,0.23845061659812927,0.0,10.0,False,0.8107,9.95426,187.92855,140.31465,62.039,5.57,,27.097,0.3431
35358,2014407127434916979,medium,images/00035/0035358_ref.png,images/00035/0035358_search.png,220.8956,506.8995,220.8914728146328,506.92914598912085,0.02993189486166346,0.07179348910113863,0.041861594239475164,0.06066516715176501,0.8999208211898804,-0.004127185367195807,0.02964598912086558,hit,5.661515235900879,0.33867722749710083,0.0,10.0,False,-0.7815,9.93098,132.86154,130.05089,45.535,4.772,255.159,,0.7511
46535,2071755063396364323,hard,images/00046/0046535_ref.png,images/00046/0046535_search.png,506.665,720.7732,506.64601363125547,720.7260866780739,0.05079515036904724,0.05087993563547566,8.478526642841794e-05,0.07619010339329385,0.7429787516593933,-0.01898636874454951,-0.047113321926076424,hit,3.356663703918457,0.3218619227409363,0.0,10.0,False,1.1588,9.94894,74.46998,77.45862,69.539,5.897,,23.026,0.8573
69233,691165361014006520,medium,images/00069/0069233_ref.png,images/00069/0069233_search.png,161.8531,306.364,162.34489239515915,306.4703308063403,0.5031560397265921,0.6156202980493215,0.11246425832272944,0.1371109650551907,0.7032282948493958,0.49179239515913764,0.10633080634033831,hit,5.196776390075684,0.333687961101532,0.0,10.0,False,-0.0459,9.89247,104.32542,83.83614,33.751,4.108,260.868,,0.8365
133601,2547049876820823931,easy,images/00133/0133601_ref.png,images/00133/0133601_search.png,723.0428,362.8783,722.7050372015035,362.8659709015906,0.3379877434402242,0.12145136229026424,-0.21653638114995996,0.35464245342208367,0.8587944507598877,-0.33776279849655566,-0.0123290984094524,hit,4.829835891723633,0.2688641846179962,0.0,10.0,False,-1.6263,9.96424,152.23786,167.15184,40.508,4.5,361.895,,0.1678
97856,1581685126515415099,easy,images/00097/0097856_ref.png,images/00097/0097856_search.png,291.7672,249.0517,291.78052276332545,249.03099685618886,0.024619427009801353,0.3936177133907779,0.36899828638097654,0.4130389978428865,0.846279501914978,0.013322763325447795,-0.02070314381114713,hit,5.98513126373291,0.31614187359809875,0.0,10.0,False,-0.4631,10.01327,154.26754,157.22283,53.0,5.148,323.414,,0.1121
50066,4343732288545754175,easy,images/00050/0050066_ref.png,images/00050/0050066_search.png,710.1547,675.984,710.2101880180307,676.0156123316178,0.06386125316096408,0.46395646911803295,0.4000952159570689,0.41447232558355884,0.8225264549255371,0.055488018030700914,0.03161233161779364,hit,6.235299110412598,0.2998526692390442,0.0,10.0,False,-2.6816,10.14176,88.18581,101.9031,56.225,5.302,339.84,,0.5988
138250,915265176036403591,easy,images/00138/0138250_ref.png,images/00138/0138250_search.png,251.9503,425.5297,251.97049573460143,425.620174829649,0.09270146976238516,0.20205756387235463,0.10935609410996947,0.13484691343510555,0.8102280497550964,0.02019573460142965,0.090474829648997,hit,7.248258590698242,0.3480491638183594,0.0,10.0,False,3.0613,9.9613,104.31346,83.67135,89.629,6.694,428.558,,1.0345
104672,1162770459158960572,medium,images/00104/0104672_ref.png,images/00104/0104672_search.png,285.9511,768.2008,285.0612919963024,768.0275685813142,0.9065138762667847,0.4630531198056672,-0.4434607564611175,0.6197921581891997,0.7570382356643677,-0.8898080036976239,-0.1732314186857593,hit,5.604043960571289,0.34538593888282776,0.0,10.0,False,-0.2384,10.01318,146.27502,162.19297,92.304,6.794,226.972,,1.4165
89903,754608567580130878,easy,images/00089/0089903_ref.png,images/00089/0089903_search.png,639.2613,674.0033,639.1384915296239,673.875926161239,0.17693505926415423,0.8762391744975933,0.699304115233439,0.7595418026448805,0.7789276242256165,-0.12280847037607145,-0.12737383876094555,hit,6.48968505859375,0.3703170418739319,0.0,10.0,False,1.6578,9.9299,137.70001,148.81226,40.845,4.519,359.098,,0.7773
104421,1253240171171730812,medium,images/00104/0104421_ref.png,images/00104/0104421_search.png,712.2769,816.3455,712.1484679332448,816.5119379421254,0.21022936129368192,0.32289328680312807,0.11266392550944615,0.28065698101068604,0.7983332276344299,-0.12843206675518104,0.16643794212541252,hit,7.611891746520996,0.2946191430091858,0.0,10.0,False,-2.5572,9.89894,140.11903,130.70828,45.896,4.79,209.166,,0.8324
125999,4174435631062478288,medium,images/00125/0125999_ref.png,images/00125/0125999_search.png,592.4962,173.2506,592.4808884424992,173.2105150271202,0.04290977562133661,0.30889408902262655,0.2659843134012899,0.2946848126841567,0.7317823767662048,-0.015311557500808703,-0.0400849728797823,hit,4.39328670501709,0.4041423797607422,0.0,10.0,False,0.8253,9.96836,80.98668,98.06219,22.042,3.32,284.27,,0.79
74371,1590087020774671220,easy,images/00074/0074371_ref.png,images/00074/0074371_search.png,509.299,157.403,509.05404121497673,157.4445837764163,0.24846331081490605,0.28990070730118256,0.041437396486276507,0.42224040617307906,0.6592572331428528,-0.2449587850232433,0.04158377641630295,hit,6.979443550109863,0.40131163597106934,0.0,10.0,False,0.2238,10.10204,105.85752,108.59681,25.762,3.589,425.511,,0.4143
43402,2684028905220037213,medium,images/00043/0043402_ref.png,images/00043/0043402_search.png,228.2207,783.4349,228.95657220656022,783.069264045818,0.8217040558366194,0.8435062849930534,0.021802229156433928,0.4284358651686661,0.5987740755081177,0.7358722065602308,-0.3656359541819256,hit,4.665960311889648,0.3586600720882416,0.0,10.0,False,0.8318,9.91898,99.5599,131.54302,50.567,5.028,249.311,,0.8613
61775,3632601301369133145,hard,images/00061/0061775_ref.png,images/00061/0061775_search.png,683.2392,297.6262,683.3918074319567,297.56000494372813,0.16634546511183543,0.8636482114102526,0.6973027462984172,0.7145578344118906,0.8507955074310303,0.15260743195676696,-0.06619505627185163,hit,6.447558403015137,0.2894178628921509,0.0,10.0,False,1.2299,9.89557,97.46415,115.19451,73.733,6.072,,15.323,0.534
39013,3198481312676953068,easy,images/00039/0039013_ref.png,images/00039/0039013_search.png,384.8385,421.1231,384.757864218518,421.1836293357465,0.10082623538108015,0.49207661824004045,0.3912503828589603,0.44720116524455544,0.9019346237182617,-0.08063578148198758,0.06052933574648023,hit,6.6549224853515625,0.3445862829685211,0.0,10.0,False,1.8914,10.01394,152.52045,138.95097,64.577,5.682,396.965,,0.3537
152856,3115139201548857654,hard,images/00152/0152856_ref.png,images/00152/0152856_search.png,838.9849,526.341,839.0494422369993,526.1872954733965,0.1667056743343858,0.39886901082841136,0.23216333649402557,0.31626984311437994,0.5890169143676758,0.06454223699927297,-0.1537045266035193,hit,5.555927276611328,0.21949231624603271,0.0,10.0,False,1.7738,9.94927,68.26609,86.08957,104.069,7.213,,31.652,0.7197
165496,2551100798861194113,hard,images/00165/0165496_ref.png,images/00165/0165496_search.png,840.5595,450.6277,840.5533709078472,450.7885491049781,0.16096583594931743,0.10647625718147828,-0.05448957876783915,0.13541327819472432,0.8489120006561279,-0.00612909215271884,0.1608491049780696,hit,1.9994277954101562,0.20051449537277222,0.0,10.0,False,-0.1107,10.18825,192.72976,169.93101,86.337,6.57,,33.529,0.5915
136843,363161107583672643,easy,images/00136/0136843_ref.png,images/00136/0136843_search.png,444.0906,159.562,444.19059755600915,159.63806746745487,0.12564143748302573,0.4805802644163179,0.35493882693329215,0.5692379782742323,0.8103235363960266,0.09999755600915705,0.07606746745486248,hit,6.558650970458984,0.25640445947647095,0.0,10.0,False,0.5054,10.08877,207.60363,165.89031,23.473,3.426,377.662,,0.6489
170057,655191547711573939,hard,images/00170/0170057_ref.png,images/00170/0170057_search.png,228.9091,248.4084,229.9173190742179,248.29401281077847,1.014687208293661,1.183974442549536,0.16928723425587489,0.17545837319355886,0.7363312840461731,1.008219074217891,-0.11438718922153157,near-miss,6.761967658996582,0.2869248688220978,0.0,10.0,False,1.1611,9.99488,102.87267,100.04217,67.188,5.796,,28.739,0.7301
96034,2065645544201713710,easy,images/00096/0096034_ref.png,images/00096/0096034_search.png,403.9538,410.136,403.4682377619121,410.0827982379834,0.4884681305249947,0.36230178437704,-0.1261663461479547,0.38782606427736643,0.8635826706886292,-0.4855622380878799,-0.053201762016612975,hit,5.514533042907715,0.3415243923664093,0.0,10.0,False,0.5817,10.07339,98.59384,92.77158,60.854,5.516,419.644,,0.3096
66559,477218972613696578,medium,images/00066/0066559_ref.png,images/00066/0066559_search.png,700.791,645.0268,700.7931086645705,644.8573624674905,0.1694506532568705,0.2405018112021074,0.07105115794523689,0.07105115897460088,0.8635807037353516,0.0021086645704144757,-0.16943753250950522,hit,4.481827735900879,0.3657548129558563,0.0,10.0,False,-0.5137,9.92734,137.24984,128.84915,82.157,6.409,174.188,,0.5032
166368,2737783650202698898,hard,images/00166/0166368_ref.png,images/00166/0166368_search.png,716.006,775.2398,716.0980031638213,775.2356775921598,0.09209547437055485,0.741294043437801,0.6491985690672462,0.649257878123469,0.715940535068512,0.09200316382134588,-0.004122407840100095,hit,1.1050615310668945,0.07333441078662872,0.0,10.0,False,-3.1464,10.06603,109.6488,82.7456,24.65,3.511,,31.795,0.6226
65428,1640543187514013787,medium,images/00065/0065428_ref.png,images/00065/0065428_search.png,822.854,723.8278,822.7096217888577,723.845623896127,0.14547425588676088,0.10108090084557392,-0.044393355041186966,0.054998439932866294,0.8937270045280457,-0.14437821114233884,0.017823896126969885,hit,2.9832992553710938,0.2073703408241272,0.0,10.0,False,1.2498,9.88111,123.93089,151.37772,80.868,6.359,278.129,,1.3284
31198,1509453240707830386,easy,images/00031/0031198_ref.png,images/00031/0031198_search.png,398.7984,127.2633,399.8646777765714,127.42960919228219,1.07916960865638,0.4851382363754298,-0.5940313722809503,0.787589976370455,0.6635565757751465,1.0662777765713827,0.16630919228218488,near-miss,6.130661964416504,0.2083478569984436,0.0,10.0,False,2.4284,9.94127,88.162,102.03465,23.916,3.458,418.946,,1.6116
7764,3013025094292525211,medium,images/00007/0007764_ref.png,images/00007/0007764_search.png,684.7626,217.7053,684.5343231933166,217.97517182122766,0.35347008411224834,0.4600460150701268,0.10657593095787848,0.653153475008613,0.7744929790496826,-0.2282768066834251,0.2698718212276674,hit,3.6865692138671875,0.36432015895843506,0.0,10.0,False,-0.134,10.12452,154.93016,122.42943,34.0,4.123,203.153,,0.5507
154303,1771127938295851778,hard,images/00154/0154303_ref.png,images/00154/0154303_search.png,479.0115,224.1082,864.4243984425838,887.6328144053253,767.3382671336345,767.5596141571001,0.22134702346556878,0.22159912417819175,0.7230427861213684,385.41289844258375,663.5246144053253,periodic-lock,0.09217357635498047,0.042544715106487274,0.0,10.0,False,0.3028,9.85859,133.22061,158.42528,23.465,3.425,,19.266,0.0812
80258,3132024463457620212,medium,images/00080/0080258_ref.png,images/00080/0080258_search.png,168.2504,318.6744,169.69790144013015,318.5982923433981,1.4495008777411136,1.74524491882404,0.2957440410829264,0.3216001163139387,0.6867177486419678,1.4475014401301394,-0.07610765660189145,near-miss,5.025050163269043,0.3629736304283142,0.0,10.0,False,1.158,10.05171,127.48504,105.99286,30.834,3.926,291.762,,0.583
118338,3140763957946718324,hard,images/00118/0118338_ref.png,images/00118/0118338_search.png,613.8058,877.9639,614.5020790140074,877.9085169399127,0.6984781662241469,0.9429817738763295,0.2445036076521826,0.5451271051511212,0.6703357100486755,0.696279014007473,-0.05538306008725158,hit,4.617178916931152,0.2153470814228058,0.0,10.0,False,-3.48,9.79711,93.89792,70.76093,67.788,5.822,,29.268,0.5889
119380,96007287380065210,easy,images/00119/0119380_ref.png,images/00119/0119380_search.png,165.5027,447.8206,165.07937729270887,447.8977698763714,0.430299087063255,0.17409452782742926,-0.25620455923582575,0.2754238768352956,0.8131477236747742,-0.42332270729113475,0.07716987637138573,hit,5.369870185852051,0.35046833753585815,0.0,10.0,False,0.8877,10.17602,108.82734,89.14996,39.776,4.46,382.912,,0.7704
111425,499933054699469261,easy,images/00111/0111425_ref.png,images/00111/0111425_search.png,439.5612,365.9264,439.5892726224579,366.01610656172784,0.09399648583162015,0.4168964534531972,0.322899967621577,0.3494617658007964,0.8358699679374695,0.028072622457898433,0.0897065617278372,hit,4.514073371887207,0.3430405259132385,0.0,10.0,False,-2.7642,10.00183,83.17526,71.61693,65.188,5.709,369.664,,0.3375
71030,4434143394806819878,medium,images/00071/0071030_ref.png,images/00071/0071030_search.png,770.7929,376.8672,771.8702463949064,376.79182321203456,1.0799800529555053,0.4184556397997204,-0.6615244131557849,0.7358816397181341,0.8125972151756287,1.0773463949063853,-0.07537678796546743,near-miss,0.7075643539428711,0.06281047314405441,0.0,10.0,False,-3.5266,9.90918,120.8486,94.93283,42.079,4.587,289.998,,0.8859
79066,1509349103180474508,easy,images/00079/0079066_ref.png,images/00079/0079066_search.png,399.3479,187.824,399.2413270880166,188.11477250744593,0.3096876436912016,0.27161637039278386,-0.03807127329841775,0.4523493115863619,0.7786376476287842,-0.1065729119833918,0.2907725074459222,hit,4.459402084350586,0.19373394548892975,0.0,10.0,False,0.6695,9.89895,163.73009,142.46926,23.593,3.435,426.326,,1.1965
56914,2236830546873874839,easy,images/00056/0056914_ref.png,images/00056/0056914_search.png,225.1714,384.0895,225.23535492803362,384.0781505099829,0.0649541664824696,0.5910045051059071,0.5260503386234374,0.529522121535905,0.8721840977668762,0.0639549280336098,-0.011349490017096286,hit,5.976090431213379,0.2891247272491455,0.0,10.0,False,1.3238,10.02463,166.63515,133.15766,28.868,3.799,371.906,,0.1137
54033,2625224865903094729,easy,images/00054/0054033_ref.png,images/00054/0054033_search.png,617.9044,664.9972,618.183002784198,665.0560130998659,0.2847428525507381,0.42499225111838296,0.14024939856764485,0.3715133913729923,0.7402127981185913,0.27860278419802853,0.05881309986591532,hit,6.020169258117676,0.3294239640235901,0.0,10.0,False,-3.4636,9.98798,146.32956,160.29648,26.996,3.674,354.781,,1.2692
116553,2171101527669035609,medium,images/00116/0116553_ref.png,images/00116/0116553_search.png,717.6499,751.3159,718.2801357458246,751.4546819879188,0.6453352117200698,1.0669975829659606,0.4216623712458908,0.7597607527356404,0.6910503506660461,0.6302357458246206,0.1387819879187191,hit,1.6547508239746094,0.22463934123516083,0.0,10.0,False,2.0726,10.10463,73.77201,92.20784,79.581,6.308,276.916,,0.8811
114283,1259556012732577256,easy,images/00114/0114283_ref.png,images/00114/0114283_search.png,295.9721,773.04,296.2998999886458,772.9649727520747,0.33627655357966,0.3163434562724016,-0.019933097307258396,0.5224783644636525,0.8435183763504028,0.3277999886457792,-0.07502724792527715,hit,6.672629356384277,0.3381948173046112,0.0,10.0,False,-0.038,10.06112,110.70604,101.02414,86.679,6.583,344.362,,0.4733
70066,1724146159543787250,easy,images/00070/0070066_ref.png,images/00070/0070066_search.png,352.7299,187.3237,352.8971783162162,187.19831883109043,0.20905136352881393,0.45798731242081214,0.24893594889199822,0.2580076388989581,0.8859443664550781,0.1672783162161977,-0.12538116890956985,hit,10.020604133605957,0.38996925950050354,0.0,10.0,False,1.5459,10.07677,96.09155,118.07752,71.344,5.973,392.767,,0.3905
50379,3903765956318905703,medium,images/00050/0050379_ref.png,images/00050/0050379_search.png,234.4263,587.8192,234.46094506860794,587.6580843426103,0.16479847036597303,0.685452044252372,0.520653573886399,0.8345864676594155,0.7657172679901123,0.034645068607943585,-0.16111565738970057,hit,4.351861000061035,0.27973777055740356,0.0,10.0,False,2.8169,9.94885,180.072,142.17993,28.919,3.803,272.938,,1.3436
179385,3849368914259093519,hard,images/00179/0179385_ref.png,images/00179/0179385_search.png,825.5697,126.4924,824.4280716232332,126.65164346964372,1.1526811498690095,0.9685574399959295,-0.18412370987308002,0.21433913834442964,0.8679247498512268,-1.1416283767667892,0.1592434696437124,near-miss,4.24676513671875,0.2788096070289612,0.0,10.0,False,-0.0963,9.95387,123.99558,93.7139,65.611,5.728,,24.027,1.1218
24150,3899681995473747750,medium,images/00024/0024150_ref.png,images/00024/0024150_search.png,422.7092,886.6174,422.90415039642625,886.7232829854919,0.2218487405495648,0.0617323104023942,-0.16011643014717059,0.19196547413772608,0.8180626630783081,0.19495039642623624,0.10588298549191677,hit,5.696707725524902,0.3428352177143097,0.0,10.0,False,-1.1666,9.94753,190.97241,141.83427,69.902,5.912,278.249,,1.3434
113507,1939923285125516446,easy,images/00113/0113507_ref.png,images/00113/0113507_search.png,319.7331,615.6478,320.19673099062373,615.4262534020445,0.5138449090264553,0.7506320362558403,0.236787127229385,0.2369124742374751,0.8060914278030396,0.4636309906237557,-0.2215465979554665,hit,5.04643440246582,0.1988983303308487,0.0,10.0,False,-1.0124,10.16837,198.66911,152.48929,63.792,5.648,350.833,,0.8169
29458,3914681410856053789,easy,images/00029/0029458_ref.png,images/00029/0029458_search.png,723.3686,707.4523,722.3707025123614,707.7210909039362,1.0334640515636269,1.3945040488152007,0.3610399972515739,0.38274809203068333,0.8603499531745911,-0.9978974876386246,0.26879090393617844,near-miss,7.6126604080200195,0.31549006700515747,0.0,10.0,False,0.5512,9.84101,124.15619,96.30846,24.912,3.529,414.605,,0.686
37560,1479643699778435050,medium,images/00037/0037560_ref.png,images/00037/0037560_search.png,690.1577,119.5272,690.1325457913443,119.59014290387724,0.0677830610225821,0.24706418600609897,0.1792811249835169,0.17941602603668885,0.8165204524993896,-0.025154208655635557,0.06294290387724288,hit,2.69197940826416,0.15469469130039215,0.0,10.0,False,0.5729,10.08007,116.17427,104.37241,36.225,4.256,237.497,,0.0425
94702,1036908925786411848,easy,images/00094/0094702_ref.png,images/00094/0094702_search.png,571.9461,646.403,571.8647400789325,646.2087436414338,0.21060619553925627,0.659562018444626,0.44895582290536973,0.5391822454687165,0.7898615598678589,-0.0813599210674738,-0.19425635856623558,hit,6.486265182495117,0.2671630084514618,0.0,10.0,False,-1.1564,9.86325,166.24664,140.6864,97.32,6.976,371.591,,0.9039
131835,180591344375876094,easy,images/00131/0131835_ref.png,images/00131/0131835_search.png,658.5922,828.5047,658.7716434210529,828.4617973887031,0.1845008818820045,0.5878835437769332,0.40338266189492866,0.7650004164240806,0.786638617515564,0.17944342105283795,-0.04290261129688133,hit,3.5231103897094727,0.2842390537261963,0.0,10.0,False,2.3089,10.01537,168.83753,135.60035,45.073,4.747,427.519,,0.4144
37126,266142961957184610,medium,images/00037/0037126_ref.png,images/00037/0037126_search.png,830.6899,533.4307,832.0137773479335,533.3078963619546,1.3295608169198572,1.1431189605065275,-0.18644185641332967,0.18769907546600176,0.743486762046814,1.3238773479334895,-0.12280363804541139,near-miss,4.211465835571289,0.28582459688186646,0.0,10.0,False,0.5621,9.79217,66.29566,83.59776,101.936,7.139,265.043,,2.4283
22131,780921281186770937,easy,images/00022/0022131_ref.png,images/00022/0022131_search.png,227.6796,162.8306,227.68794923782863,162.66159077657593,0.16921532842720308,0.5005763415853369,0.3313610131581338,0.47570970575379845,0.8007228374481201,0.008349237828639389,-0.16900922342406943,hit,2.869112014770508,0.2594478130340576,0.0,10.0,False,-0.1626,9.98565,202.90645,151.66792,22.075,3.322,410.189,,0.4981
114356,2685682873252313088,easy,images/00114/0114356_ref.png,images/00114/0114356_search.png,781.4233,215.6268,780.1208558042093,215.52457880513802,1.30644940806291,2.0131949539703364,0.7067455459074263,0.7705106824863751,0.7544809579849243,-1.302444195790713,-0.10222119486198267,near-miss,5.3168487548828125,0.20714087784290314,0.0,10.0,False,-0.3253,10.14268,145.74468,147.02658,33.056,4.065,303.554,,1.6816
7377,1802198013817920540,medium,images/00007/0007377_ref.png,images/00007/0007377_search.png,496.1097,446.2967,496.2282728200001,446.33810638840487,0.12559459639456816,0.5922630732512828,0.46666847685671464,0.46729028312227555,0.8172503709793091,0.11857282000011082,0.04140638840488009,hit,1.6381101608276367,0.2826272249221802,0.0,10.0,False,-2.0718,10.11763,143.02328,122.62609,75.923,6.161,232.99,,0.3766
24853,4161657025719222904,medium,images/00024/0024853_ref.png,images/00024/0024853_search.png,143.6256,381.9099,144.37177982938243,381.9693723842801,0.7485461256790877,0.6324917431965811,-0.11605438248250666,0.7787913835993951,0.7325640916824341,0.7461798293824415,0.059472384280127244,hit,7.8524885177612305,0.32677528262138367,0.0,10.0,False,-1.3458,10.09555,151.49835,162.46225,22.954,3.388,178.609,,0.707
90531,4430197588923961019,medium,images/00090/0090531_ref.png,images/00090/0090531_search.png,669.6754,470.0995,669.7257260912107,469.9586015266467,0.14961649390972095,0.29408917629294573,0.14447268238322478,0.439281878660481,0.8917728066444397,0.05032609121076348,-0.14089847335327477,hit,6.609694480895996,0.3220064640045166,0.0,10.0,False,2.2711,9.96523,219.3958,163.90044,107.532,7.333,220.71,,0.2507
5455,2198940016652291729,medium,images/00005/0005455_ref.png,images/00005/0005455_search.png,279.6502,864.9074,280.06994056912407,864.8299107332657,0.4268333771246568,0.6455662746149329,0.21873289749027608,0.22759808532471093,0.8446424007415771,0.4197405691240874,-0.07748926673434653,hit,6.630824089050293,0.3329455554485321,0.0,10.0,False,-2.2604,10.14146,176.30377,151.86017,57.279,5.352,296.506,,1.0853
121638,262113586723516665,easy,images/00121/0121638_ref.png,images/00121/0121638_search.png,869.7022,234.8825,869.0655904962541,234.89190748651038,0.6366790094403584,0.5135413464152235,-0.12313766302513485,0.16502922367229775,0.8552126884460449,-0.6366095037458308,0.009407486510383478,hit,8.887434005737305,0.36462676525115967,0.0,10.0,False,0.1259,10.00151,103.23668,108.48152,76.743,6.194,315.362,,1.0789
105372,1879562047095317757,easy,images/00105/0105372_ref.png,images/00105/0105372_search.png,162.1615,674.8204,162.24214182861928,674.5970025018136,0.23750694035964492,0.6930368565072474,0.4555299161476025,0.4555918754252041,0.7074152231216431,0.08064182861929226,-0.22339749818638666,hit,6.413477897644043,0.35855230689048767,0.0,10.0,False,-0.1541,9.96327,113.3681,138.95216,37.146,4.31,421.661,,0.5447
28726,4343006436411945778,medium,images/00028/0028726_ref.png,images/00028/0028726_search.png,221.2454,309.072,220.9895717741718,309.1163122203553,0.2596375435163823,0.31886469989597405,0.05922715637959175,0.39932385494725064,0.8167999982833862,-0.2558282258281963,0.044312220355323007,hit,8.034811019897461,0.423651784658432,0.0,10.0,False,0.44,9.96352,153.37275,130.88013,105.008,7.246,236.603,,0.4344
131765,4493377203982600646,easy,images/00131/0131765_ref.png,images/00131/0131765_search.png,568.4889,779.0176,568.495771939838,779.172565281002,0.1551175743530066,0.6284947007295839,0.4733771263765773,0.6846045332360852,0.8560575246810913,0.0068719398381063,0.15496528100197793,hit,7.302243232727051,0.29482337832450867,0.0,10.0,False,0.8342,10.02429,101.35099,76.41321,31.81,3.988,410.675,,0.3535
69618,4149748583263238440,easy,images/00069/0069618_ref.png,images/00069/0069618_search.png,515.449,846.7447,515.4406190818637,846.7669828389588,0.023806820469626216,0.7580438077557339,0.7342369872861076,0.7698782838829095,0.8318766355514526,-0.008380918136253968,0.02228283895885852,hit,2.8447561264038086,0.3118799924850464,0.0,10.0,False,-1.2285,9.92514,119.42545,105.219,31.958,3.997,324.263,,0.8653
761,3690378340131664633,easy,images/00000/0000761_ref.png,images/00000/0000761_search.png,410.0852,549.4959,410.2453524050618,549.5255040345552,0.16286556329999788,0.39000762331283684,0.22714206001283896,0.2276607250703234,0.8117380142211914,0.16015240506180817,0.02960403455517735,hit,9.046980857849121,0.41476282477378845,0.0,10.0,False,-1.5768,9.83682,135.60291,128.09413,51.731,5.086,347.203,,0.3119
111491,3630072381778185699,medium,images/00111/0111491_ref.png,images/00111/0111491_search.png,541.2613,148.584,541.2178407908799,148.66160769285918,0.08894749489597056,0.4435802921559962,0.3546327972600256,0.43397832580125417,0.8539528250694275,-0.04345920912010115,0.0776076928591749,hit,2.82900333404541,0.15576985478401184,0.0,10.0,False,-2.9732,9.98281,178.69337,137.5612,32.214,4.013,189.47,,0.1536
82979,2182564820488650399,easy,images/00082/0082979_ref.png,images/00082/0082979_search.png,454.012,249.9006,453.81394447425674,249.82104949737086,0.21343447178463354,0.8364579249505996,0.623023453165966,0.6415363370431053,0.8731018304824829,-0.19805552574325702,-0.07955050262913232,hit,4.243740081787109,0.3600834608078003,0.0,10.0,False,-2.0646,9.86256,138.56405,105.05524,22.661,3.366,340.293,,0.5599
48808,3518971144205293578,easy,images/00048/0048808_ref.png,images/00048/0048808_search.png,544.757,687.0677,544.5507030797396,687.1460281381584,0.220666527901877,0.6162336162487569,0.3955670883468799,0.7549945857338928,0.7304671406745911,-0.20629692026034263,0.0783281381584402,hit,6.26298713684082,0.29991206526756287,0.0,10.0,False,-1.0811,10.01569,112.63475,97.49212,27.814,3.729,353.25,,0.9143
9330,357618168558469974,medium,images/00009/0009330_ref.png,images/00009/0009330_search.png,273.5657,551.2086,273.68068236574635,551.0137229899146,0.22626973613909698,0.2813962676538711,0.05512653151477412,0.05680644661406805,0.7389072775840759,0.11498236574635712,-0.19487701008540625,hit,2.175891876220703,0.27129068970680237,0.0,10.0,False,-0.425,10.07858,119.73246,118.75888,27.722,3.723,222.363,,0.2562
93884,4299719923262138157,easy,images/00093/0093884_ref.png,images/00093/0093884_search.png,311.2612,482.0178,311.25866261210734,482.02820237368064,0.010707367347248257,0.25097422788076823,0.24026686053351998,0.24085752571606656,0.8230593204498291,-0.0025373878926302496,0.010402373680619803,hit,8.87938117980957,0.3341427147388458,0.0,10.0,False,-3.4011,9.77392,98.9403,102.39746,89.791,6.7,326.129,,0.5905
37275,1963835000343298576,easy,images/00037/0037275_ref.png,images/00037/0037275_search.png,239.6695,741.5411,239.93084613977152,741.3445053595025,0.3270340310209863,0.38200135487701437,0.05496732385602804,0.24330538889179693,0.8245849013328552,0.26134613977151844,-0.19659464049755115,hit,7.887147903442383,0.4002995491027832,0.0,10.0,False,1.2764,10.16181,90.97767,86.93088,56.175,5.3,334.441,,1.1409
2864,554694447024419981,easy,images/00002/0002864_ref.png,images/00002/0002864_search.png,804.958,221.3078,804.8107663968782,221.40373761736643,0.17573206968044064,0.44320659321946354,0.2674745235390229,0.2758768595343227,0.7933620810508728,-0.14723360312177647,0.09593761736644524,hit,8.859601020812988,0.4770769476890564,0.0,10.0,False,-0.0528,10.06732,98.68535,86.66619,43.821,4.681,368.175,,0.4242
101863,2822261695923389674,easy,images/00101/0101863_ref.png,images/00101/0101863_search.png,661.2353,751.7625,661.1650571634865,751.8504836027889,0.11258405944529633,0.6708391467446235,0.5582550872993272,0.562920741756921,0.8185138702392578,-0.07024283651355745,0.0879836027888814,hit,7.963203430175781,0.35805875062942505,0.0,10.0,False,-1.183,10.2425,125.96077,127.0764,105.089,7.249,322.411,,0.3966
38549,2373206411099125244,medium,images/00038/0038549_ref.png,images/00038/0038549_search.png,571.7427,710.1647,571.2792055561019,710.3015752938057,0.4832824697615042,0.5496444406523382,0.06636197089083401,0.15225370954416304,0.8258166313171387,-0.46349444389807104,0.1368752938057014,hit,6.557896614074707,0.329978883266449,0.0,10.0,False,-0.1645,9.91007,94.88432,86.84771,23.514,3.429,208.466,,0.8065
133345,1745637361218558708,easy,images/00133/0133345_ref.png,images/00133/0133345_search.png,780.4551,381.9786,781.8451764606584,381.9007310125515,1.3922557759560035,1.8116292612076672,0.41937348525166374,0.43010123573098613,0.8251444101333618,1.3900764606584062,-0.07786898744848259,near-miss,5.676279067993164,0.35977891087532043,0.0,10.0,False,-0.3516,9.89035,182.50246,167.41483,72.672,6.028,391.944,,1.1362
74512,2458677195760959613,easy,images/00074/0074512_ref.png,images/00074/0074512_search.png,671.3606,135.2766,671.1657291954018,135.33569125720445,0.20363302080639778,0.35483929876750275,0.15120627796110497,0.39876421336578316,0.8404507637023926,-0.19487080459816752,0.05909125720444308,hit,7.504972457885742,0.2732342779636383,0.0,10.0,False,-0.6477,10.03553,120.81132,89.57769,25.08,3.541,409.676,,0.0938
178629,4215371010281314397,hard,images/00178/0178629_ref.png,images/00178/0178629_search.png,234.9769,165.0405,234.88576710640834,165.04468584111748,0.09122897325000484,1.2204760485477326,1.1292470752977277,1.1306668608201502,0.7853273749351501,-0.09113289359166288,0.004185841117475775,hit,2.997272491455078,0.15893584489822388,0.0,10.0,False,-0.4833,9.99984,81.83189,70.33878,31.756,3.985,,16.785,0.4271
32525,2480310562905260902,easy,images/00032/0032525_ref.png,images/00032/0032525_search.png,401.4796,487.9123,401.2908477098875,488.1688438209973,0.31849985732276087,0.6412916098253583,0.3227917525025974,0.9594335746358272,0.7256840467453003,-0.18875229011251804,0.2565438209973081,hit,5.420257568359375,0.27051204442977905,0.0,10.0,False,0.0321,9.8503,83.28858,90.98475,23.795,3.449,389.511,,0.4633
50206,3065778864519592830,easy,images/00050/0050206_ref.png,images/00050/0050206_search.png,663.2973,407.7847,663.3582965836274,407.78556063008,0.061002654846784826,0.7955391088365035,0.7345364539897187,0.856409974680489,0.829934298992157,0.06099658362745686,0.00086063008001247,hit,2.6781320571899414,0.2187112718820572,0.0,10.0,False,1.0014,10.06105,120.3235,129.02137,38.419,4.383,306.486,,0.3675
16901,2874665349108008718,easy,images/00016/0016901_ref.png,images/00016/0016901_search.png,319.4954,434.2052,319.1816845127139,434.24411545244834,0.3161199446451076,0.18292706052757463,-0.133192884117533,0.4605690753499181,0.6809964179992676,-0.3137154872861174,0.03891545244835015,hit,6.150820732116699,0.307910293340683,0.0,10.0,False,-2.6338,10.01457,96.16059,78.26923,54.306,5.211,361.564,,1.376
35505,2704591797079703134,easy,images/00035/0035505_ref.png,images/00035/0035505_search.png,459.04,146.2934,459.40212854179543,146.283841235863,0.36225467664986666,0.3837964329162805,0.02154175626641386,0.3506109017895115,0.8699402809143066,0.3621285417954141,-0.0095587641369832,hit,4.865942001342773,0.3007681369781494,0.0,10.0,False,-0.8394,10.04622,106.00449,133.37561,22.204,3.332,411.022,,0.4283
144566,4128571577718229422,easy,images/00144/0144566_ref.png,images/00144/0144566_search.png,575.8897,281.9151,576.15974183818,281.9947592457651,0.28154607048144753,0.08571682494865962,-0.1958292455327879,0.34800709429599425,0.8716025948524475,0.2700418381800773,0.07965924576512862,hit,7.5777082443237305,0.3468799591064453,0.0,10.0,False,-1.295,10.11069,94.93255,87.64908,44.416,4.713,369.814,,0.339
18146,4441613558860434330,hard,images/00018/0018146_ref.png,images/00018/0018146_search.png,372.8584,390.702,372.6864849752884,390.7605417824406,0.18160923988860608,0.5825264572373958,0.4009172173487897,0.451818385706973,0.7789157629013062,-0.17191502471160902,0.05854178244061359,hit,5.986980438232422,0.344377338886261,0.0,10.0,False,1.1867,9.94305,80.72839,96.03895,75.302,6.136,,30.266,0.4498
18279,4188748118298391938,hard,images/00018/0018279_ref.png,images/00018/0018279_search.png,232.545,114.0869,232.72547470662863,114.2755873949173,0.2611016138084373,0.7652659075880841,0.5041642937796468,0.8472534285245952,0.6213158369064331,0.18047470662864384,0.18868739491729514,hit,5.457245826721191,0.3362415134906769,0.0,10.0,False,0.8563,10.25695,125.60235,121.40031,29.278,3.826,,27.129,0.1637
73757,1176665199265489613,easy,images/00073/0073757_ref.png,images/00073/0073757_search.png,730.0656,685.7654,730.519657274,685.880276710115,0.46836381862729726,0.6129016459564295,0.14453782732913223,0.2938398694285742,0.7888215780258179,0.45405727399997886,0.11487671011502698,hit,4.889618873596191,0.3963654637336731,0.0,10.0,False,-1.209,10.01882,100.16251,118.88907,73.778,6.074,307.933,,0.7341
120719,4544961982829019805,easy,images/00120/0120719_ref.png,images/00120/0120719_search.png,146.9398,627.3593,146.8655654171422,627.3571857022184,0.07426468573407073,0.1502473751093342,0.07598268937526347,0.09850268357262433,0.793756902217865,-0.07423458285779816,-0.0021142977815316044,hit,6.210229873657227,0.23781229555606842,0.0,10.0,False,0.4736,9.99437,111.84395,125.05078,25.572,3.576,336.325,,0.7784
92683,1250780478279307143,easy,images/00092/0092683_ref.png,images/00092/0092683_search.png,682.126,819.745,682.423437829245,819.6081583136199,0.32740633683138515,0.25025516998043057,-0.07715116685095458,0.28780100825648364,0.6234616637229919,0.29743782924504103,-0.13684168638008032,hit,6.541158676147461,0.278660386800766,0.0,10.0,False,-1.2159,9.91231,107.36724,94.7425,67.539,5.811,341.117,,0.6683
182230,808452671825716562,hard,images/00182/0182230_ref.png,images/00182/0182230_search.png,575.3371,200.6405,575.7112071206476,200.66937112070454,0.3752195081948712,0.7555194016750321,0.38029989348016086,0.960890767992052,0.812749445438385,0.3741071206476363,0.02887112070453668,hit,3.0873308181762695,0.17996475100517273,0.0,10.0,False,1.9724,10.10966,141.57666,131.70603,48.264,4.912,,15.238,0.9284
58309,291070132069708464,hard,images/00058/0058309_ref.png,images/00058/0058309_search.png,759.8223,372.6658,759.7055126667354,372.66191030741976,0.11685208992322171,0.5960946177406253,0.4792425278174036,0.6525897103930705,0.7954655289649963,-0.11678733326459678,-0.0038896925802305304,hit,5.865227699279785,0.3809555768966675,0.0,10.0,False,0.7161,10.12932,149.88272,113.46274,38.368,4.38,,32.362,0.4208
124037,3599057449196974085,medium,images/00124/0124037_ref.png,images/00124/0124037_search.png,484.9998,532.4543,484.8167605461369,532.5269464540532,0.19692879158978943,0.7752128790796201,0.5782840874898307,0.6115875720953426,0.7698404788970947,-0.1830394538631026,0.0726464540532561,hit,7.608611106872559,0.4023545980453491,0.0,10.0,False,1.9792,9.82829,111.75172,93.58571,37.037,4.303,295.389,,0.2344
115066,2360905898309343818,medium,images/00115/0115066_ref.png,images/00115/0115066_search.png,457.8404,671.1191,458.50606309751646,671.0637311656352,0.6679618755693623,1.173475708285776,0.5055138327164138,0.5393682525888004,0.8254837393760681,0.6656630975164717,-0.05536883436479911,hit,2.7991456985473633,0.1769358217716217,0.0,10.0,False,1.4664,10.03937,153.47419,160.55757,38.929,4.412,190.046,,0.3316
49788,2277503790897577412,easy,images/00049/0049788_ref.png,images/00049/0049788_search.png,485.1127,321.8196,485.2213589653003,321.8391623793442,0.11040587586596737,0.634921214476477,0.5245153386105096,0.5961030456547359,0.8686757683753967,0.10865896530026475,0.019562379344222336,hit,6.067573547363281,0.38397762179374695,0.0,10.0,False,-0.3547,10.06213,174.89982,159.41536,100.867,7.102,390.381,,0.2499
96668,3008343963720338123,easy,images/00096/0096668_ref.png,images/00096/0096668_search.png,215.3549,565.6075,214.8924514473596,565.7242856257922,0.4769670284525551,1.6344813951085426,1.1575143666559875,1.1745272693916298,0.7461518049240112,-0.46244855264038165,0.11678562579220397,hit,6.473311424255371,0.3492294251918793,0.0,10.0,False,-0.927,9.95681,135.01635,142.44923,27.08,3.68,375.602,,0.0445
45634,2518875627477266843,medium,images/00045/0045634_ref.png,images/00045/0045634_search.png,429.0819,751.0354,428.71549116757245,751.051743888555,0.36677316583146213,0.374494308692386,0.007721142860923846,0.6691320178857225,0.7203816771507263,-0.3664088324275667,0.016343888555070407,hit,6.346325874328613,0.37007391452789307,0.0,10.0,False,-1.7424,9.85687,133.00457,129.02947,23.897,3.457,285.134,,0.338
190362,528126538386287318,hard,images/00190/0190362_ref.png,images/00190/0190362_search.png,887.9339,743.3804,885.6101192250743,743.2760215208483,2.3261238051368385,2.1910934429607254,-0.13503036217611308,0.13623832353523205,0.7612935304641724,-2.3237807749256945,-0.1043784791517055,near-miss,4.559264183044434,0.21777021884918213,0.0,10.0,False,-0.6154,9.94698,106.93701,88.76,53.011,5.148,,15.746,2.5968
153078,417103371074210325,hard,images/00153/0153078_ref.png,images/00153/0153078_search.png,758.1925,387.0661,758.1397713912795,387.1166998549234,0.07307976119191766,0.11299104486710468,0.03991128367518702,0.18001868494871068,0.9126501679420471,-0.05272860872048568,0.05059985492340502,hit,5.920962333679199,0.2714802026748657,0.0,10.0,False,-1.7236,10.06495,154.29566,153.91973,92.888,6.815,,30.663,0.1439
45943,2340125902535034324,medium,images/00045/0045943_ref.png,images/00045/0045943_search.png,372.6427,757.7835,370.41294801644653,758.0032452248233,2.240553920795754,1.8920701726867628,-0.3484837481089913,0.3892389588118318,0.5911263823509216,-2.229751983553456,0.2197452248233276,near-miss,7.018917083740234,0.37019023299217224,0.0,10.0,False,-1.7765,10.00012,98.86691,73.90482,44.578,4.721,203.049,,2.1391
133951,3591376798767826176,medium,images/00133/0133951_ref.png,images/00133/0133951_search.png,373.5528,198.1744,373.6653158557734,198.1353966931668,0.1190843219921944,0.845599640302393,0.7265153183101986,0.9342259432360754,0.8348244428634644,0.11251585577338119,-0.03900330683319453,hit,1.860835075378418,0.1299595981836319,0.0,10.0,False,0.7893,10.00977,163.50871,133.15819,26.273,3.624,251.759,,0.1943
50090,4040407442182909077,medium,images/00050/0050090_ref.png,images/00050/0050090_search.png,666.7988,289.8251,666.8166010711067,289.8511552348097,0.03155556042176923,0.2902124360570903,0.2586568756353211,0.2588563910037692,0.934786856174469,0.017801071106646305,0.02605523480968941,hit,7.450285911560059,0.312244176864624,0.0,10.0,False,2.3385,9.96919,148.18603,122.06568,103.782,7.204,276.158,,0.2911
28586,1689948725054557447,easy,images/00028/0028586_ref.png,images/00028/0028586_search.png,584.682,522.8274,584.3448517079848,522.7175148325831,0.35460361084877445,0.6814342442573552,0.32683063340858076,0.5848237140799717,0.7661907076835632,-0.33714829201517205,-0.10988516741690546,hit,6.377434730529785,0.27418747544288635,0.0,10.0,False,-1.251,9.89728,148.03355,119.51151,23.656,3.439,400.885,,0.0955
141260,3614741227107238592,easy,images/00141/0141260_ref.png,images/00141/0141260_search.png,640.7258,477.4472,640.851972707569,477.44205829831344,0.12627742962027663,0.2808255532396403,0.15454812361936368,0.3547737941734221,0.8895934224128723,0.1261727075689123,-0.005141701686568467,hit,6.52622127532959,0.33810940384864807,0.0,10.0,False,2.3555,10.00447,187.39418,157.77719,43.312,4.654,310.311,,0.6817
4099,3504337237633841877,easy,images/00004/0004099_ref.png,images/00004/0004099_search.png,832.4293,336.793,832.3673130224225,336.61967563416937,0.18407531387935558,0.25704374108696126,0.07296842720760569,0.07297871998923475,0.7908956408500671,-0.061986977577475955,-0.17332436583063782,hit,4.328105926513672,0.3937758505344391,0.0,10.0,False,-0.497,10.06616,69.4611,87.77606,64.88,5.696,333.349,,0.3434
130031,448558673548306654,medium,images/00130/0130031_ref.png,images/00130/0130031_search.png,187.8999,528.0844,188.01091664669872,528.0701215586257,0.11193109367957192,1.20938140304815,1.0974503093685781,1.2956787163578294,0.8894428610801697,0.11101664669871525,-0.014278441374244721,hit,6.606010437011719,0.3092135190963745,0.0,10.0,False,2.3752,10.06557,131.13087,101.58665,96.331,6.94,170.167,,0.2495
173884,2166468531198778,hard,images/00173/0173884_ref.png,images/00173/0173884_search.png,748.1813,430.922,236.9942056575427,434.2373501062393,511.19784523079835,511.8875214420048,0.6896762112064607,3.0806593543348244,0.7098391056060791,-511.18709434245727,3.3153501062392934,gross-miss,0.041235923767089844,0.01858474314212799,0.0,10.0,False,0.9973,9.93121,118.42582,88.38395,29.991,3.872,,14.133,0.3551
187137,4237923527269511522,hard,images/00187/0187137_ref.png,images/00187/0187137_search.png,755.4922,427.5188,755.425358061999,427.35984749095445,0.17243475521951154,0.3461445663765571,0.17370981115704556,0.24227134890055366,0.8202499151229858,-0.06684193800106186,-0.15895250904554814,hit,6.833033561706543,0.2488720566034317,0.0,10.0,False,-0.0572,10.26687,94.70094,117.10561,44.733,4.729,,32.054,0.0167
25219,4227143306021416268,easy,images/00025/0025219_ref.png,images/00025/0025219_search.png,255.3094,833.1428,255.5049003303177,833.068751640588,0.209053913347575,0.6754198139757822,0.4663659006282072,0.6418935205661856,0.7922664284706116,0.1955003303176852,-0.07404835941201782,hit,4.84419059753418,0.29630744457244873,0.0,10.0,False,0.722,9.85574,88.98909,93.89987,44.131,4.697,391.622,,0.4792
111136,2573010546844452546,easy,images/00111/0111136_ref.png,images/00111/0111136_search.png,190.9458,568.7884,191.08151664385494,568.8236464572474,0.14021882957627493,0.43991515913439044,0.29969632955811554,0.3610837617708932,0.8848949074745178,0.13571664385494842,0.035246457247353646,hit,6.791826248168945,0.2846148610115051,0.0,10.0,False,1.6703,10.04767,123.08539,136.91885,68.394,5.848,334.469,,0.2355
108831,3515006795276066536,medium,images/00108/0108831_ref.png,images/00108/0108831_search.png,513.0055,571.8466,512.876956513301,572.001046559881,0.20094070725421853,0.6058746340319735,0.40493392677775497,0.49150045534708864,0.7187851667404175,-0.128543486698959,0.15444655988108025,hit,3.7479066848754883,0.30636274814605713,0.0,10.0,False,-1.0625,10.20695,99.36576,89.35709,33.892,4.117,184.321,,1.2507
39611,3455998676270536871,medium,images/00039/0039611_ref.png,images/00039/0039611_search.png,516.3353,530.3528,516.0458962218269,530.1846084219715,0.3347281788863811,0.8127852187917315,0.47805703990535037,0.6876348304673108,0.7624243497848511,-0.2894037781730958,-0.1681915780285408,hit,5.63092041015625,0.34773555397987366,0.0,10.0,False,-1.9727,9.99459,111.61969,129.61774,71.949,5.998,283.347,,1.0095
83117,2345845396817753834,easy,images/00083/0083117_ref.png,images/00083/0083117_search.png,163.9788,321.7402,163.61473667885747,321.7145540450842,0.36496550084203805,0.39066442353157677,0.025698922689538717,0.3486200018743196,0.7603197693824768,-0.36406332114253814,-0.02564595491583077,hit,5.673793792724609,0.27945807576179504,0.0,10.0,False,1.9102,10.13892,175.48426,153.26839,27.678,3.72,369.008,,1.0754
164290,1129063342045161322,hard,images/00164/0164290_ref.png,images/00164/0164290_search.png,139.2468,711.44,138.61336022158915,711.3320866297781,0.6425661431680426,0.4515100219305313,-0.1910561212375113,0.32396418696559065,0.7929461002349854,-0.6334397784108603,-0.10791337022192238,hit,3.625049591064453,0.20045283436775208,0.0,10.0,False,-0.2751,9.92941,192.55627,160.43761,28.21,3.756,,30.338,0.9939
79633,599493996585985794,medium,images/00079/0079633_ref.png,images/00079/0079633_search.png,549.8326,158.0567,549.8783458302703,158.15286778304645,0.10649377203944518,0.3950048026029965,0.2885110305635513,0.4872785709426222,0.7701557278633118,0.04574583027033441,0.09616778304643958,hit,7.791906356811523,0.560712456703186,0.0,10.0,False,-1.5328,10.03585,89.35894,77.02922,58.953,5.429,270.727,,0.1562
112876,708381001955268530,easy,images/00112/0112876_ref.png,images/00112/0112876_search.png,724.1342,861.8741,724.4215540653919,861.8394392628556,0.28943691125469045,0.670940908343252,0.3815039970885616,0.384423198723581,0.8270730972290039,0.28735406539192354,-0.034660737144349696,hit,7.020878791809082,0.34221145510673523,0.0,10.0,False,0.266,9.99858,136.21511,147.67029,24.423,3.495,362.202,,1.0171
79578,185905422404429896,easy,images/00079/0079578_ref.png,images/00079/0079578_search.png,770.4429,352.3951,770.5429442053148,352.2869729982293,0.1473101881371191,0.4365779184661064,0.2892677303289873,0.3910981089113117,0.7200982570648193,0.10004420531481628,-0.108127001770697,hit,6.894737243652344,0.2792963683605194,0.0,10.0,False,2.2544,9.90234,155.39271,166.75265,35.278,4.2,405.523,,0.535
66529,3042609790341019597,medium,images/00066/0066529_ref.png,images/00066/0066529_search.png,479.8181,189.0786,480.0740872689203,189.12688221737025,0.2605007761283383,0.6159879159474024,0.35548713981906416,0.7924734420506778,0.7253486514091492,0.25598726892030754,0.048282217370257285,hit,7.996894836425781,0.2898400127887726,0.0,10.0,False,-2.7282,9.87358,90.86096,88.77097,60.952,5.521,260.503,,0.3294
137005,2674377972365441166,medium,images/00137/0137005_ref.png,images/00137/0137005_search.png,817.8854,688.6259,817.1328777036018,688.6870298370811,0.7550011016932096,0.6479995488129857,-0.10700155288022384,0.3241857729771174,0.8795158267021179,-0.7525222963981832,0.061129837081125515,hit,2.0264673233032227,0.31297042965888977,0.0,10.0,False,0.3751,9.96415,190.48688,142.14376,99.911,7.068,255.019,,1.0413
36277,4491841658621841708,hard,images/00036/0036277_ref.png,images/00036/0036277_search.png,298.7968,204.7504,936.4470785862163,631.5973520278931,767.3305664683127,767.5221254986398,0.19155903032708466,3.7367310248247465,0.6515085101127625,637.6502785862162,426.84695202789305,gross-miss,0.6474800109863281,0.004772506188601255,0.0,10.0,False,-1.376,10.00953,76.68984,72.666,53.164,5.156,,14.461,0.4268
81486,520926598817007297,medium,images/00081/0081486_ref.png,images/00081/0081486_search.png,161.3658,281.0742,161.3441945842665,281.1464091436083,0.07537210631036441,0.48662675284702217,0.4112546465366578,0.4114393242198894,0.8091707825660706,-0.02160541573351793,0.07220914360829056,hit,4.327624320983887,0.3480762839317322,0.0,10.0,False,-0.636,9.83815,144.61682,131.36757,88.416,6.649,291.735,,0.3415
67278,4517993513327917523,medium,images/00067/0067278_ref.png,images/00067/0067278_search.png,661.8964,818.7306,661.7479172624599,818.733669244473,0.1485144558924952,0.2556794521586383,0.10716499626614309,0.15730134022767148,0.764940619468689,-0.14848273754012098,0.003069244473067556,hit,5.891117095947266,0.3694823086261749,0.0,10.0,False,-0.0774,10.06779,108.0662,133.24098,46.64,4.829,174.989,,0.6674
56025,4514959781013621242,medium,images/00056/0056025_ref.png,images/00056/0056025_search.png,637.0701,429.7287,636.911553235341,429.7220108410291,0.15868781122564485,0.31090172959532664,0.1522139183696818,0.20275028975692017,0.8075817227363586,-0.15854676465903594,-0.006689158970914377,hit,6.569850921630859,0.39794668555259705,0.0,10.0,False,-0.219,10.09412,113.41349,133.27421,34.258,4.139,247.556,,0.739
104971,413621159348304783,easy,images/00104/0104971_ref.png,images/00104/0104971_search.png,124.8807,615.3831,124.06130589688931,615.2334840764144,0.8329415470505543,1.441764889536139,0.6088233424855847,0.6250028630664834,0.7332585453987122,-0.8193941031106959,-0.14961592358565667,hit,7.8101701736450195,0.2124755084514618,0.0,10.0,False,-1.2858,10.18207,124.33536,98.58127,43.474,4.662,419.165,,0.4229
126881,4051407455885138522,easy,images/00126/0126881_ref.png,images/00126/0126881_search.png,521.7847,439.6226,521.7515506189507,439.7823131200717,0.16311701991822813,0.5879715251985235,0.42485450528029534,0.4309556205778046,0.8543524742126465,-0.03314938104938392,0.15971312007172855,hit,6.390242576599121,0.3267068862915039,0.0,10.0,False,-0.8357,9.943,173.8597,147.99532,41.756,4.569,400.003,,0.2492
86701,3038592165114380833,easy,images/00086/0086701_ref.png,images/00086/0086701_search.png,470.5853,341.4757,469.07826691705003,341.38241367281137,1.5099175646193714,0.43261146243145465,-1.077306102187917,1.0837031679740787,0.8404234647750854,-1.507033082949988,-0.09328632718865038,near-miss,4.87297248840332,0.3854101300239563,0.0,10.0,False,0.0209,10.04597,169.44206,126.89256,81.619,6.388,330.161,,1.9434
128203,520547386680322764,medium,images/00128/0128203_ref.png,images/00128/0128203_search.png,405.6038,267.932,404.7209426455455,268.0227039674541,0.8875045453552689,0.7852960328370641,-0.10220851251820484,0.23586288370129602,0.8330254554748535,-0.8828573544544724,0.0907039674540897,hit,5.0089921951293945,0.30751940608024597,0.0,10.0,False,-0.6838,9.97949,110.21735,126.06823,31.602,3.975,223.17,,0.9365
63819,3722765228369333342,hard,images/00063/0063819_ref.png,images/00063/0063819_search.png,807.0768,768.4904,806.9641388250906,768.4278428465643,0.12886402825444332,0.3656810214416897,0.23681699318724636,0.244526938463723,0.8532949686050415,-0.11266117490947636,-0.062557153435705,hit,6.574094772338867,0.292786180973053,0.0,10.0,False,1.2596,10.00931,138.08052,143.18661,27.001,3.674,,27.015,0.6908
165895,2680579345589574151,hard,images/00165/0165895_ref.png,images/00165/0165895_search.png,765.7609,528.8984,765.8849976383538,528.9088311954655,0.12453527084251748,0.3182284207347994,0.19369314989228192,0.37519316790217927,0.7485782504081726,0.12409763835375998,0.010431195465457677,hit,8.494311332702637,0.3973918557167053,0.0,10.0,False,0.4499,9.96373,98.89963,115.23412,23.914,3.458,,22.273,0.2672
68684,3893049949459189037,easy,images/00068/0068684_ref.png,images/00068/0068684_search.png,631.3728,466.5785,631.4402739543943,466.522846072248,0.08746481690279198,0.03953917257604913,-0.04792564432674285,0.06261597154592445,0.8865282535552979,0.06747395439435877,-0.05565392775201872,hit,7.326578140258789,0.2522815465927124,0.0,10.0,False,-1.7125,9.96572,123.82831,156.61469,69.846,5.91,421.132,,0.9222
72316,4373432249896561164,hard,images/00072/0072316_ref.png,images/00072/0072316_search.png,208.3822,243.2235,76.84459705287769,832.7449327124228,604.0179307076758,603.6100269728672,-0.40790373480854214,1.0371044283359474,0.8165754675865173,-131.5376029471223,589.5214327124229,gross-miss,0.022545814514160156,0.0013650968903675675,0.0,10.0,False,0.9452,9.78723,184.05171,168.56207,96.904,6.961,,16.724,0.6022
85503,1438913600327473052,medium,images/00085/0085503_ref.png,images/00085/0085503_search.png,167.1472,563.5431,167.18328931753726,563.595594372881,0.06370320262339811,0.15091275543441396,0.08720955281101585,0.1866230925482645,0.8378087878227234,0.03608931753726097,0.05249437288102854,hit,6.941150665283203,0.23958875238895416,0.0,10.0,False,0.2697,9.94647,163.1348,126.22502,37.898,4.353,247.191,,0.5261
44345,2780877793600743773,medium,images/00044/0044345_ref.png,images/00044/0044345_search.png,484.5098,776.2379,485.158013484014,776.5304248704622,0.7111620917178808,0.3317274587182364,-0.3794346329996444,0.37945296218332364,0.7131012678146362,0.6482134840140361,0.2925248704622163,hit,6.215726852416992,0.35011693835258484,0.0,10.0,False,-0.9872,9.81438,117.99982,139.49318,50.014,5.001,171.939,,0.2823
124911,3479778242438889158,easy,images/00124/0124911_ref.png,images/00124/0124911_search.png,350.4913,173.5487,350.20136442999177,173.5713103554669,0.29081585742588106,0.5085049642849521,0.217689106859071,0.23372783916084577,0.9110831618309021,-0.28993557000825376,0.02261035546689527,hit,4.99564266204834,0.3817204236984253,0.0,10.0,False,-0.1056,10.08378,193.1198,164.80653,67.365,5.804,343.041,,0.1609
89992,2981490728505690965,easy,images/00089/0089992_ref.png,images/00089/0089992_search.png,833.0257,387.9084,832.6981029591881,387.8791451603171,0.32890069442556585,0.3872390301593393,0.05833833573377345,0.6864555293558061,0.6486212611198425,-0.32759704081195196,-0.029254839682891998,hit,5.906865119934082,0.27368777990341187,0.0,10.0,False,0.0268,9.69028,139.87836,148.4002,23.06,3.396,318.304,,0.0859
6625,1889967334789950531,easy,images/00006/0006625_ref.png,images/00006/0006625_search.png,565.0539,146.4348,565.1003137173789,146.4784805393638,0.06373556840601984,0.04471024259401978,-0.019025325812000053,0.02406129594873989,0.7096258997917175,0.04641371737886857,0.04368053936380534,hit,4.9983415603637695,0.4057501554489136,0.0,10.0,False,0.107,9.98282,66.66108,82.37943,80.822,6.357,348.561,,0.447
118161,3963777646362842558,easy,images/00118/0118161_ref.png,images/00118/0118161_search.png,596.8348,816.4825,596.8155301865786,816.4699225194023,0.02301127392125417,0.5690004908094749,0.5459892168882208,0.546832820632817,0.8752012848854065,-0.019269813421374238,-0.012577480597656177,hit,8.231019020080566,0.3198409378528595,0.0,10.0,False,2.9457,9.90898,177.28223,144.49441,70.188,5.924,426.103,,1.0069
176780,1362438329148411162,hard,images/00176/0176780_ref.png,images/00176/0176780_search.png,400.9924,382.9698,400.88392926566814,382.96012403677656,0.10890144384161517,0.48641240788936047,0.3775109640477453,0.5720766449457558,0.7476837038993835,-0.10847073433183141,-0.009675963223457984,hit,6.456197738647461,0.3140838146209717,0.0,10.0,False,1.9832,10.18347,98.05862,128.39261,65.65,5.729,,22.792,0.2007
135789,1642555581231758678,easy,images/00135/0135789_ref.png,images/00135/0135789_search.png,196.0813,377.9185,195.29637096275692,377.9810925837519,0.787420742073815,0.7555465544206015,-0.03187418765321348,0.29332374378503734,0.809981107711792,-0.7849290372430744,0.06259258375189347,hit,5.090200424194336,0.29232102632522583,0.0,10.0,False,-0.3579,10.10357,141.36472,110.49127,31.608,3.975,332.868,,0.9125
107914,2009568431019806055,easy,images/00107/0107914_ref.png,images/00107/0107914_search.png,593.698,710.3322,592.8641287013361,710.2284164440125,0.840304926338532,0.8003393206453054,-0.0399656056932266,0.14330330564636623,0.8307862877845764,-0.8338712986638939,-0.10378355598743383,hit,6.24873161315918,0.40124350786209106,0.0,10.0,False,0.8797,9.90854,100.72604,133.52295,79.955,6.323,423.661,,1.3076
121854,20059915858163781,hard,images/00121/0121854_ref.png,images/00121/0121854_search.png,205.5364,680.0583,205.92234763210112,680.1319014654272,0.3929029784024256,0.7648827034866702,0.3719797250842446,0.6632493254349103,0.8307870030403137,0.3859476321011357,0.07360146542714574,hit,0.1628427505493164,0.04901675879955292,0.0,10.0,False,-0.6307,9.83417,169.90155,128.5528,95.809,6.921,,23.72,1.0774
128814,2345742291550163413,medium,images/00128/0128814_ref.png,images/00128/0128814_search.png,781.4825,829.7,781.5300290719307,829.6102455240722,0.10156219093581288,0.775958062838996,0.6743958719031832,0.8584261818308685,0.860115110874176,0.04752907193073952,-0.08975447592786168,hit,5.373404502868652,0.36537742614746094,0.0,10.0,False,-4.3965,9.95832,79.91804,88.68114,99.549,7.055,222.32,,0.4475
63799,3990663477095902864,hard,images/00063/0063799_ref.png,images/00063/0063799_search.png,550.885,610.8217,898.0870039898035,489.8208883279976,367.6825097823106,367.8612717964459,0.1787620141353159,0.6599787139118496,0.8082996606826782,347.20200398980353,-121.00081167200238,gross-miss,0.3174886703491211,0.018662285059690475,0.0,10.0,False,0.0012,10.09621,116.9038,108.42579,67.88,5.826,,20.66,0.66
156972,529573453417068614,hard,images/00156/0156972_ref.png,images/00156/0156972_search.png,321.0677,403.1727,321.0691443434861,403.30597062664424,0.1332784530756885,1.7266613023732627,1.5933828492975741,1.6747836036711232,0.7189461588859558,0.0014443434860709203,0.13327062664421874,hit,2.421926498413086,0.07186385989189148,0.0,10.0,False,0.8308,9.93457,120.69051,121.43341,31.184,3.949,,25.163,0.6768
80963,3485052668890813528,easy,images/00080/0080963_ref.png,images/00080/0080963_search.png,166.8304,373.8268,166.88056128380202,373.8342076332555,0.05070529975373187,0.324527732367251,0.27382243261351913,0.2754592999134843,0.8712114691734314,0.050161283802026446,0.00740763325552507,hit,4.326513290405273,0.3277437686920166,0.0,10.0,False,0.6883,10.02151,103.61901,93.08484,72.115,6.005,390.584,,0.3346
29267,2122197141317942949,medium,images/00029/0029267_ref.png,images/00029/0029267_search.png,539.9736,354.9363,539.7732561467612,354.98555724959476,0.20631029098958106,0.3392879091970623,0.13297761820748125,0.4825049749423669,0.7582816481590271,-0.20034385323879178,0.049257249594745645,hit,5.234855651855469,0.27703428268432617,0.0,10.0,False,1.1998,9.89094,96.20377,74.54149,82.779,6.433,186.2,,0.7002
30207,1334028266273478255,medium,images/00030/0030207_ref.png,images/00030/0030207_search.png,518.6082,451.926,518.7532223074622,451.96118810271446,0.1492302658119758,0.4217637741021116,0.2725335082901358,0.28457891144098496,0.899398922920227,0.14502230746222722,0.03518810271447137,hit,7.585760116577148,0.27076447010040283,0.0,10.0,False,-0.1506,9.95659,123.83959,117.87712,74.189,6.091,247.406,,0.4848
89851,403444873426212754,easy,images/00089/0089851_ref.png,images/00089/0089851_search.png,650.1121,248.0994,649.8390961716074,248.0471242086845,0.27796375424635367,0.2514526384949124,-0.026511115751441272,0.14702807006481963,0.8024545311927795,-0.2730038283926888,-0.05227579131550897,hit,2.3159875869750977,0.26937827467918396,0.0,10.0,False,0.1365,10.04431,83.91135,99.35238,43.685,4.674,345.427,,0.9016
113753,2946961128918374690,hard,images/00113/0113753_ref.png,images/00113/0113753_search.png,331.6392,342.9977,331.68993681569896,343.0665875805994,0.085555381058729,1.1487856300172823,1.0632302489585532,1.099117274216389,0.7830648422241211,0.05073681569894006,0.06888758059938027,hit,0.5910043716430664,0.04324685409665108,0.0,10.0,False,-2.0172,10.01085,104.22751,119.19959,24.786,3.52,,33.127,0.1721
70276,218011814665085535,easy,images/00070/0070276_ref.png,images/00070/0070276_search.png,828.5171,556.0223,829.5471029043772,556.0802639549413,1.0316325911378752,0.3859963250576087,-0.6456362660802665,0.6457474391175622,0.7236859202384949,1.0300029043771701,0.057963954941328666,near-miss,2.8029823303222656,0.30692052841186523,0.0,10.0,False,0.4862,10.08899,57.14457,72.42818,29.327,3.829,328.252,,0.5851
12221,3774081705842999799,easy,images/00012/0012221_ref.png,images/00012/0012221_search.png,268.0028,743.9178,267.1087796830966,743.8827685637405,0.8947063923782088,0.7693602871750215,-0.12534610520318734,0.1687753336245454,0.7123332619667053,-0.8940203169033794,-0.03503143625960092,hit,4.750576972961426,0.2313525676727295,0.0,10.0,False,1.0304,9.90343,88.79709,76.86799,34.056,4.127,321.676,,1.5575
133480,1336885301808939617,easy,images/00133/0133480_ref.png,images/00133/0133480_search.png,611.5245,217.2386,611.5799645607013,217.30672272805677,0.08784659112163538,0.5492790766536113,0.4614324855319759,0.47497600366470866,0.793205738067627,0.05546456070135264,0.06812272805677821,hit,5.702946662902832,0.23957906663417816,0.0,10.0,False,3.0922,10.14647,125.07865,160.93922,41.245,4.541,388.571,,0.2528
79153,1231869232881106482,easy,images/00079/0079153_ref.png,images/00079/0079153_search.png,254.4169,381.0452,254.36427581362355,380.98962925967766,0.07653373224767655,0.6245218382162598,0.5479881059685833,0.6349227695886798,0.7701314687728882,-0.05262418637644828,-0.05557074032236642,hit,3.576601982116699,0.3552185893058777,0.0,10.0,False,2.3298,10.02098,118.51641,101.00451,37.366,4.322,347.798,,0.9472
103533,2036477613087638555,medium,images/00103/0103533_ref.png,images/00103/0103533_search.png,387.4445,812.6279,387.5740676352308,812.6282905662628,0.12956822388727654,0.589788535554518,0.46022031166724153,0.4749789701933378,0.8411956429481506,0.12956763523078507,0.0003905662628085338,hit,4.092928886413574,0.2100171595811844,0.0,10.0,False,0.1479,10.15074,110.38528,91.81632,48.357,4.917,217.255,,0.6695
41248,2278179826215230326,easy,images/00041/0041248_ref.png,images/00041/0041248_search.png,617.6749,431.3998,618.145402478773,431.4835866281361,0.4779045737236414,0.5704625904392284,0.092558016715587,0.1746629008185023,0.813515305519104,0.4705024787730281,0.08378662813606752,hit,5.130241394042969,0.26621589064598083,0.0,10.0,False,0.4881,10.13016,173.49359,142.44067,54.024,5.197,351.069,,0.6573
61558,3165051007536844684,medium,images/00061/0061558_ref.png,images/00061/0061558_search.png,679.5561,787.6848,679.206176953288,787.8526706299635,0.388106540816502,0.3578233007763764,-0.03028324004012556,0.41472756173120157,0.879101037979126,-0.3499230467119787,0.16787062996354507,hit,4.651606559753418,0.21767090260982513,0.0,10.0,False,2.9426,10.06601,142.70706,106.88597,71.318,5.971,225.948,,0.1394
19363,2327446057633930577,easy,images/00019/0019363_ref.png,images/00019/0019363_search.png,681.0294,167.2687,681.3211380029223,167.370937061691,0.30913343256968895,0.3643603572648907,0.05522692469520174,0.1370538872180494,0.6162168383598328,0.29173800292232954,0.10223706169099955,hit,6.70283317565918,0.28038105368614197,0.0,10.0,False,-0.1543,10.05465,117.28023,110.96699,27.277,3.693,426.609,,0.513
120373,154884429709441518,hard,images/00120/0120373_ref.png,images/00120/0120373_search.png,146.2539,825.0124,147.0473592864477,825.0810239914281,0.7964213027346897,1.018501448735121,0.22208014600043124,0.3274092979454449,0.7714590430259705,0.7934592864476997,0.06862399142812592,hit,7.843191146850586,0.3373560905456543,0.0,10.0,False,1.1129,9.9211,139.55605,140.49408,34.205,4.136,,27.03,0.8751
7725,1756435706885575555,medium,images/00007/0007725_ref.png,images/00007/0007725_search.png,736.0598,750.338,736.1557065743772,750.4350928401383,0.13647377262642996,0.4835954142399396,0.34712164161350967,0.42656830007123514,0.7607722282409668,0.09590657437718164,0.0970928401383162,hit,7.543613433837891,0.2496538758277893,0.0,10.0,False,-2.1447,10.07437,119.96338,146.98071,32.15,4.009,182.213,,0.4251
18360,1502977614018158214,easy,images/00018/0018360_ref.png,images/00018/0018360_search.png,385.5588,829.7274,386.7052132591755,829.6935452999913,1.1469130313698495,0.9650253820984427,-0.18188764927140677,0.18222062832609343,0.7475202083587646,1.1464132591754606,-0.03385470000864643,near-miss,4.424419403076172,0.22235585749149323,0.0,10.0,False,0.4523,10.09455,224.27742,169.53964,39.3,4.433,343.49,,0.9429
35775,2599121108078707158,easy,images/00035/0035775_ref.png,images/00035/0035775_search.png,825.2632,806.4093,825.1695523189547,806.4052122533992,0.09373685421126303,0.2594350856227774,0.16569823141151435,0.178196634485002,0.9359261393547058,-0.09364768104524046,-0.0040877466008168994,hit,2.8611555099487305,0.2811931073665619,0.0,10.0,False,-0.5012,9.92436,179.16493,147.89129,96.003,6.928,348.951,,1.3091
173509,4058243007441939379,hard,images/00173/0173509_ref.png,images/00173/0173509_search.png,737.121,870.4309,737.2688945566011,870.4123067823225,0.14905873881076004,0.7963561379670819,0.6472973991563219,0.9300141403125421,0.6981737613677979,0.1478945566011589,-0.018593217677448592,hit,5.367535591125488,0.29842865467071533,0.0,10.0,False,-0.1271,9.98484,104.1056,82.3031,26.253,3.623,,32.099,0.2491
55097,1237344107817563901,medium,images/00055/0055097_ref.png,images/00055/0055097_search.png,811.7971,489.6844,812.2982922728122,489.642217599734,0.5029642623674786,0.6446683654801001,0.1417041031126215,0.14597113189582714,0.7752308249473572,0.5011922728122045,-0.042182400265971864,hit,7.3238372802734375,0.39296430349349976,0.0,10.0,False,0.1226,9.77994,118.84044,89.42152,70.462,5.936,234.551,,1.4921
103540,662211158689064606,medium,images/00103/0103540_ref.png,images/00103/0103540_search.png,183.1058,676.0765,183.24889004072983,676.1848291992783,0.17947137702803925,0.41928070911540044,0.2398093320873612,0.49875304133410686,0.8854050040245056,0.1430900407298452,0.10832919927827334,hit,4.760931015014648,0.27230942249298096,0.0,10.0,False,-0.029,9.96801,179.50591,153.79796,78.219,6.254,224.99,,0.6698
129353,2721177067704843819,easy,images/00129/0129353_ref.png,images/00129/0129353_search.png,255.2374,585.3077,255.1968860281015,585.3114869431062,0.04069057454845884,0.05451452581330712,0.013823951264848276,0.08272970882841149,0.7450479865074158,-0.040513971898519685,0.0037869431062063086,hit,6.413529396057129,0.3426154553890228,0.0,10.0,False,1.7906,9.85981,76.55471,76.13608,83.686,6.469,361.827,,0.0262
27938,2254826179046765625,easy,images/00027/0027938_ref.png,images/00027/0027938_search.png,342.4623,375.5575,342.3486105496177,375.49394085788947,0.13024997379676845,0.022014364768212686,-0.10823560902855577,0.10934803935613818,0.8481509685516357,-0.11368945038231004,-0.0635591421105346,hit,8.197061538696289,0.29615646600723267,0.0,10.0,False,-1.2511,9.873,138.38306,106.60189,69.386,5.89,308.716,,0.3361
94519,313238705935852721,easy,images/00094/0094519_ref.png,images/00094/0094519_search.png,207.6482,577.8241,207.66121244741834,577.8498603891519,0.02886037832513514,0.22365770591322123,0.1947973275880861,0.2434091426129445,0.6531704068183899,0.013012447418333295,0.025760389151855634,hit,7.40495491027832,0.30357569456100464,0.0,10.0,False,-1.3342,10.03849,70.06276,72.78451,51.206,5.06,304.054,,0.1337
24890,512822888068210049,medium,images/00024/0024890_ref.png,images/00024/0024890_search.png,772.9264,346.2189,772.8224933621444,346.2164336981784,0.103935903493994,0.9566188228327285,0.8526829193387345,0.8567562028498674,0.8641679883003235,-0.10390663785551624,-0.0024663018216415367,hit,6.736761093139648,0.3281402289867401,0.0,10.0,False,1.3326,9.92537,133.82419,129.12122,38.281,4.375,248.798,,0.9472
155172,1897501681919896284,hard,images/00155/0155172_ref.png,images/00155/0155172_search.png,409.3589,332.3664,409.3698931132353,332.5197469606456,0.1537404919916849,0.494720913894487,0.3409804219028021,0.6410803453789418,0.7786587476730347,0.010993113235315377,0.1533469606455924,hit,4.231560707092285,0.21560125052928925,0.0,10.0,False,-0.4353,10.01595,163.42994,152.62235,59.447,5.452,,23.835,0.4777
58760,1338775360730382527,easy,images/00058/0058760_ref.png,images/00058/0058760_search.png,334.1134,797.083,333.84733322024846,797.2697866784475,0.32508582641024913,0.4642310632816614,0.13914523687141228,0.33583820475554477,0.8410070538520813,-0.26606677975155435,0.18678667844756092,hit,7.360689163208008,0.41933348774909973,0.0,10.0,False,-0.818,9.97835,120.41127,101.01186,62.667,5.598,423.16,,1.1533
53246,1176628178497694593,easy,images/00053/0053246_ref.png,images/00053/0053246_search.png,334.2009,595.4622,333.8953896640445,595.3121281412347,0.340379388578295,0.18212787298745747,-0.1582515155908375,0.48352666044258386,0.5757951736450195,-0.30551033595548915,-0.15007185876538642,hit,1.8707160949707031,0.203652486205101,0.0,10.0,False,-0.735,10.12698,93.41275,71.99911,35.061,4.187,308.796,,1.0426
55562,1077731177477772928,easy,images/00055/0055562_ref.png,images/00055/0055562_search.png,764.0553,398.9456,763.7011275484903,398.91386098161837,0.3555917472274059,0.5570472414057247,0.20145549417831882,0.9025657733336507,0.8816336989402771,-0.35417245150972576,-0.031739018381642836,hit,3.2829084396362305,0.12591974437236786,0.0,10.0,False,-0.4412,10.01762,123.20089,119.70665,50.112,5.006,382.467,,0.454
34220,3226952387053909203,medium,images/00034/0034220_ref.png,images/00034/0034220_search.png,687.9726,221.8392,687.4642401987735,221.8578344118615,0.5087012176204536,0.8863495747841081,0.3776483571636545,0.4105915694542862,0.8719763159751892,-0.5083598012265611,0.018634411861484068,hit,6.453914642333984,0.3345560133457184,0.0,10.0,False,1.3326,10.01789,127.42738,106.1819,48.131,4.906,280.605,,0.4408
93227,1876541551596187078,medium,images/00093/0093227_ref.png,images/00093/0093227_search.png,312.0731,594.0138,311.9398325809054,594.1029743268184,0.16035044607256924,0.3273028629725615,0.16695241689999227,0.17197151886646542,0.7752308249473572,-0.13326741909463635,0.08917432681846549,hit,7.498973846435547,0.2925972044467926,0.0,10.0,False,2.7195,9.88689,92.70139,120.2265,24.5,3.5,234.598,,0.7469
12819,4085608021944464562,easy,images/00012/0012819_ref.png,images/00012/0012819_search.png,782.3254,349.5503,782.0564461991142,349.74513485851753,0.3321095739427159,1.3220595647716429,0.989949990828927,1.027657845502463,0.8851920962333679,-0.2689538008856971,0.19483485851753812,hit,7.65138053894043,0.39469802379608154,0.0,10.0,False,2.115,9.98919,105.48623,86.57911,73.292,6.054,366.367,,0.08
142673,1527630094012099494,easy,images/00142/0142673_ref.png,images/00142/0142673_search.png,708.2203,222.3192,707.9686037726042,222.48313775440494,0.3003773929652451,0.15154519131662966,-0.14883220164861546,0.388585124651914,0.8034636974334717,-0.2516962273957688,0.16393775440494096,hit,5.203859329223633,0.30964168906211853,0.0,10.0,False,2.155,9.95751,139.10189,166.55586,55.626,5.274,366.633,,1.0401
177582,2158840868051993219,hard,images/00177/0177582_ref.png,images/00177/0177582_search.png,562.8791,268.03,562.9526715347971,268.0738687672714,0.08565768777124716,0.05327497150078671,-0.03238271627046045,0.03482922678519536,0.9212695360183716,0.07357153479711087,0.04386876727141953,hit,3.7393903732299805,0.17422328889369965,0.0,10.0,False,0.6215,10.04331,185.40398,163.03729,104.724,7.236,,27.644,0.3316
19353,4401080083103236141,easy,images/00019/0019353_ref.png,images/00019/0019353_search.png,652.4833,383.8784,653.22711173538,383.9068526842146,0.7443557300969185,0.6182541772299721,-0.12610155286694635,0.5077830703317426,0.7519305348396301,0.7438117353800635,0.028452684214585133,hit,5.693297386169434,0.29634496569633484,0.0,10.0,False,0.0973,10.13187,144.94781,164.50216,25.583,3.576,395.05,,0.3552
70683,1118100850199602522,hard,images/00070/0070683_ref.png,images/00070/0070683_search.png,333.545,475.9476,333.5876971420256,475.98123502808,0.054354034358947645,0.7882077999211915,0.7338537655622439,0.7338932054066097,0.7592902183532715,0.042697142025588164,0.03363502807997065,hit,1.8148555755615234,0.056182414293289185,0.0,10.0,False,-0.5276,10.08389,124.82258,133.44423,39.813,4.462,,29.955,0.259
46197,934197393992440492,easy,images/00046/0046197_ref.png,images/00046/0046197_search.png,552.955,510.2218,553.1594052815362,510.17568568468846,0.20954247587670957,0.6530404228950591,0.44349794701834955,0.7455828589849417,0.8687716722488403,0.20440528153619653,-0.04611431531151311,hit,1.2083539962768555,0.17904186248779297,0.0,10.0,False,0.9132,9.96669,165.79658,142.48219,36.337,4.262,358.248,,0.4152
4014,3656675127714605975,hard,images/00004/0004014_ref.png,images/00004/0004014_search.png,630.6002,529.2363,600.998826492419,729.205616351038,202.14838311358517,202.61884371963794,0.47046060605276807,0.6925517642907922,0.759966254234314,-29.601373507581002,199.96931635103795,periodic-lock,0.37616634368896484,0.02078663371503353,0.0,10.0,False,1.7318,9.97004,98.73029,75.05122,39.368,4.437,,15.362,0.3967
65284,3890377577015779037,medium,images/00065/0065284_ref.png,images/00065/0065284_search.png,172.1009,737.1729,172.10963759922134,737.4793403797993,0.30656492299619803,0.8278743649330945,0.5213094419368964,0.9828491543938791,0.8494689464569092,0.008737599221348091,0.3064403797992554,hit,5.282590866088867,0.24680039286613464,0.0,10.0,False,-0.6076,10.01606,147.97492,121.41664,53.929,5.193,291.147,,0.7625
39604,1180150274271371559,easy,images/00039/0039604_ref.png,images/00039/0039604_search.png,271.7684,484.8288,272.0836626393084,484.9873341496949,0.35287902794468257,0.35440454743155375,0.0015255194868711852,0.0590469776919662,0.8554496765136719,0.3152626393084006,0.15853414969490132,hit,3.889256477355957,0.2845291197299957,0.0,10.0,False,3.1036,9.943,113.35159,106.98549,43.323,4.654,374.107,,0.1406
26816,2347096726221099097,medium,images/00026/0026816_ref.png,images/00026/0026816_search.png,581.2464,248.1613,581.3716003563493,248.01185943403826,0.19495541024798507,0.602765442608122,0.40781003236013696,0.4333899818492137,0.6640979051589966,0.12520035634929627,-0.14944056596175415,hit,7.696969032287598,0.2956099808216095,0.0,10.0,False,-5.3244,9.92855,86.44094,89.98446,37.713,4.342,266.392,,1.1861
158510,2747946567735558372,hard,images/00158/0158510_ref.png,images/00158/0158510_search.png,413.0567,268.0297,412.74972192070686,268.0358563302118,0.3070398045338226,0.3104484552094581,0.0034086506756354495,0.008601398675070305,0.8580490350723267,-0.30697807929311693,0.006156330211808836,hit,6.11711311340332,0.2455424815416336,0.0,10.0,False,1.1554,9.88292,99.53407,107.79499,59.5,5.454,,23.37,0.4855
134961,1246348622139468683,medium,images/00134/0134961_ref.png,images/00134/0134961_search.png,864.1377,241.3124,863.8473391270636,241.21707894687103,0.30560683844115477,0.6749342890888911,0.3693274506477363,0.9733629418103824,0.6059613823890686,-0.29036087293638957,-0.09532105312896988,hit,6.756155014038086,0.4111122488975525,0.0,10.0,False,-0.3659,10.08248,76.60036,82.31296,25.725,3.586,176.72,,0.0856
80671,1818598090017686563,medium,images/00080/0080671_ref.png,images/00080/0080671_search.png,546.7976,204.5203,546.8954965605154,204.70982137875143,0.21331218803574747,0.36969266094563785,0.15638047290989038,0.35104655342459273,0.880974531173706,0.09789656051543716,0.1895213787514365,hit,7.890772819519043,0.3325773775577545,0.0,10.0,False,2.7853,9.84465,121.93472,147.23127,97.579,6.985,195.721,,0.3305
15575,2372343758435816967,easy,images/00015/0015575_ref.png,images/00015/0015575_search.png,658.9578,148.8272,661.2977604767025,148.7384444571228,2.3416431365434454,1.799806044601889,-0.5418370919415563,0.5433239349090052,0.7980362772941589,2.3399604767024584,-0.08875554287720888,near-miss,6.707171440124512,0.44819051027297974,0.0,10.0,False,0.373,9.96694,97.09006,89.444,81.946,6.401,404.075,,2.3086
122892,2946000535450256902,easy,images/00122/0122892_ref.png,images/00122/0122892_search.png,216.5289,112.922,216.5544027675831,112.87990713500723,0.04921585555181645,0.38518370816108155,0.3359678526092651,0.4331062109150311,0.7713599801063538,0.02550276758310588,-0.04209286499276743,hit,7.924579620361328,0.3693705201148987,0.0,10.0,False,1.9413,10.13061,105.99819,139.93012,26.372,3.631,402.111,,0.4681
130681,4145999324593104172,easy,images/00130/0130681_ref.png,images/00130/0130681_search.png,875.7085,141.9638,875.2310335966419,142.02179191570661,0.4809752889941968,0.15782016132169815,-0.32315512767249865,0.34705738629759636,0.8300023078918457,-0.4774664033581075,0.057991915706622876,hit,7.505916595458984,0.2802840769290924,0.0,10.0,False,-0.0863,9.91883,159.59421,140.09634,36.748,4.287,361.832,,0.8484
126772,1961058616989829098,easy,images/00126/0126772_ref.png,images/00126/0126772_search.png,617.9091,665.7325,616.7594414540522,665.8710404454444,1.1579759182706166,1.9812421107761202,0.8232661925055036,0.8237297888483801,0.8414923548698425,-1.1496585459477728,0.13854044544439148,near-miss,2.1411285400390625,0.29121631383895874,0.0,10.0,False,0.7511,10.00054,124.85146,95.6973,104.596,7.232,404.772,,2.0377
37031,4431929970846392327,easy,images/00037/0037031_ref.png,images/00037/0037031_search.png,181.2846,694.078,181.28308077597586,694.2492999588467,0.17130669555658828,0.4869026332602536,0.31559593770366534,0.4246034481116593,0.8518767952919006,-0.0015192240241503896,0.1712999588467028,hit,6.603194236755371,0.40975549817085266,0.0,10.0,False,0.9232,10.10022,150.99335,133.47955,52.459,5.121,387.381,,0.8319
25371,1714547125377611280,easy,images/00025/0025371_ref.png,images/00025/0025371_search.png,544.1579,535.0074,543.9489576818764,534.8926921187046,0.23835853316826305,0.4826134968904787,0.24425496372221567,0.24456907258169067,0.8555671572685242,-0.2089423181236043,-0.11470788129531684,hit,5.973659515380859,0.2858354151248932,0.0,10.0,False,0.3033,9.91231,161.83984,136.98508,47.666,4.882,389.236,,0.531
36648,1638102275593061183,easy,images/00036/0036648_ref.png,images/00036/0036648_search.png,603.0792,152.6975,603.0956113562991,152.61675268406827,0.08239818957811337,0.12050345658452667,0.0381052670064133,0.17450821939256606,0.8635560870170593,0.01641135629904511,-0.08074731593171691,hit,5.234529495239258,0.3063664436340332,0.0,10.0,False,-2.8951,10.06016,181.59561,147.71445,22.547,3.358,313.378,,0.7029
124966,259911054181868284,medium,images/00124/0124966_ref.png,images/00124/0124966_search.png,766.1946,132.0496,766.0809826111391,132.2098400724078,0.19643266494355233,0.5810190859599546,0.3845864210164022,0.38502612764627686,0.7859790921211243,-0.11361738886091644,0.16024007240778815,hit,5.351805686950684,0.3617284595966339,0.0,10.0,False,-0.3499,9.86486,157.19641,163.27367,27.2,3.688,208.431,,0.0357
167833,1513645850929347341,hard,images/00167/0167833_ref.png,images/00167/0167833_search.png,356.1216,318.8803,54.76297318935394,798.2025129583511,566.1861935692967,568.1408649962776,1.9546714269808945,3.028865282376405,0.7443510293960571,-301.35862681064606,479.32221295835114,periodic-lock,0.3601856231689453,0.0531645342707634,0.0,10.0,False,-0.3338,10.4007,176.8002,166.10386,85.872,6.553,,19.203,0.4355
148780,4169871049085470303,medium,images/00148/0148780_ref.png,images/00148/0148780_search.png,794.1524,845.3437,793.7808970649029,845.519580761802,0.4110334209742205,0.5165165367069331,0.10548311573271257,0.5507283116748618,0.7534677386283875,-0.37150293509705534,0.17588076180197731,hit,6.809410095214844,0.46543821692466736,0.0,10.0,False,-0.1213,9.82928,91.06857,85.86469,48.938,4.947,247.583,,0.6202
58030,2519421704528523652,medium,images/00058/0058030_ref.png,images/00058/0058030_search.png,527.7599,841.4154,526.9860549991503,841.3797854280629,0.7746641098401348,0.5529350234597405,-0.22172908638039424,0.22581703649595336,0.7749897837638855,-0.7738450008497466,-0.035614571937117034,hit,3.5904531478881836,0.3123646378517151,0.0,10.0,False,0.317,9.95899,110.6845,122.19842,28.695,3.788,242.028,,1.0263
120937,1448439049839797777,hard,images/00120/0120937_ref.png,images/00120/0120937_search.png,565.2092,237.3821,565.4237984451717,237.26488840554276,0.2445220860071696,0.6078463053046639,0.36332421929749426,0.36520841406077803,0.8542881608009338,0.21459844517164584,-0.11721159445724538,hit,6.126199722290039,0.38385412096977234,0.0,10.0,False,-2.7524,9.79031,175.66703,133.57209,49.868,4.993,,18.251,0.3894
168299,536524575678410519,hard,images/00168/0168299_ref.png,images/00168/0168299_search.png,227.8597,836.1592,227.94034590259,836.2188004806144,0.10027950385803852,0.6616589772487826,0.5613794733907441,0.5830509901689422,0.8119046092033386,0.0806459025899926,0.05960048061433554,hit,6.126373291015625,0.32008543610572815,0.0,10.0,False,1.4788,10.17573,182.70112,160.08018,53.287,5.162,,26.644,0.873
142383,3359482509145072365,easy,images/00142/0142383_ref.png,images/00142/0142383_search.png,618.9773,336.2171,618.8230179832732,336.11352149190407,0.18582639216397373,0.7096714455411144,0.5238450533771406,0.6021629910804911,0.7754119038581848,-0.15428201672682462,-0.10357850809594993,hit,6.16070556640625,0.27779436111450195,0.0,10.0,False,-2.9605,9.97709,97.33018,79.29542,22.19,3.331,399.718,,0.1489
56991,2201834439668229810,easy,images/00056/0056991_ref.png,images/00056/0056991_search.png,478.0159,466.4975,478.2966642238295,466.3479377597544,0.3181154084445962,0.34907616128166574,0.03096075283706956,0.31669723505289377,0.8749340772628784,0.2807642238295216,-0.1495622402455865,hit,2.5773048400878906,0.31715917587280273,0.0,10.0,False,3.2103,9.87704,207.9104,156.46299,92.154,6.788,417.697,,0.0953
137996,4275120791046175097,medium,images/00137/0137996_ref.png,images/00137/0137996_search.png,418.3184,302.6146,419.0189663431361,302.5941107834195,0.7008658995351487,0.8042292027849773,0.10336330324982868,0.16126019892778473,0.8526440858840942,0.7005663431361313,-0.020489216580472203,hit,8.559261322021484,0.33204126358032227,0.0,10.0,False,-0.8815,9.72042,166.76556,138.65774,53.152,5.155,272.844,,1.1434
190654,2703065808116304761,hard,images/00190/0190654_ref.png,images/00190/0190654_search.png,783.6521,717.2022,857.2005873436103,805.0195440054911,114.54809426049816,114.25515283833091,-0.29294142216724595,0.3563074253470223,0.7875739932060242,73.5484873436103,87.81734400549112,periodic-lock,0.21507549285888672,0.0015969978412613273,0.0,10.0,False,0.4841,9.81009,145.78606,125.35522,76.04,6.166,,30.35,1.7678
51895,2294660259128499836,easy,images/00051/0051895_ref.png,images/00051/0051895_search.png,777.924,266.8609,778.3908715247823,267.19740334678266,0.5755028436493191,0.6137969119827863,0.03829406833346716,0.12024179416573315,0.8400576710700989,0.46687152478227745,0.33650334678264926,hit,4.741151809692383,0.28035709261894226,0.0,10.0,False,0.8781,10.14087,185.04956,154.69407,38.836,4.407,388.691,,0.7167
29781,4167892518716738134,medium,images/00029/0029781_ref.png,images/00029/0029781_search.png,513.4044,310.8073,513.4546300085566,310.8707701945303,0.08094145633299528,0.14280911069966584,0.06186765436667056,0.15682582379239274,0.8580376505851746,0.050230008556582106,0.06347019453028224,hit,8.144094467163086,0.30721351504325867,0.0,10.0,False,-0.481,10.06861,131.11397,104.25381,55.463,5.266,192.214,,0.498
199982,1878497946817579161,hard,images/00199/0199982_ref.png,images/00199/0199982_search.png,581.2708,881.2841,338.1353662390775,49.108548402786255,866.9665436602724,864.0974928376758,-2.8690508225965914,3.000216870568308,0.7928090691566467,-243.13543376092252,-832.1755515972137,gross-miss,0.004784584045410156,0.0025478575844317675,0.0,10.0,False,0.4001,9.85558,157.96681,138.29057,37.786,4.347,,18.683,0.7208
136797,273714246879342544,easy,images/00136/0136797_ref.png,images/00136/0136797_search.png,863.4055,891.502,863.5411255711973,891.3541002342612,0.20067046685596568,0.17404382352373854,-0.02662664333222714,0.0860946659411906,0.8764019012451172,0.13562557119735175,-0.14789976573877084,hit,3.5572385787963867,0.20789629220962524,0.0,10.0,False,0.9028,10.11253,138.38762,125.99698,53.169,5.156,313.443,,0.6934
71508,2742713014151247313,medium,images/00071/0071508_ref.png,images/00071/0071508_search.png,536.5064,884.6406,536.250577161286,884.4913735747635,0.29616524238429126,0.26539585569209373,-0.03076938669219753,0.12182145401772247,0.8219975829124451,-0.2558228387140389,-0.1492264252364066,hit,5.942756652832031,0.3424173891544342,0.0,10.0,False,2.0393,9.99507,111.44607,129.24429,42.514,4.611,240.533,,0.3545
135344,358158018197740521,easy,images/00135/0135344_ref.png,images/00135/0135344_search.png,258.474,538.9202,258.6115379688324,538.9156459969379,0.137613341702167,0.31985351284771524,0.18224017114554825,0.18776970890109398,0.8155715465545654,0.13753796883241876,-0.0045540030621396,hit,3.0006418228149414,0.24437019228935242,0.0,10.0,False,-0.8602,9.86716,155.88281,120.56951,88.045,6.635,307.077,,0.3516
126122,1114555619930611281,easy,images/00126/0126122_ref.png,images/00126/0126122_search.png,337.9104,273.2183,337.7679512292816,273.3389510263713,0.18667705387548011,0.13325091963937696,-0.05342613423610315,0.14997667082293933,0.8692148327827454,-0.14244877071837436,0.12065102637131986,hit,4.657232284545898,0.40547841787338257,0.0,10.0,False,0.8442,10.06886,82.17527,80.27578,60.778,5.513,429.698,,0.1873
58536,921216208369964773,easy,images/00058/0058536_ref.png,images/00058/0058536_search.png,322.0525,651.2869,322.0860894858796,651.3379094796992,0.061075531768809546,0.041160541383675905,-0.01991499038513364,0.07670438307939836,0.9059774279594421,0.03358948587958821,0.051009479699246185,hit,7.306744575500488,0.3171188235282898,0.0,10.0,False,1.7346,9.78171,169.3727,160.39061,80.05,6.327,388.841,,0.5952
88479,2280178240814647583,medium,images/00088/0088479_ref.png,images/00088/0088479_search.png,562.7378,719.8618,562.781121455377,719.8894365051976,0.05138603813804053,0.29094395712741095,0.2395579189893704,0.31820874285807893,0.8150638937950134,0.04332145537705401,0.027636505197619954,hit,3.752150535583496,0.2257642149925232,0.0,10.0,False,-0.2908,9.96916,147.04595,128.34339,38.275,4.375,227.179,,0.4115
49897,2251054209251595206,easy,images/00049/0049897_ref.png,images/00049/0049897_search.png,451.7714,755.4434,451.82943252713534,755.3344379647737,0.12345241725611088,0.3710220649003691,0.2475696476442582,0.43895664780871657,0.709456741809845,0.058032527135310374,-0.10896203522634096,hit,2.954813003540039,0.22039376199245453,0.0,10.0,False,-0.1376,9.9726,63.30392,74.02872,71.859,5.994,424.993,,0.8178
94562,4156399897432850983,medium,images/00094/0094562_ref.png,images/00094/0094562_search.png,265.4944,393.4528,265.7559653022851,393.46954161239523,0.2621005321343421,0.3960136780286658,0.13391314589432374,0.2632954794247902,0.7574416399002075,0.26156530228513475,0.016741612395207994,hit,1.9913835525512695,0.28464922308921814,0.0,10.0,False,0.1357,10.10003,84.66566,88.86779,25.111,3.543,170.567,,0.1246
183576,604203246770722610,hard,images/00183/0183576_ref.png,images/00183/0183576_search.png,214.2245,291.3335,214.26003304843726,291.35261457244036,0.04034804097873568,0.17907880334116205,0.13873076236242637,0.14183960653328906,0.8548981547355652,0.035533048437258685,0.01911457244034409,hit,4.7425336837768555,0.25284886360168457,0.0,10.0,False,1.744,10.06699,186.11752,159.40991,75.412,6.141,,23.321,0.4999
145498,4333971717437529484,easy,images/00145/0145498_ref.png,images/00145/0145498_search.png,427.6449,691.4599,427.7767996280522,691.4062213544005,0.14240403390948128,0.2852663899841733,0.14286235607469203,0.2271844313840298,0.7196804285049438,0.13189962805216737,-0.05367864559946156,hit,5.956279754638672,0.23216451704502106,0.0,10.0,False,-0.1762,9.68494,139.41545,107.90874,82.373,6.418,344.389,,0.1806
13927,1170490784292985130,easy,images/00013/0013927_ref.png,images/00013/0013927_search.png,208.1412,588.4512,208.4098704310916,588.4975448129649,0.2726382992752496,0.2641557177059147,-0.008482581569334846,0.14780901640074892,0.8508206009864807,0.26867043109160704,0.04634481296488957,hit,4.101503372192383,0.3330421447753906,0.0,10.0,False,0.2747,10.05484,121.55278,141.29187,54.828,5.236,328.49,,0.4022
115930,3251368388914525888,easy,images/00115/0115930_ref.png,images/00115/0115930_search.png,458.7951,724.6587,458.4853891468788,724.6566835978423,0.30971741704128425,0.5148000780690818,0.20508266102779754,0.33676193411503585,0.6622982025146484,-0.30971085312120294,-0.002016402157664743,hit,3.206174850463867,0.1728207916021347,0.0,10.0,False,1.7139,9.99173,71.90724,78.99418,37.794,4.347,351.385,,0.6899
136367,1926883279854859248,hard,images/00136/0136367_ref.png,images/00136/0136367_search.png,663.4657,816.6646,663.5014661908663,816.6924697810142,0.04534253083879698,0.8325204908230913,0.7871779599842943,0.8739469004830567,0.7053903341293335,0.03576619086629762,0.027869781014260298,hit,3.0406112670898438,0.1928928643465042,0.0,10.0,False,-1.3423,9.88519,86.30494,80.29483,32.625,4.039,,19.086,1.6943
22286,478035074612456944,easy,images/00022/0022286_ref.png,images/00022/0022286_search.png,884.3666,566.5305,884.5346061363549,566.4935344501067,0.17202474744010335,0.3399489080066791,0.16792416056657575,0.4207666174526691,0.8866707682609558,0.1680061363549612,-0.03696554989323886,hit,4.866945266723633,0.37968888878822327,0.0,10.0,False,0.5045,9.90652,146.20734,115.30361,79.304,6.297,388.147,,0.1351
9166,229103780244974862,easy,images/00009/0009166_ref.png,images/00009/0009166_search.png,197.6492,208.5273,197.4622417506103,208.5587373674773,0.18958295041687218,0.42064802696089776,0.23106507654402558,0.5027441644370318,0.8390628099441528,-0.18695824938970418,0.03143736747730941,hit,3.533254623413086,0.37507009506225586,0.0,10.0,False,0.7089,9.93402,131.56769,104.07359,88.774,6.662,349.531,,0.1216
189557,2370016197237092445,hard,images/00189/0189557_ref.png,images/00189/0189557_search.png,507.5494,560.6952,507.7801725471757,560.7503629371827,0.2372739306552417,1.1666335280346454,0.9293595973794037,1.1000576420349424,0.7860061526298523,0.23077254717571805,0.05516293718267207,hit,2.3599348068237305,0.10855617374181747,0.0,10.0,False,-0.4906,10.0493,91.88406,80.9844,80.729,6.353,,22.471,1.309
73304,2208108569967361559,medium,images/00073/0073304_ref.png,images/00073/0073304_search.png,465.5767,542.1678,465.6871461633579,542.1440580163701,0.1129691851221571,1.0498475461516716,0.9368783610295145,0.9385592874287172,0.8257092833518982,0.11044616335789215,-0.02374198362997504,hit,3.5845870971679688,0.26284101605415344,0.0,10.0,False,-0.5931,9.91751,188.40937,152.23088,89.39,6.685,277.098,,0.6183
152366,4449457399328212212,hard,images/00152/0152366_ref.png,images/00152/0152366_search.png,674.2671,541.3858,674.3717208662104,541.3182578408489,0.12452898822922151,0.43337400756877265,0.3088450193395511,0.3162757534853981,0.8950079679489136,0.1046208662103254,-0.06754215915111672,hit,7.193244934082031,0.3152725398540497,0.0,10.0,False,-0.492,9.88984,138.08799,105.91359,59.869,5.471,,30.337,0.5133
30921,3006752000196497929,medium,images/00030/0030921_ref.png,images/00030/0030921_search.png,379.3202,526.2089,379.80809269002964,526.1770286510003,0.488932571906816,0.16732821830972766,-0.32160435359708833,0.43041807184668873,0.7750823497772217,0.4878926900296392,-0.031871348999629845,hit,7.228036880493164,0.27518150210380554,0.0,10.0,False,1.5328,10.07405,141.14741,113.11148,41.631,4.562,183.306,,0.737
56763,1281882937946781357,easy,images/00056/0056763_ref.png,images/00056/0056763_search.png,501.305,385.2628,501.3664530247256,385.31489296008124,0.08056147179606939,0.3523674502874501,0.2718059784913807,0.29507526823618,0.8009539842605591,0.06145302472560843,0.052092960081211004,hit,6.3138837814331055,0.4718838930130005,0.0,10.0,False,-0.9709,9.96876,70.58387,86.58021,38.097,4.364,319.071,,0.336
111854,2048416181271288635,easy,images/00111/0111854_ref.png,images/00111/0111854_search.png,605.9924,413.6466,606.0581481692628,413.6520030998718,0.06596980559045845,0.142087748332084,0.07611794274162556,0.11546968663825935,0.6931455731391907,0.06574816926286076,0.005403099871841732,hit,5.613725662231445,0.44837450981140137,0.0,10.0,False,0.9514,10.02296,89.30821,78.34069,70.722,5.947,395.5,,0.5342
73152,3911915400952553025,medium,images/00073/0073152_ref.png,images/00073/0073152_search.png,794.952,289.2422,794.7652940911295,289.2504352466765,0.1868874412446963,0.25641397998424786,0.06952653873955156,0.266223829232645,0.7993780970573425,-0.18670590887052185,0.008235246676463248,hit,6.949732780456543,0.3282528817653656,0.0,10.0,False,-1.0572,10.0717,108.73835,130.37905,24.549,3.503,280.119,,0.3189
177401,3460335138552688277,hard,images/00177/0177401_ref.png,images/00177/0177401_search.png,410.5373,253.6293,409.482096252834,253.63674807426517,1.0552300326674777,0.7140445297122173,-0.3411855029552604,0.40854907232295873,0.8162081241607666,-1.05520374716599,0.007448074265170135,near-miss,5.088920593261719,0.4616144895553589,0.0,10.0,False,-2.3342,9.75231,120.94365,125.08381,90.055,6.71,,16.314,1.5481
23360,938150218274797733,easy,images/00023/0023360_ref.png,images/00023/0023360_search.png,542.1643,803.0222,542.2058935740498,802.988776624241,0.05335866798711665,0.8461742384052191,0.7928155704181025,0.8432077540724079,0.8316175937652588,0.041593574049784365,-0.03342337575895726,hit,6.394100189208984,0.30084291100502014,0.0,10.0,False,0.1142,9.97532,113.83937,90.57068,52.175,5.108,392.846,,1.2019
74756,3500111386668652508,medium,images/00074/0074756_ref.png,images/00074/0074756_search.png,760.5418,564.0795,760.7761439872336,564.0890563294107,0.2345387553995152,0.4624295010132796,0.22789074561376443,0.3984095578922762,0.8104307651519775,0.23434398723361483,0.009556329410656872,hit,1.9171228408813477,0.22906866669654846,0.0,10.0,False,3.2821,9.9778,188.12238,163.58957,25.337,3.559,252.981,,1.52
177970,4481319957662803973,hard,images/00177/0177970_ref.png,images/00177/0177970_search.png,586.5114,593.9704,147.95597885705604,592.1132239146989,438.55935347097176,438.5516112730218,-0.00774219794993769,0.07554835746941707,0.8520897030830383,-438.55542114294394,-1.8571760853011483,gross-miss,0.9988737106323242,0.10956268012523651,0.0,10.0,False,-1.8241,9.96143,192.91176,157.30665,39.178,4.426,,15.79,0.5463
139346,1476229133363054445,easy,images/00139/0139346_ref.png,images/00139/0139346_search.png,335.9883,510.5597,336.86832760721467,510.53855125909195,0.8802816928131597,0.7968332056172948,-0.08344848719586495,0.10702833125087581,0.7446110248565674,0.8800276072146858,-0.021148740908074615,hit,9.007926940917969,0.4448048770427704,0.0,10.0,False,0.4561,10.07932,90.41632,87.95982,23.467,3.425,378.589,,0.6764
125081,4215545107858718166,easy,images/00125/0125081_ref.png,images/00125/0125081_search.png,609.7043,362.6538,609.6160403673103,362.58291613175214,0.11320020114950619,0.21981676433812586,0.10661656318861967,0.1614732839545794,0.7059515714645386,-0.08825963268964188,-0.0708838682478472,hit,8.022563934326172,0.4731908440589905,0.0,10.0,False,-2.3269,10.12239,86.81077,95.97826,79.661,6.311,316.851,,0.5469
96722,2815622689696163419,easy,images/00096/0096722_ref.png,images/00096/0096722_search.png,762.7961,237.4809,762.4287070854849,237.58343452062658,0.3814326697544799,0.36285389885796904,-0.018578770896510888,0.2556449058461775,0.7676917314529419,-0.3673929145151078,0.10253452062659107,hit,5.488481521606445,0.3758929967880249,0.0,10.0,False,-0.4047,9.88266,113.5837,139.66249,40.842,4.519,352.428,,0.1416
124629,1149483198612882763,easy,images/00124/0124629_ref.png,images/00124/0124629_search.png,538.4655,809.6185,538.7820739917358,809.456101685075,0.35579812384838005,0.06342169480794174,-0.2923764290404383,0.36609024313910976,0.7998767495155334,0.31657399173582235,-0.16239831492498524,hit,5.045088768005371,0.3572902977466583,0.0,10.0,False,1.9756,10.27176,166.67845,129.76977,45.292,4.759,332.998,,1.3291
21908,285283241820493162,easy,images/00021/0021908_ref.png,images/00021/0021908_search.png,792.2048,212.4302,792.2090807696136,212.4866963912421,0.05665833753177372,0.7690305859698982,0.7123722484381244,0.777830551818226,0.7582558989524841,0.004280769613615121,0.05649639124209216,hit,6.197125434875488,0.3147260546684265,0.0,10.0,False,2.0608,9.93247,71.20519,94.68553,39.319,4.434,426.439,,0.3519
165658,2663951069900250335,hard,images/00165/0165658_ref.png,images/00165/0165658_search.png,667.1369,706.4088,829.229183259045,539.4459425505114,232.70260862274142,232.82391722390386,0.1213086011624398,0.9873791792324226,0.8650875687599182,162.09228325904508,-166.96285744948864,periodic-lock,0.9153108596801758,0.035594236105680466,0.0,10.0,False,2.8031,9.77224,146.97936,118.93908,82.495,6.422,,19.535,1.3359
115510,1078622328079468043,easy,images/00115/0115510_ref.png,images/00115/0115510_search.png,723.0733,488.0773,723.015587086454,488.09522751588594,0.06043323767436168,0.7777951178530196,0.7173618801786579,0.8072778899464963,0.7293559908866882,-0.05771291354596997,0.0179275158859582,hit,3.5396013259887695,0.29590415954589844,0.0,10.0,False,2.0355,9.92345,78.53171,102.9929,64.509,5.679,421.857,,0.1882
47866,4313074375613482947,easy,images/00047/0047866_ref.png,images/00047/0047866_search.png,543.7687,733.4308,543.1633402126404,733.4330941378508,0.6053641344022007,0.9351330663837916,0.32976893198159085,0.5943709611903583,0.6635881662368774,-0.6053597873595891,0.002294137850867628,hit,3.138272285461426,0.31301149725914,0.0,10.0,False,-1.2614,9.95107,65.26513,71.00273,24.907,3.529,374.216,,1.1885
57651,1720986886727766709,easy,images/00057/0057651_ref.png,images/00057/0057651_search.png,414.4902,665.652,414.44330177021874,665.7863867103218,0.1423349284881636,0.4892772734622131,0.3469423449740495,0.5680500805695274,0.782131016254425,-0.04689822978127722,0.13438671032179172,hit,4.197266578674316,0.33501091599464417,0.0,10.0,False,-0.6613,10.00835,84.52105,81.49408,33.709,4.105,335.388,,0.3324
41533,3787297409811229254,easy,images/00041/0041533_ref.png,images/00041/0041533_search.png,578.0161,189.5704,578.1206815108742,189.53583615595647,0.11014513939245642,0.5068250783512592,0.3966799389588028,0.40520161592161896,0.8658855557441711,0.1045815108741408,-0.0345638440435323,hit,5.156362533569336,0.34630119800567627,0.0,10.0,False,-0.1797,9.96419,149.2471,150.37527,88.948,6.669,405.438,,0.2265
126379,3318314591204400209,easy,images/00126/0126379_ref.png,images/00126/0126379_search.png,763.8072,336.9431,763.8009697211467,337.1478162653426,0.20481104870199415,0.589317198672287,0.38450614997029287,0.5819474693861733,0.8794875741004944,-0.006230278853308846,0.20471626534259713,hit,4.5778656005859375,0.31101736426353455,0.0,10.0,False,-0.0598,9.91819,111.82048,108.13216,92.239,6.791,359.563,,0.9091
109182,4588532050345964784,medium,images/00109/0109182_ref.png,images/00109/0109182_search.png,319.0716,363.3698,318.83704808341145,363.31781175244095,0.24024441608416278,0.2295300001654786,-0.01071441591868419,0.05504397838523814,0.8926889896392822,-0.23455191658854346,-0.05198824755905207,hit,7.361824989318848,0.2517496645450592,0.0,10.0,False,1.4922,9.85413,191.59406,154.00534,34.551,4.156,185.138,,0.4457
101427,1650001463451140559,easy,images/00101/0101427_ref.png,images/00101/0101427_search.png,536.4694,495.2297,536.6512936664933,495.4704131488775,0.3017086772914203,0.33413271567354635,0.03242403838212604,0.16454090484082085,0.8988602757453918,0.1818936664933517,0.24071314887754625,hit,6.413978576660156,0.309371680021286,0.0,10.0,False,1.8904,9.8845,185.50679,143.72927,81.613,6.388,409.105,,0.5064
40194,2776653065106044737,medium,images/00040/0040194_ref.png,images/00040/0040194_search.png,801.671,659.8606,802.0581569730455,659.9610806479291,0.3999836026463367,0.610510037120757,0.21052643447442032,0.6002145496682145,0.738558828830719,0.3871569730454212,0.10048064792908917,hit,5.913778305053711,0.3903275728225708,0.0,10.0,False,-1.0987,10.03105,81.15186,95.74388,93.778,6.848,198.286,,1.5216
23938,195723454665946820,easy,images/00023/0023938_ref.png,images/00023/0023938_search.png,174.3795,200.6872,174.09874216928512,200.55683140225568,0.30954956111348003,0.3921722578633776,0.08262269674989758,0.36093647005472934,0.8047530055046082,-0.28075783071489013,-0.1303685977443081,hit,6.097256660461426,0.307464599609375,0.0,10.0,False,0.1159,9.96749,180.59758,139.33964,27.183,3.687,356.867,,0.6714
53346,1665924939825420810,easy,images/00053/0053346_ref.png,images/00053/0053346_search.png,813.2249,807.8885,812.8175461040993,807.8188972623311,0.413257471313636,0.26571718958375895,-0.14754028172987704,0.33696955449849414,0.8175753951072693,-0.4073538959007692,-0.06960273766890168,hit,5.455565452575684,0.33748769760131836,0.0,10.0,False,-0.1242,10.19883,180.14733,134.46371,32.793,4.049,404.98,,0.4142
66749,1545885657777915106,easy,images/00066/0066749_ref.png,images/00066/0066749_search.png,809.2456,632.0662,808.4310295932195,632.0948431618268,0.8150738483855136,0.21044764552110728,-0.6046262028644063,0.6048411359725823,0.8190164566040039,-0.81457040678049,0.02864316182683524,hit,4.893098831176758,0.34120357036590576,0.0,10.0,False,-0.1098,9.9074,113.03129,128.31778,40.002,4.472,404.336,,1.3508
18839,1255475147253129140,easy,images/00018/0018839_ref.png,images/00018/0018839_search.png,637.0392,726.8516,636.4250121346643,726.8080721994985,0.6157283519071005,0.23586403646441434,-0.3798643154426862,0.47558535792666073,0.8228520750999451,-0.6141878653357935,-0.04352780050146521,hit,4.407739639282227,0.26632750034332275,0.0,10.0,False,0.8185,9.99827,155.09761,126.53114,27.463,3.706,372.6,,1.1316
113722,704441153228002356,easy,images/00113/0113722_ref.png,images/00113/0113722_search.png,832.25,266.1531,833.1900583824196,266.2144555570739,0.9420585261761424,0.17751470399093014,-0.7645438221852122,0.8101381811604159,0.7501768469810486,0.9400583824195792,0.061355557073909495,hit,7.30577278137207,0.3693586587905884,0.0,10.0,False,-1.4581,10.0051,83.15048,94.34429,79.433,6.302,403.525,,1.065
171671,3822718399608866626,hard,images/00171/0171671_ref.png,images/00171/0171671_search.png,383.825,278.7906,383.9000808963104,278.8967123742705,0.12998837241885583,1.2368436173074213,1.1068552448885656,1.186677305542081,0.6656135320663452,0.07508089631039638,0.10611237427053766,hit,2.751765251159668,0.07069119811058044,0.0,10.0,False,-1.8535,10.18368,91.17723,111.57962,24.169,3.476,,21.137,1.0205
143074,794103816975734677,easy,images/00143/0143074_ref.png,images/00143/0143074_search.png,808.6964,308.2379,808.3250806790376,308.6277688190248,0.5384010904222065,0.3658330348122335,-0.17256805560997301,0.19571879873805684,0.7712715268135071,-0.37131932096247056,0.3898688190247981,hit,3.1024169921875,0.2454809695482254,0.0,10.0,False,-0.669,10.1308,190.252,153.59442,81.306,6.376,335.682,,0.4474
38765,3367623778503896697,easy,images/00038/0038765_ref.png,images/00038/0038765_search.png,168.7786,588.8133,168.71249396679946,588.7306445179886,0.10583920035627198,0.4913894473897459,0.3855502470334739,0.402111803005748,0.7540292143821716,-0.06610603320055475,-0.08265548201143247,hit,5.08858585357666,0.37609705328941345,0.0,10.0,False,0.3767,9.97803,107.78126,124.80217,23.33,3.415,338.957,,0.4673
169005,4159641058469149501,hard,images/00169/0169005_ref.png,images/00169/0169005_search.png,731.3557,157.8457,731.7753762421968,157.81272942146273,0.42096936624121817,0.8194029263256715,0.3984335600844533,0.439602093130837,0.8146426677703857,0.41967624219682875,-0.0329705785372596,hit,6.080784797668457,0.36712634563446045,0.0,10.0,False,0.7144,9.91116,96.31732,76.12164,28.032,3.744,,25.083,0.4496
102689,352594372119930876,easy,images/00102/0102689_ref.png,images/00102/0102689_search.png,678.5088,124.4605,678.6630862968644,124.44819551580979,0.15477616654815696,0.9226394150800169,0.7678632485318599,0.7687459740590703,0.7364833354949951,0.15428629686448403,-0.012304484190210019,hit,8.6085844039917,0.2795257568359375,0.0,10.0,False,1.7397,9.96235,131.83071,101.68027,53.303,5.163,423.397,,0.3335
37028,1649028508426629160,easy,images/00037/0037028_ref.png,images/00037/0037028_search.png,547.8808,749.8024,548.2160025778368,749.8605591017157,0.3402105955151561,0.807977100367632,0.46776650485247595,0.4696618692143555,0.8913038969039917,0.33520257783675333,0.058159101715659745,hit,3.1428184509277344,0.30946797132492065,0.0,10.0,False,-1.0511,10.0517,150.07917,158.5888,45.021,4.744,312.997,,1.5321
65376,2813624804128005718,easy,images/00065/0065376_ref.png,images/00065/0065376_search.png,462.9493,171.9293,463.474678538188,172.0648914413273,0.5425934457305873,0.6617148987769654,0.11912145304637811,0.48089258306346433,0.7068815231323242,0.525378538188022,0.13559144132727852,hit,7.629446029663086,0.23120029270648956,0.0,10.0,False,-0.6939,10.0576,178.37445,159.83526,22.095,3.324,320.431,,1.0593
104417,1751165027146744969,medium,images/00104/0104417_ref.png,images/00104/0104417_search.png,495.2293,260.4755,495.15179909140886,260.4875281053913,0.07842873294755599,0.2334623272812507,0.15503359433369468,0.27901131817130176,0.7191804647445679,-0.07750090859116199,0.012028105391266308,hit,7.268739700317383,0.2785371243953705,0.0,10.0,False,-1.9461,9.91204,109.71049,89.43679,44.796,4.733,282.408,,0.2841
14049,3762470844276529687,easy,images/00014/0014049_ref.png,images/00014/0014049_search.png,700.9486,534.4076,700.8288563792479,534.3028325706487,0.15910609342110524,0.5242807808106591,0.36517468738955383,0.6832799339091642,0.7746347784996033,-0.1197436207521605,-0.10476742935134098,hit,6.538471221923828,0.32976967096328735,0.0,10.0,False,0.059,9.88429,227.31325,169.9318,27.805,3.729,340.928,,0.4516
199148,1023879531134252685,hard,images/00199/0199148_ref.png,images/00199/0199148_search.png,229.9201,407.2466,230.28953921425563,407.27721557748424,0.3707056063974684,1.1985301460476812,0.8278245396502127,1.0387556285324884,0.8000076413154602,0.3694392142556353,0.03061557748424093,hit,4.053140640258789,0.19094273447990417,0.0,10.0,False,1.5203,9.93261,139.97964,158.40862,24.863,3.526,,14.177,0.1877
101800,3600770690784643556,medium,images/00101/0101800_ref.png,images/00101/0101800_search.png,537.3679,848.7635,537.4956705800894,848.7121841885256,0.13769035421431539,0.3349702514140748,0.19727989719975944,0.2994725770065615,0.7146668434143066,0.12777058008941822,-0.05131581147441011,hit,5.0954999923706055,0.4310230314731598,0.0,10.0,False,-0.0643,9.98207,118.45322,104.00042,36.334,4.262,256.58,,0.8241
50125,1726107283090967890,easy,images/00050/0050125_ref.png,images/00050/0050125_search.png,182.9415,291.292,183.46528424756414,291.442712211758,0.5450358784239318,0.37316300870704383,-0.17187286971688792,0.2089449019418209,0.48070189356803894,0.5237842475641514,0.15071221175804794,hit,8.400572299957275,0.24040766060352325,0.0,10.0,False,0.2954,10.24335,68.85226,77.08183,32.724,4.045,407.785,,0.6319
79031,1094794449585273073,medium,images/00079/0079031_ref.png,images/00079/0079031_search.png,581.53,849.4304,583.3798346913677,849.5383179564424,1.8529799434182386,1.7126045777245977,-0.14037536569364084,0.3260821470167026,0.8683095574378967,1.8498346913677324,0.10791795644240665,near-miss,2.952106475830078,0.2948440909385681,0.0,10.0,False,1.3098,10.12834,135.94445,147.9651,36.185,4.254,251.563,,1.1791
49390,1512913177951657590,hard,images/00049/0049390_ref.png,images/00049/0049390_search.png,186.1779,427.8436,139.86518295882234,152.91117948014283,278.80585290241623,279.68662614908726,0.8807732466710263,0.9761922265648596,0.8753490447998047,-46.31271704117765,-274.93242051985715,periodic-lock,0.20531749725341797,0.012077590450644493,0.0,10.0,False,2.363,9.94646,158.95079,124.54591,90.231,6.717,,18.236,0.2347
46929,3596178754827750622,medium,images/00046/0046929_ref.png,images/00046/0046929_search.png,865.957,183.5725,866.3993676409323,183.69564287601494,0.45918764972200676,0.3273312778658469,-0.13185637185615984,0.5854009401703553,0.7496135234832764,0.4423676409322752,0.12314287601495266,hit,5.924323081970215,0.3448064923286438,0.0,10.0,False,1.0119,9.99557,88.42021,102.00158,43.852,4.683,182.522,,0.8404
123866,2522285608640827836,easy,images/00123/0123866_ref.png,images/00123/0123866_search.png,123.5582,464.0125,123.52127779490586,463.9380739187527,0.08308123012354199,0.2119036598848188,0.1288224297612768,0.2915799170072459,0.8249568343162537,-0.03692220509414312,-0.07442608124728167,hit,6.529391288757324,0.2962959110736847,0.0,10.0,False,-0.5961,10.11018,96.40649,90.76671,30.828,3.926,371.408,,0.3471
47641,140195333622338699,easy,images/00047/0047641_ref.png,images/00047/0047641_search.png,385.4362,625.4558,385.5586496899199,625.3785136651811,0.1448002213783181,0.15269229829307443,0.007892076914756324,0.06519781643940166,0.8775113821029663,0.1224496899199039,-0.07728633481883662,hit,4.481592178344727,0.40926364064216614,0.0,10.0,False,-0.9508,10.04747,145.97166,129.21742,33.421,4.088,395.082,,0.3502
118998,611330002578035337,hard,images/00118/0118998_ref.png,images/00118/0118998_search.png,602.4903,564.6972,602.2353074181025,564.7909334498637,0.2716747622547,0.8933305784595167,0.6216558162048167,1.0244123237270795,0.6763627529144287,-0.254992581897568,0.09373344986374832,hit,5.054866790771484,0.3021906316280365,0.0,10.0,False,-1.2725,9.91229,87.08203,86.03441,28.309,3.762,,22.593,0.314
37015,2212954509065949288,easy,images/00037/0037015_ref.png,images/00037/0037015_search.png,697.8124,680.0742,698.0921619349908,680.0648414397546,0.2799184219012131,0.19445539318912883,-0.08546302871208425,0.08746200864181104,0.9015942215919495,0.2797619349908018,-0.009358560245459557,hit,6.635340690612793,0.3658677935600281,0.0,10.0,False,-0.7862,9.98786,126.16304,107.85908,60.19,5.486,374.555,,0.5202
101802,2902766609710776751,medium,images/00101/0101802_ref.png,images/00101/0101802_search.png,803.3124,871.9506,803.2981183856508,871.939086052392,0.01834490386837765,0.6305374429394848,0.6121925390711072,0.6414962321801952,0.7966654896736145,-0.014281614349215488,-0.011513947608023045,hit,3.0862693786621094,0.20703710615634918,0.0,10.0,False,0.122,10.04341,85.88209,79.10776,60.127,5.483,232.309,,0.6461
68043,3365087179653372051,medium,images/00068/0068043_ref.png,images/00068/0068043_search.png,851.8463,242.7368,851.9724046078971,242.592393761043,0.19171732833153493,0.5329859358041042,0.3412686074725693,0.6052583225221361,0.7290279269218445,0.12610460789710487,-0.14440623895697513,hit,7.709314346313477,0.30830442905426025,0.0,10.0,False,0.113,10.1315,92.71391,113.70461,76.496,6.184,239.977,,0.3707
86293,1052625929428012700,medium,images/00086/0086293_ref.png,images/00086/0086293_search.png,117.3462,295.0961,117.0568688853422,295.1720794843931,0.299141063643513,0.3535931006172962,0.0544520369737832,0.22463333962925658,0.7246288061141968,-0.2893311146577986,0.0759794843931445,hit,5.005306243896484,0.30353960394859314,0.0,10.0,False,0.2044,9.9662,136.95665,113.24483,40.728,4.513,267.572,,0.8722
3647,2279475191695545360,medium,images/00003/0003647_ref.png,images/00003/0003647_search.png,138.2624,291.8366,139.03597219800275,291.95109218024885,0.7819989800894435,0.8174953803541575,0.03549640026471401,0.4232060105773804,0.7598781585693359,0.7735721980027392,0.11449218024887386,hit,3.6638832092285156,0.2300858497619629,0.0,10.0,False,-1.9372,9.96597,112.02104,141.89347,36.886,4.295,260.856,,0.7963
4637,2622657670963527352,medium,images/00004/0004637_ref.png,images/00004/0004637_search.png,430.9712,793.1191,430.9830871307512,793.1639511447771,0.046399666650883145,0.2513620587657738,0.20496239211489065,0.22519519234452132,0.8407509326934814,0.011887130751176755,0.044851144777112495,hit,4.821645736694336,0.34199798107147217,0.0,10.0,False,0.3741,9.93458,71.32657,80.35341,45.237,4.756,212.785,,0.4438
73647,918759301408383939,easy,images/00073/0073647_ref.png,images/00073/0073647_search.png,239.1346,730.06,238.71267829015716,730.0249968961134,0.423371168737793,0.7045683951507254,0.28119722641293243,0.38558030969313367,0.5397351384162903,-0.4219217098428487,-0.035003103886538156,hit,6.766491889953613,0.4420161545276642,0.0,10.0,False,-0.6435,10.17896,93.96535,71.60657,23.218,3.407,336.499,,0.2961
174360,2154199504776606375,hard,images/00174/0174360_ref.png,images/00174/0174360_search.png,489.5667,601.8291,489.66547623245657,601.7698752348058,0.11517081622799479,0.9042085792960592,0.7890377630680645,0.8221383576735658,0.7179223299026489,0.09877623245654377,-0.059224765194244355,hit,1.6654272079467773,0.07075169682502747,0.0,10.0,False,-0.4251,9.98717,61.39984,79.19304,31.832,3.99,,18.484,0.0454
165252,2248655010942471667,hard,images/00165/0165252_ref.png,images/00165/0165252_search.png,697.4829,549.9998,697.5658125779893,550.0010992286605,0.0829227567314579,0.46497300746150994,0.38205025073005205,0.4029969681092541,0.8874592781066895,0.08291257798930474,0.0012992286604003311,hit,2.3410425186157227,0.16879552602767944,0.0,10.0,False,-0.609,9.90631,166.51401,162.98375,55.365,5.261,,20.756,1.2637
124682,4231092742677289687,easy,images/00124/0124682_ref.png,images/00124/0124682_search.png,839.7903,557.4192,839.8229806492836,557.3621366456905,0.06575903924676002,0.2983786032896897,0.23261956404292966,0.29600607855140565,0.7422569990158081,0.03268064928363401,-0.05706335430954823,hit,7.111326217651367,0.28250670433044434,0.0,10.0,False,-1.833,10.03691,124.24499,145.58583,66.608,5.771,425.928,,0.98
189234,3290673260452317324,hard,images/00189/0189234_ref.png,images/00189/0189234_search.png,535.7424,343.6865,535.4887409750505,343.675925811369,0.2538793303983486,1.196454115020784,0.9425747846224353,0.9879587958455026,0.8161267042160034,-0.2536590249494566,-0.01057418863103976,hit,3.882634162902832,0.12719513475894928,0.0,10.0,False,-0.4024,9.87318,131.24343,129.5708,55.498,5.268,,32.702,0.5425
116480,1920207486889765037,easy,images/00116/0116480_ref.png,images/00116/0116480_search.png,717.5303,883.6277,716.8653200963641,883.611239598821,0.6651835964953884,0.748948367747012,0.08376477125162363,0.17240304227239928,0.7699783444404602,-0.6649799036358672,-0.016460401178960637,hit,7.237728118896484,0.3335115909576416,0.0,10.0,False,-0.0216,10.0806,59.03945,71.78037,65.013,5.701,366.296,,1.0273
109647,1727924886472885236,easy,images/00109/0109647_ref.png,images/00109/0109647_search.png,175.2288,783.6191,175.27060244635226,783.5771631036987,0.05921273336385879,0.15317490087959726,0.09396216751573847,0.1658147081199723,0.8010112047195435,0.041802446352249945,-0.04193689630130848,hit,7.382264137268066,0.2724120020866394,0.0,10.0,False,-0.7015,9.78387,108.82711,127.89683,31.501,3.969,402.466,,0.2156
17632,4267914448545914715,hard,images/00017/0017632_ref.png,images/00017/0017632_search.png,527.6095,209.5167,527.2499162048852,209.43910524957326,0.3678606407364078,0.9996061895234793,0.6317455487870716,0.6467635373715008,0.7763567566871643,-0.3595837951148724,-0.07759475042672648,hit,4.906144142150879,0.2786535918712616,0.0,10.0,False,-0.5035,9.93916,111.49351,100.06911,37.359,4.322,,28.111,0.3603
127675,3986422872096431090,easy,images/00127/0127675_ref.png,images/00127/0127675_search.png,151.7002,648.8959,152.14051645949928,648.9295188894141,0.44159802335543313,0.552499679297086,0.11090165594165285,0.12207570430434392,0.887554407119751,0.4403164594992859,0.033618889414128716,hit,8.31142807006836,0.4406682848930359,0.0,10.0,False,1.0016,10.00149,95.55652,71.24287,49.023,4.951,365.902,,0.692
139546,297964040646649573,easy,images/00139/0139546_ref.png,images/00139/0139546_search.png,817.3191,472.2474,817.2030279695255,472.286717921243,0.12255045976805215,0.015242283257314826,-0.10730817651073732,0.1339359733431831,0.8651176691055298,-0.1160720304745837,0.03931792124296862,hit,5.020068168640137,0.4460681974887848,0.0,10.0,False,-1.8895,10.06289,78.83042,82.32948,67.031,5.789,386.343,,0.8933
28542,2445735584740584439,easy,images/00028/0028542_ref.png,images/00028/0028542_search.png,510.0694,401.1824,509.39182164230755,401.14415887626757,0.6786566247797788,0.3329176465855343,-0.34573897819424454,0.3491275355394159,0.8519216179847717,-0.6775783576924255,-0.03824112373240496,hit,7.220598220825195,0.46043676137924194,0.0,10.0,False,0.3603,10.00182,115.61755,131.74895,47.671,4.882,370.397,,1.2124
97496,2584934745648829945,easy,images/00097/0097496_ref.png,images/00097/0097496_search.png,278.8524,185.4185,278.18886664225516,185.5061734769815,0.6693004970909172,0.4277089019736923,-0.2415915951172249,0.25630481996296955,0.8187261819839478,-0.663533357744825,0.08767347698150729,hit,7.728114128112793,0.4205811619758606,0.0,10.0,False,-0.3643,9.97668,85.37493,98.37614,29.409,3.835,363.873,,0.6313
133869,538435691018983689,easy,images/00133/0133869_ref.png,images/00133/0133869_search.png,887.0931,644.2005,887.0170125310592,644.3364947086288,0.15583280689526108,0.1630415343099675,0.007208727414706434,0.22211937275988144,0.9302026629447937,-0.07608746894084106,0.13599470862880025,hit,3.9665746688842773,0.23373477160930634,0.0,10.0,False,0.7386,9.91367,204.08405,160.61441,67.219,5.797,315.317,,0.6757
19271,1774099773905309618,easy,images/00019/0019271_ref.png,images/00019/0019271_search.png,496.1036,656.5817,496.2020332761423,656.5467966699596,0.10443827028449426,0.259570100319998,0.15513183003550374,0.15522801484830426,0.8671327829360962,0.09843327614231612,-0.03490333004037893,hit,5.366691589355469,0.36668679118156433,0.0,10.0,False,2.2475,10.01915,81.39392,103.42329,88.811,6.664,391.381,,0.4931
163781,3310269981581669401,hard,images/00163/0163781_ref.png,images/00163/0163781_search.png,693.5713,341.0828,693.4910091279155,341.1002564124757,0.08216660195360198,0.9563149320913988,0.8741483301377968,0.916430689791843,0.819987416267395,-0.08029087208444707,0.017456412475667094,hit,0.5697193145751953,0.1265667974948883,0.0,10.0,False,-0.7705,10.01053,103.57081,104.19877,88.721,6.66,,20.387,0.4807
88442,1261008827462367288,easy,images/00088/0088442_ref.png,images/00088/0088442_search.png,683.6788,641.5825,683.141907369326,641.6209231103838,0.5382657636183853,0.7690781437380315,0.23081238011964622,0.29516033519500545,0.8590215444564819,-0.5368926306740605,0.03842311038386015,hit,7.1550493240356445,0.41391506791114807,0.0,10.0,False,1.5227,9.94833,83.6801,97.56293,43.383,4.657,383.87,,0.9538
115639,3161607996365100426,easy,images/00115/0115639_ref.png,images/00115/0115639_search.png,482.2293,135.2458,482.20215313538205,135.381451877368,0.1383415486831311,0.4163845875018638,0.2780430388187327,0.33018841187408204,0.9016962647438049,-0.027146864617975552,0.1356518773679909,hit,2.9645538330078125,0.2325170338153839,0.0,10.0,False,0.9773,9.97973,199.2546,161.0162,98.091,7.003,384.951,,0.168
3369,402405094660669291,hard,images/00003/0003369_ref.png,images/00003/0003369_search.png,700.8909,181.0302,52.66729688644409,566.174766867477,754.0094011489892,750.9483683781441,-3.061032770845145,3.14506516102564,0.7615181803703308,-648.2236031135559,385.144566867477,gross-miss,0.22490310668945312,0.035199373960494995,0.0,10.0,False,-2.0376,9.94267,158.54598,159.0136,36.61,4.278,,24.018,0.2717
58504,2059222355833649259,hard,images/00058/0058504_ref.png,images/00058/0058504_search.png,635.1727,468.4051,359.68797446576303,938.019323585157,544.4532606167069,544.344976495834,-0.10828412087289507,0.3294309256837675,0.889175295829773,-275.48472553423693,469.61422358515705,periodic-lock,0.16309165954589844,0.006934057921171188,0.0,10.0,False,-1.3931,9.86496,184.35056,167.78518,57.434,5.359,,25.314,0.2907
29906,2676605841209558347,medium,images/00029/0029906_ref.png,images/00029/0029906_search.png,848.0606,871.1181,848.1992540713106,871.1111318630541,0.13882905468058748,0.5514230790009359,0.4125940243203484,0.6115312150027157,0.7847805023193359,0.13865407131061147,-0.006968136945943115,hit,6.797725677490234,0.25462615489959717,0.0,10.0,False,-0.3979,10.022,106.12564,84.15736,62.985,5.612,175.086,,0.4368
94411,1364527741292842981,medium,images/00094/0094411_ref.png,images/00094/0094411_search.png,383.2528,748.9088,383.20470788173276,748.9807703248246,0.08655968746925548,0.34949614470744306,0.2629364572381876,0.26293872827941683,0.8723337054252625,-0.048092118267220485,0.0719703248245196,hit,8.719569206237793,0.4014878273010254,0.0,10.0,False,2.3484,9.93228,114.45691,92.64495,72.664,6.028,205.893,,0.5292
17705,2745368204616776739,medium,images/00017/0017705_ref.png,images/00017/0017705_search.png,734.5454,717.1332,734.7991507602436,717.3216324574923,0.3160636634616984,0.7817842044149453,0.46572054095324694,0.4862042481935366,0.8256641030311584,0.2537507602436335,0.18843245749235393,hit,5.71742057800293,0.3364150822162628,0.0,10.0,False,-0.1536,9.93425,76.97679,82.34201,23.69,3.442,220.197,,0.4058
175248,3875378948804434120,hard,images/00175/0175248_ref.png,images/00175/0175248_search.png,120.8092,641.3688,202.83322319791745,447.8475600404849,210.18660922390063,210.92600201774778,0.739392793847145,0.8973349783910727,0.8247350454330444,82.02402319791744,-193.52123995951507,periodic-lock,0.33563232421875,0.035724565386772156,0.0,10.0,False,0.3751,10.01213,166.77604,128.70616,27.132,3.683,,21.011,0.6388
95298,1094966796121446345,easy,images/00095/0095298_ref.png,images/00095/0095298_search.png,493.9125,175.1137,493.95096991493756,175.08323159008506,0.04907400898689219,0.4648257604981635,0.4157517515112713,0.4778214251580427,0.7978294491767883,0.03846991493753649,-0.03046840991493127,hit,3.18353271484375,0.2554101347923279,0.0,10.0,False,0.2543,9.76799,154.98659,132.07434,60.321,5.492,324.153,,0.5456
127677,4196412147166835278,easy,images/00127/0127677_ref.png,images/00127/0127677_search.png,880.6832,437.9313,881.3085612646792,437.8916057422768,0.6266197774226736,0.7139870622486613,0.08736728482598766,0.11536391474637606,0.8902856707572937,0.6253612646790998,-0.039694257723226656,hit,9.140562057495117,0.43186408281326294,0.0,10.0,False,-1.2881,10.06841,138.47264,150.54582,48.329,4.916,360.42,,1.0948
105957,3057223574075659022,easy,images/00105/0105957_ref.png,images/00105/0105957_search.png,796.8356,649.2081,797.0354142097806,649.2359474470729,0.20174538096006553,0.13764985372874008,-0.06409552723132544,0.2845016012979146,0.7971082925796509,0.19981420978058395,0.027847447072986142,hit,5.512335777282715,0.459087073802948,0.0,10.0,False,-0.129,9.95496,122.30259,94.21232,76.281,6.176,398.758,,0.5851
45460,20615754763361435,medium,images/00045/0045460_ref.png,images/00045/0045460_search.png,828.3953,776.8644,828.5167294615759,776.83552160667,0.12481616778258732,0.4548994367246188,0.3300832689420315,0.40242368123809696,0.8473410606384277,0.12142946157587176,-0.028878393330046492,hit,7.977456092834473,0.44382408261299133,0.0,10.0,False,1.7302,9.82297,108.01343,135.7316,66.356,5.76,287.861,,0.9507
113844,2255807434677875709,easy,images/00113/0113844_ref.png,images/00113/0113844_search.png,127.4689,725.876,128.03810369823555,725.8522006590794,0.5697010257260136,0.4518134627701318,-0.11788756295588176,0.4548319433701321,0.8545004725456238,0.5692036982355404,-0.023799340920618306,hit,6.178806304931641,0.2679678201675415,0.0,10.0,False,0.3299,9.99523,142.08983,137.48732,24.745,3.517,419.368,,0.8262
86008,2256310668723030439,easy,images/00086/0086008_ref.png,images/00086/0086008_search.png,217.8702,509.065,217.93074200042153,509.08715214986984,0.06446744572957121,0.4690717317929654,0.4046042860633942,0.44734549988668953,0.8571354150772095,0.06054200042152047,0.022152149869839377,hit,5.322046279907227,0.31003448367118835,0.0,10.0,False,-0.7644,9.78429,141.97594,113.03346,102.68,7.165,378.388,,0.8009
147322,746307456473982664,easy,images/00147/0147322_ref.png,images/00147/0147322_search.png,699.4345,778.9202,699.4641774076989,778.8564602380982,0.07031006880265174,0.24111743653477602,0.1708073677321243,0.2892647304244411,0.7219176292419434,0.029677407698954994,-0.06373976190184294,hit,8.533400535583496,0.26081228256225586,0.0,10.0,False,-0.4005,9.76426,60.25085,78.99094,74.712,6.112,400.962,,0.73
89898,2250142850575253476,hard,images/00089/0089898_ref.png,images/00089/0089898_search.png,489.2318,313.4743,488.99348459062185,313.4559266575395,0.23902262248636164,0.7212519332472795,0.4822293107609179,0.8505050676285185,0.8364909887313843,-0.23831540937817408,-0.018373342460506592,hit,4.310174942016602,0.28767403960227966,0.0,10.0,False,1.7388,10.01754,163.88904,134.01674,35.757,4.228,,17.51,0.1
24675,1646225485665985198,easy,images/00024/0024675_ref.png,images/00024/0024675_search.png,745.7846,294.0543,745.8790547895763,294.0701351612747,0.09577295863925235,0.24327370360624972,0.1475007449669974,0.18060856479277315,0.850078821182251,0.09445478957638898,0.015835161274708298,hit,3.8911619186401367,0.3816126883029938,0.0,10.0,False,-0.6371,10.09734,100.63842,87.65243,25.493,3.57,364.798,,0.3425
104446,1968378774428115370,hard,images/00104/0104446_ref.png,images/00104/0104446_search.png,245.3288,605.8742,549.1678471192307,824.5988688871454,374.3776800693566,374.71097643292336,0.33329636356677383,0.39279873983823405,0.8606988191604614,303.8390471192307,218.7246688871454,gross-miss,0.08115959167480469,0.030181942507624626,0.0,10.0,False,0.0288,9.90037,214.22861,168.19323,67.532,5.811,,14.208,0.4805
191909,2167654076039521965,hard,images/00191/0191909_ref.png,images/00191/0191909_search.png,812.7685,254.9381,812.4879015897135,254.6402323199757,0.4092195286864793,0.7921526061745213,0.382933077488042,0.9243317602901516,0.6559650897979736,-0.28059841028652954,-0.29786768002429653,hit,8.1820068359375,0.35914117097854614,0.0,10.0,False,0.3457,9.82546,196.19023,167.26533,26.633,3.649,,24.012,1.1647
135010,1772600386202258660,medium,images/00135/0135010_ref.png,images/00135/0135010_search.png,254.9984,187.8323,254.2572818691995,187.86341239497796,0.7417708978670666,0.5816732120347767,-0.1600976858322899,0.4691928276387783,0.7200993895530701,-0.7411181308005155,0.031112394977952817,hit,6.878993034362793,0.2949608862400055,0.0,10.0,False,1.4038,9.95936,138.04452,143.69382,24.741,3.517,170.796,,0.6078
140327,2438386974519914610,easy,images/00140/0140327_ref.png,images/00140/0140327_search.png,328.8579,591.8466,329.454919307584,591.7543281808139,0.6041077240393826,0.5768856261457913,-0.027222097893591313,0.04274829191057976,0.8349507451057434,0.5970193075840484,-0.09227181918606675,hit,6.8163909912109375,0.3006478250026703,0.0,10.0,False,3.5268,10.06677,113.56473,86.30688,59.098,5.436,367.238,,0.5293
65764,2067950386107396124,easy,images/00065/0065764_ref.png,images/00065/0065764_search.png,491.0886,610.9212,489.9784942408395,610.9771967995567,1.111517178491581,1.5212701857742543,0.4097530072826734,0.49965625355492405,0.7401887774467468,-1.11010575916049,0.05599679955673764,near-miss,3.382261276245117,0.32343587279319763,0.0,10.0,False,1.4942,10.04783,157.31347,141.31325,22.433,3.349,378.194,,0.5864
150950,1519256618920774289,hard,images/00150/0150950_ref.png,images/00150/0150950_search.png,660.162,439.0584,660.1565898964119,439.13554016891163,0.07732965072046118,0.4230674267756689,0.3457377760552077,0.49347542058997035,0.7918094396591187,-0.005410103588133097,0.077140168911626,hit,5.726372718811035,0.2833947539329529,0.0,10.0,False,-2.5661,9.98233,147.44212,167.31006,34.639,4.162,,29.99,0.3871
28191,153947063204946603,easy,images/00028/0028191_ref.png,images/00028/0028191_search.png,295.1075,210.1939,294.0809376066308,210.10734577194808,1.030204825203986,0.785157723269429,-0.24504710193455692,0.24538423491443073,0.8455395698547363,-1.026562393369204,-0.0865542280519378,near-miss,4.999537467956543,0.3490886092185974,0.0,10.0,False,1.1272,9.99843,88.65626,93.63629,88.665,6.658,318.229,,1.0788
56099,3688789142357837135,medium,images/00056/0056099_ref.png,images/00056/0056099_search.png,826.4636,299.4059,826.5117847205536,299.35945675490836,0.06692340629003904,0.2780979122581901,0.21117450596815104,0.25839351169179675,0.8794777989387512,0.048184720553535954,-0.04644324509160924,hit,4.730035781860352,0.24729923903942108,0.0,10.0,False,-1.7768,10.13254,169.7336,137.65238,75.34,6.138,207.33,,0.3463
158257,2836492917211228752,hard,images/00158/0158257_ref.png,images/00158/0158257_search.png,265.0498,468.0589,263.23946195318763,467.96327741439774,1.8128616942871592,2.013312844843127,0.20045115055596785,0.43474170528273987,0.8640660047531128,-1.810338046812376,-0.095622585602257,near-miss,6.559140205383301,0.2386159598827362,0.0,10.0,False,-0.7633,10.06104,137.19723,137.21269,68.533,5.854,,28.89,1.3375
196426,4020093715514693872,hard,images/00196/0196426_ref.png,images/00196/0196426_search.png,767.6561,165.2561,768.1208733892065,165.08806068448138,0.49421808432557185,0.3974545913451185,-0.09676349298045334,0.18407511477375718,0.749921977519989,0.4647733892064707,-0.1680393155186266,hit,7.216855049133301,0.31122782826423645,0.0,10.0,False,-1.3662,9.76922,135.19452,132.48136,23.165,3.403,,16.459,0.405
57114,3603904672507213506,hard,images/00057/0057114_ref.png,images/00057/0057114_search.png,145.782,419.7765,463.3368435827865,486.7541611477906,324.5413467891514,324.9136328471615,0.37228605801010417,0.5180129906682558,0.6291455030441284,317.5548435827865,66.97766114779063,gross-miss,0.2530231475830078,0.04143601655960083,0.0,10.0,False,-0.6136,9.70021,143.86748,161.88781,23.678,3.441,,17.297,1.0624
19471,2348380217223228823,medium,images/00019/0019471_ref.png,images/00019/0019471_search.png,670.5292,377.9395,670.6456085227422,378.009994122343,0.13608954938551718,0.5180527724782131,0.3819632230926959,0.4252767993054063,0.8315422534942627,0.11640852274229019,0.07049412234300689,hit,5.291287422180176,0.3387024998664856,0.0,10.0,False,-1.3878,10.0352,166.61415,130.26647,35.762,4.229,232.079,,0.6061
1154,324158610725284388,easy,images/00001/0001154_ref.png,images/00001/0001154_search.png,159.9644,645.5216,160.4300731309392,645.6432562395246,0.4813020937976147,0.48877217909348913,0.007470085295874451,0.0378767703801023,0.8493143916130066,0.4656731309391944,0.12165623952455462,hit,7.027832984924316,0.4237845838069916,0.0,10.0,False,0.3766,9.81869,117.85976,111.2359,71.289,5.97,371.634,,0.631
84269,4163481496311904202,medium,images/00084/0084269_ref.png,images/00084/0084269_search.png,235.5087,479.1867,236.3695314413266,479.02062394928464,0.8767052098611036,0.551146314968235,-0.3255588948928686,0.34549051255443913,0.8421425223350525,0.8608314413265816,-0.1660760507153327,hit,6.646673202514648,0.2804538607597351,0.0,10.0,False,0.7757,9.98982,175.1827,130.82405,55.158,5.252,266.78,,1.066
137784,3254584293523936535,easy,images/00137/0137784_ref.png,images/00137/0137784_search.png,791.3907,432.1289,791.9735582484157,432.1318292307277,0.582865608986136,1.1279109076751668,0.5450452986890307,0.8806345060401549,0.8506454229354858,0.5828582484156186,0.0029292307277160035,hit,6.8787336349487305,0.3528082072734833,0.0,10.0,False,3.4593,9.87942,140.27152,109.69246,103.194,7.183,412.635,,0.5602
7789,3484680208921647458,easy,images/00007/0007789_ref.png,images/00007/0007789_search.png,476.231,243.5013,476.4599568286055,243.51511838643614,0.2293734447768579,0.6548637515128447,0.4254903067359868,0.8504773521022506,0.8655978441238403,0.2289568286055328,0.013818386436156516,hit,6.113114356994629,0.22577977180480957,0.0,10.0,False,1.577,10.09533,139.09377,118.12652,91.473,6.763,344.272,,0.2205
147183,2577302187251880251,medium,images/00147/0147183_ref.png,images/00147/0147183_search.png,562.8874,657.5556,562.9048414293177,657.5795137139419,0.029598465688917212,0.14281532965021304,0.11321686396129582,0.16092957161992266,0.7769168615341187,0.017441429317727852,0.02391371394185171,hit,2.9264440536499023,0.1795063316822052,0.0,10.0,False,1.3118,10.01164,141.01623,156.4847,27.018,3.675,171.844,,0.3704
132497,1564438580223015882,medium,images/00132/0132497_ref.png,images/00132/0132497_search.png,166.6309,623.064,166.51577323819006,623.1545985798753,0.14650008177560994,0.8239947576124688,0.6774946758368589,0.6943617576762637,0.8403390049934387,-0.11512676180993253,0.09059857987529085,hit,6.411332130432129,0.28713780641555786,0.0,10.0,False,1.2046,9.90765,109.35083,117.07777,26.651,3.65,220.785,,0.9836
123810,3640143923886196728,hard,images/00123/0123810_ref.png,images/00123/0123810_search.png,789.3609,436.8943,789.3716257383733,437.00794509031346,0.11415011176520122,0.2717246640851675,0.15757455231996625,0.30379518886662316,0.7431557774543762,0.01072573837325308,0.1136450903134687,hit,2.8408241271972656,0.2018633931875229,0.0,10.0,False,0.5869,9.99292,77.48565,97.13404,45.018,4.744,,22.792,0.3778
45803,270207716239451281,easy,images/00045/0045803_ref.png,images/00045/0045803_search.png,374.9092,491.3371,374.40939961639316,491.3682828942012,0.5007722000513845,0.7257647736123249,0.2249925735609405,0.3836803580156852,0.8278892040252686,-0.4998003836068392,0.031182894201151612,hit,4.540044784545898,0.274926096200943,0.0,10.0,False,-1.4114,9.90122,178.75088,167.99114,31.33,3.958,392.121,,0.8591
302,3709619315940465095,easy,images/00000/0000302_ref.png,images/00000/0000302_search.png,372.7423,870.6982,372.6819514776071,870.6295532280759,0.09140198822024698,0.17051543774752112,0.07911344952727414,0.09531833117161896,0.8012382388114929,-0.06034852239292832,-0.06864677192413637,hit,4.5833587646484375,0.314586341381073,0.0,10.0,False,0.3147,10.01934,92.13326,79.14136,43.918,4.686,393.752,,0.9085
34873,1856682796619538575,hard,images/00034/0034873_ref.png,images/00034/0034873_search.png,518.4237,399.2862,518.113153408647,399.4067776674784,0.3331338459171184,1.032611021156148,0.6994771752390294,1.2818219998351053,0.5753902792930603,-0.3105465913530452,0.1205776674784147,hit,5.07530403137207,0.3036322295665741,0.0,10.0,False,-0.6692,9.89717,117.53738,94.46811,33.738,4.107,,26.475,0.7804
135279,1516674168512777084,medium,images/00135/0135279_ref.png,images/00135/0135279_search.png,744.1708,635.4859,743.5251976865915,635.5572028435566,0.6495278612790135,0.4419656544279327,-0.20756220685108084,0.5517231388635497,0.7612461447715759,-0.6456023134085171,0.07130284355662297,hit,5.622893333435059,0.23717761039733887,0.0,10.0,False,-1.1838,10.23897,86.27134,112.37865,95.461,6.909,295.815,,0.5767
98235,1815456926169429408,hard,images/00098/0098235_ref.png,images/00098/0098235_search.png,739.3006,339.8758,738.8243097176745,339.8830832092429,0.476345964793028,0.8290342566114468,0.3526882918184188,0.952474510476892,0.7780683636665344,-0.47629028232552173,0.00728320924287118,hit,1.7114315032958984,0.05033586546778679,0.0,10.0,False,-2.0372,9.92509,148.50728,145.38813,24.274,3.484,,18.378,0.8701
119264,4283046132046239124,medium,images/00119/0119264_ref.png,images/00119/0119264_search.png,816.1856,837.1456,815.971203917122,837.2519919067782,0.23934267939788173,0.161514823736428,-0.07782785566145373,0.13685146852832672,0.8144317865371704,-0.21439608287801093,0.10639190677829902,hit,6.724696159362793,0.3557836711406708,0.0,10.0,False,-0.444,9.89488,104.16426,113.17919,30.815,3.925,249.702,,0.2272
7899,2612675477815357833,hard,images/00007/0007899_ref.png,images/00007/0007899_search.png,620.9612,618.4571,620.8871211688542,618.4794770356772,0.07738478500085658,0.39364937358428154,0.316264588583425,0.38834421124156426,0.9212577939033508,-0.07407883114581182,0.022377035677209278,hit,6.864792823791504,0.30416324734687805,0.0,10.0,False,0.7543,9.95933,194.42265,148.37535,84.606,6.504,,19.453,0.4306
29271,1766058604054251731,easy,images/00029/0029271_ref.png,images/00029/0029271_search.png,332.7293,381.3577,332.0100124104727,381.1370629099303,0.7523665077357193,0.6119683227492597,-0.14039818498645962,0.1660958757352223,0.8880298137664795,-0.7192875895273119,-0.2206370900697152,hit,6.58006477355957,0.34581711888313293,0.0,10.0,False,-0.2928,10.03012,119.62254,122.98749,95.293,6.903,302.3,,0.5768
109776,110982113849873903,easy,images/00109/0109776_ref.png,images/00109/0109776_search.png,676.6265,359.1084,676.9728960262061,359.07329233449343,0.3481705834051681,0.6859217270317995,0.33775114362663144,0.4710481159006432,0.79566490650177,0.34639602620609367,-0.03510766550658673,hit,2.2989816665649414,0.2879013121128082,0.0,10.0,False,-1.3213,10.07007,79.82092,70.46682,50.399,5.02,330.456,,0.2941
107942,3986001969447954653,easy,images/00107/0107942_ref.png,images/00107/0107942_search.png,687.923,713.4498,687.6836967235778,713.5574962134758,0.2624205260711166,0.2965933134082259,0.03417278733710932,0.4303510370980763,0.8691577315330505,-0.23930327642221982,0.10769621347583325,hit,3.8945302963256836,0.2807650566101074,0.0,10.0,False,1.837,10.1786,122.27726,112.57677,99.566,7.056,405.371,,0.3705
126277,3570701759079289296,easy,images/00126/0126277_ref.png,images/00126/0126277_search.png,350.0285,507.3272,350.4692135440265,507.4964952009459,0.4721115259678625,0.5655761928273483,0.09346466685948579,0.0977645545411741,0.7989431619644165,0.44071354402649376,0.16929520094589634,hit,7.702457427978516,0.30327677726745605,0.0,10.0,False,-0.2048,9.8901,120.42712,147.92635,43.909,4.686,324.116,,0.5502
42032,3311909370912606586,medium,images/00042/0042032_ref.png,images/00042/0042032_search.png,116.3874,685.0371,116.34994911378024,685.118488183473,0.08959132372991976,0.45058698295821326,0.36099565922829346,0.3685872028386978,0.8554883599281311,-0.03745088621975867,0.08138818347299548,hit,4.739693641662598,0.25341957807540894,0.0,10.0,False,-1.0976,9.82166,165.32073,147.11088,99.783,7.063,282.576,,0.7435
6331,1698203190498136804,hard,images/00006/0006331_ref.png,images/00006/0006331_search.png,473.7251,409.0608,474.11942725346177,409.1396751932142,0.4021383828078132,0.8371725602176466,0.4350341774098334,1.1934592310681875,0.7784208059310913,0.39432725346176767,0.07887519321423042,hit,0.819331169128418,0.02268308401107788,0.0,10.0,False,2.7408,10.12409,174.4573,142.56113,91.565,6.766,,19.364,0.7128
158107,2322106882876886580,hard,images/00158/0158107_ref.png,images/00158/0158107_search.png,614.4962,359.8235,614.6190634803761,329.4956093514099,30.32813951807218,30.30447226142135,-0.023667256650831803,0.26602128316274953,0.7924689054489136,0.12286348037605421,-30.32789064859014,periodic-lock,0.5342731475830078,0.03237532079219818,0.0,10.0,False,0.4036,9.92385,176.84655,150.97065,68.258,5.842,,17.077,0.3549
113645,224942194145954344,easy,images/00113/0113645_ref.png,images/00113/0113645_search.png,431.145,750.6103,431.30522069736486,750.6363935741952,0.16233159420877682,0.8472360686700838,0.684904474461307,0.783506463413328,0.8418090343475342,0.16022069736487765,0.02609357419510161,hit,7.726335525512695,0.24323636293411255,0.0,10.0,False,1.1157,9.7647,90.6912,77.26214,55.4,5.263,353.842,,0.454
55499,591667534643980139,easy,images/00055/0055499_ref.png,images/00055/0055499_search.png,470.3984,264.8321,469.82533661952607,264.84065541574415,0.5731272399552666,0.3761520757797218,-0.19697516417554478,0.19777479060126324,0.8515743613243103,-0.5730633804739114,0.008555415744126549,hit,7.948412895202637,0.4268682897090912,0.0,10.0,False,1.3986,10.12637,115.18809,118.05838,55.756,5.28,338.408,,0.4397
102530,2362963301651762970,medium,images/00102/0102530_ref.png,images/00102/0102530_search.png,758.7783,579.9376,760.139129282513,579.8294802071517,1.3651176600390234,1.5141749990979279,0.1490573390589045,0.1725579457902401,0.7594714164733887,1.3608292825130093,-0.10811979284824247,near-miss,6.300825119018555,0.2752883732318878,0.0,10.0,False,-0.528,10.08875,101.65675,126.98481,37.552,4.333,271.201,,0.8318
36332,2892205480334336060,easy,images/00036/0036332_ref.png,images/00036/0036332_search.png,754.0556,612.6633,753.6261432009314,612.6749963003499,0.4296160445189548,0.46242209646811594,0.03280605194916114,0.5786866694493368,0.833927571773529,-0.42945679906858913,0.011696300349854027,hit,6.88923454284668,0.3386097550392151,0.0,10.0,False,2.879,9.85169,195.05918,164.64205,26.185,3.618,409.718,,0.5251
148777,1882863632143134086,easy,images/00148/0148777_ref.png,images/00148/0148777_search.png,616.2833,409.5107,617.0466799935639,409.45920095361436,0.7651151327428726,0.8587986657914436,0.09368353304857102,0.7736285854192497,0.7543955445289612,0.7633799935638308,-0.0514990463856293,hit,8.521604537963867,0.45794668793678284,0.0,10.0,False,-1.4058,10.09544,78.71884,92.4004,36.867,4.293,327.182,,0.6149
20791,410079525047480404,medium,images/00020/0020791_ref.png,images/00020/0020791_search.png,403.3291,766.53,403.3257856992525,766.6557581902346,0.1258018561092189,0.07450723934426051,-0.05129461676495839,0.1828787167927154,0.7449070811271667,-0.003314300747490506,0.1257581902345919,hit,6.663363456726074,0.3151419758796692,0.0,10.0,False,0.0767,10.07548,98.50329,119.4305,31.383,3.961,245.134,,0.5124
46384,1902658561459074472,easy,images/00046/0046384_ref.png,images/00046/0046384_search.png,298.2215,516.0384,296.58669719485584,516.0089942482958,1.635067249363298,1.3873525450700657,-0.2477147042932324,0.3229650638060496,0.7325129508972168,-1.6348028051441474,-0.029405751704189242,near-miss,3.4119997024536133,0.2362649291753769,0.0,10.0,False,0.2197,10.08904,91.16989,98.34684,30.14,3.882,416.548,,1.7923
117255,33281042612452334,easy,images/00117/0117255_ref.png,images/00117/0117255_search.png,166.1106,654.8849,166.10717616618058,655.0211720016098,0.1363150067335058,0.22104300332332316,0.08472799658981736,0.2690265258648936,0.8107418417930603,-0.003423833819425681,0.13627200160976827,hit,3.686014175415039,0.319114089012146,0.0,10.0,False,-0.2114,10.01234,123.59513,95.58606,49.057,4.953,363.818,,1.0076
112900,4068846211127873029,medium,images/00112/0112900_ref.png,images/00112/0112900_search.png,556.5095,186.8863,556.2797860555047,186.72312596291195,0.2817698753862885,0.4696756696678023,0.18790579428151377,0.6487351099329846,0.7943893671035767,-0.2297139444953018,-0.163174037088055,hit,5.740516662597656,0.3545547425746918,0.0,10.0,False,1.8291,10.16088,98.46603,125.12356,55.747,5.28,276.521,,0.215
83288,199851238973179362,hard,images/00083/0083288_ref.png,images/00083/0083288_search.png,366.2064,886.0967,390.2549737203862,419.85921746492386,466.8572844227991,469.88266831372255,3.025383890923422,3.0530378147965958,0.6849795579910278,24.04857372038623,-466.2374825350762,gross-miss,0.07088375091552734,0.011715805158019066,0.0,10.0,False,-0.5025,9.87975,98.73218,122.51818,53.534,5.174,,19.277,0.6967
37687,874337423937189396,easy,images/00037/0037687_ref.png,images/00037/0037687_search.png,678.1944,236.103,678.1187666162422,236.01431945614246,0.11655319642775132,0.3917659179121274,0.2752127214843761,0.3399074324518565,0.8421480059623718,-0.07563338375780404,-0.08868054385754931,hit,6.179591178894043,0.3632962703704834,0.0,10.0,False,-1.1197,9.92694,118.6224,97.04181,24.722,3.516,321.606,,0.3896
131280,3536044603347587917,easy,images/00131/0131280_ref.png,images/00131/0131280_search.png,612.5171,453.3607,612.4499860395218,453.3351322032689,0.07181918908446902,0.40554095447722527,0.3337217653927562,0.35981188677648707,0.8701480627059937,-0.06711396047819562,-0.02556779673108167,hit,5.312991142272949,0.2990354299545288,0.0,10.0,False,-1.712,10.03376,155.96581,149.85647,33.844,4.114,315.071,,0.1464
167350,1911677826273639814,hard,images/00167/0167350_ref.png,images/00167/0167350_search.png,806.527,368.6123,806.1779206389958,368.57096201926475,0.3515184617205456,0.5867919119472131,0.2352734502266675,0.4503089312120013,0.8403444290161133,-0.34907936100421466,-0.04133798073524986,hit,8.436233520507812,0.40397006273269653,0.0,10.0,False,3.0975,10.19916,103.87103,93.2753,103.167,7.182,,33.839,0.3192
61289,1590554169864367122,medium,images/00061/0061289_ref.png,images/00061/0061289_search.png,614.3812,433.969,614.9117112165475,433.8295789934636,0.5485256310750343,0.24143484644646504,-0.3070907846285692,0.5059889641788112,0.8090723156929016,0.5305112165474384,-0.139421006536395,hit,6.2131757736206055,0.34839579463005066,0.0,10.0,False,-0.0996,9.88028,196.99959,161.28125,22.159,3.329,190.788,,1.072
137508,3701617528530657532,easy,images/00137/0137508_ref.png,images/00137/0137508_search.png,553.9289,278.9429,553.7912474911469,278.8620980249652,0.15961570211942377,0.101413589748806,-0.05820211237061777,0.2015613150555147,0.9086132645606995,-0.13765250885307978,-0.08080197503483078,hit,6.111234664916992,0.30968478322029114,0.0,10.0,False,0.8841,9.85867,145.88385,165.95443,60.708,5.509,404.461,,0.3581
48107,3270108780538172036,easy,images/00048/0048107_ref.png,images/00048/0048107_search.png,421.5383,788.91,421.78710963225006,788.884543271375,0.2501085327067024,0.3535280538911708,0.1034195211844684,0.2026625884736765,0.8273143172264099,0.24880963225007235,-0.025456728624931202,hit,5.18345832824707,0.39292579889297485,0.0,10.0,False,-2.216,9.91513,123.55583,105.93218,22.563,3.359,333.389,,0.721
113332,4110073754371090464,easy,images/00113/0113332_ref.png,images/00113/0113332_search.png,362.0118,708.5148,361.3883469245881,708.6128896599396,0.6311222691583457,0.7332371608006151,0.10211489164226939,0.146204337425249,0.8665661215782166,-0.6234530754118737,0.09808965993954644,hit,6.549725532531738,0.3876171410083771,0.0,10.0,False,0.4382,9.94152,143.76722,130.21259,94.751,6.883,341.295,,0.9887
32,2126818386732956643,medium,images/00000/0000032_ref.png,images/00000/0000032_search.png,253.6583,228.6659,253.64338483205276,228.54915619234635,0.11769273070315917,0.19683416936886844,0.07914143866570927,0.0977665889174458,0.7376880049705505,-0.014915167947236796,-0.11674380765364845,hit,6.761314392089844,0.410330593585968,0.0,10.0,False,-0.6356,10.061,109.67873,138.97014,39.073,4.42,188.071,,0.4845
126727,26408737079330434,easy,images/00126/0126727_ref.png,images/00126/0126727_search.png,523.0957,398.5147,523.6249015532612,398.6405443315112,0.5439587114364727,1.0517292912437037,0.5077705798072311,0.5210746502170293,0.8837496638298035,0.5292015532612595,0.125844331511189,hit,5.7549943923950195,0.2746509611606598,0.0,10.0,False,1.0924,10.0074,113.32115,132.58186,92.303,6.793,402.07,,0.2413
28330,3096800402155773740,easy,images/00028/0028330_ref.png,images/00028/0028330_search.png,667.7042,410.5011,667.4161827991662,410.5056673173173,0.2880534123450198,0.6773464722292889,0.3892930598842691,0.9650760763499051,0.7159904837608337,-0.28801720083379223,0.004567317317309971,hit,7.391570091247559,0.34410762786865234,0.0,10.0,False,-0.9294,10.17088,126.43044,103.23695,23.216,3.407,303.023,,0.1845
160272,3308638890788254878,hard,images/00160/0160272_ref.png,images/00160/0160272_search.png,797.0208,519.9575,797.079310969726,519.9878523252903,0.065915075884049,0.729372793639684,0.663457717755635,0.6645533232102391,0.8639719486236572,0.05851096972594405,0.03035232529032328,hit,7.401190757751465,0.3198327124118805,0.0,10.0,False,2.6857,10.0243,158.61187,134.13482,63.592,5.639,,33.632,0.5353
12950,4108442281065690421,medium,images/00012/0012950_ref.png,images/00012/0012950_search.png,753.4901,375.3078,753.4738358497415,375.2381179206466,0.07155497723182261,0.44195380523919475,0.3703988280073721,0.4385499056334976,0.9009706377983093,-0.01626415025850747,-0.06968207935341297,hit,5.972003936767578,0.3126752972602844,0.0,10.0,False,-0.1128,9.9818,132.52597,156.28763,84.052,6.483,297.225,,0.2413
173689,4369122981085898357,hard,images/00173/0173689_ref.png,images/00173/0173689_search.png,487.2159,626.0689,487.1664052551798,625.9957462627655,0.08832439660812366,0.5737796656644907,0.48545526905636704,0.6589059876951393,0.7782362103462219,-0.04949474482015148,-0.07315373723452012,hit,3.8239707946777344,0.24534869194030762,0.0,10.0,False,0.7412,9.90647,105.11469,109.23503,94.947,6.89,,28.791,0.3723
116578,3398049942242090841,easy,images/00116/0116578_ref.png,images/00116/0116578_search.png,437.1854,531.8681,437.27107702284286,531.9526996443861,0.12040619615896318,0.05337856195122456,-0.06702763420773862,0.06900750237769926,0.7946306467056274,0.08567702284284451,0.08459964438611678,hit,7.479160308837891,0.3499075770378113,0.0,10.0,False,1.1808,9.77265,83.48611,83.44499,93.5,6.837,389.746,,0.2614
183081,4284168919593329768,hard,images/00183/0183081_ref.png,images/00183/0183081_search.png,562.3704,325.5934,562.4812161329405,325.6155937652585,0.1130167179502075,0.16384058717608777,0.05082386922588027,0.06292435506632613,0.7546246647834778,0.1108161329404993,0.022193765258521125,hit,9.273284912109375,0.47737476229667664,0.0,10.0,False,-0.4161,10.03499,83.10078,105.59226,34.033,4.125,,30.165,0.4646
11171,3105672295084979959,easy,images/00011/0011171_ref.png,images/00011/0011171_search.png,701.4674,242.3368,701.5174219280686,242.31353950134528,0.055165606000221495,0.4370332786944136,0.3818676726941921,0.4031763442547327,0.8565694689750671,0.05002192806864514,-0.023260498654735784,hit,6.156837463378906,0.45527714490890503,0.0,10.0,False,-0.7449,9.94856,86.81168,97.3892,58.285,5.398,412.353,,0.177
27716,3390785017377849297,easy,images/00027/0027716_ref.png,images/00027/0027716_search.png,678.1186,147.9148,678.2468916883494,147.96208603239126,0.1367286588789353,0.3513801433899721,0.2146514845110368,0.2146752288250938,0.8933764696121216,0.1282916883493499,0.047286032391241406,hit,6.56464958190918,0.27997806668281555,0.0,10.0,False,-1.634,9.99062,127.93061,152.19447,72.779,6.032,409.958,,0.4853
93682,270945372313424622,easy,images/00093/0093682_ref.png,images/00093/0093682_search.png,823.9883,488.4455,824.6751276327377,488.4922203667215,0.6884148384213605,0.2987225489096964,-0.3896922895116641,0.4865556567996523,0.766438901424408,0.6868276327377316,0.046720366721501705,hit,4.804811477661133,0.3236866295337677,0.0,10.0,False,1.411,9.91118,116.21338,145.71871,34.611,4.16,304.967,,0.3617
4552,1512677229570011087,hard,images/00004/0004552_ref.png,images/00004/0004552_search.png,262.4793,275.1625,262.41006948707115,275.0555091780488,0.12743586583922795,0.6166168630834012,0.4891809972441733,0.7092512502346434,0.6103768944740295,-0.06923051292886839,-0.10699082195122855,hit,3.6294727325439453,0.21690593659877777,0.0,10.0,False,-2.8296,10.21175,61.46026,76.99127,41.051,4.53,,24.195,0.3173
22072,545339934335534235,medium,images/00022/0022072_ref.png,images/00022/0022072_search.png,383.7294,323.3589,384.540305544385,323.44430005534946,0.8153900731355453,1.2255168635469422,0.4101267904113969,0.4366055617795919,0.8473076224327087,0.8109055443849797,0.08540005534945294,hit,6.163873672485352,0.28973186016082764,0.0,10.0,False,1.8751,10.06418,184.70565,166.41357,30.039,3.876,235.007,,1.0995
87480,4504453445005282941,medium,images/00087/0087480_ref.png,images/00087/0087480_search.png,418.2792,462.0409,417.85221560519255,461.98163412077054,0.4310778559029989,0.30739361825977934,-0.12368423764321956,0.734722172036646,0.8598156571388245,-0.4269843948074481,-0.05926587922948556,hit,2.1829967498779297,0.3794356882572174,0.0,10.0,False,0.1855,9.98739,74.9954,87.31322,35.9,4.237,245.807,,0.4423
151849,3514952774065767502,hard,images/00151/0151849_ref.png,images/00151/0151849_search.png,694.1067,458.7962,693.6781387009937,458.7760677038071,0.4290339104965883,0.1800698908662805,-0.2489640196303078,0.4262126303769641,0.8166283369064331,-0.4285612990063328,-0.020132296192912236,hit,0.49041175842285156,0.019650671631097794,0.0,10.0,False,-0.5973,9.94858,116.51311,91.30414,60.57,5.503,,16.901,0.7225
92935,2891503907940388650,medium,images/00092/0092935_ref.png,images/00092/0092935_search.png,744.9619,777.1605,745.411965632088,777.2365504697208,0.4564457767704074,0.512415237723521,0.05596946095311367,0.0842187566081941,0.7962608933448792,0.45006563208801253,0.07605046972082619,hit,4.579019546508789,0.35706087946891785,0.0,10.0,False,1.2467,9.81152,122.10179,146.69671,32.928,4.058,184.228,,0.4828
7642,2943035524665945965,medium,images/00007/0007642_ref.png,images/00007/0007642_search.png,818.7487,133.1482,818.035033701762,133.35308673308808,0.7424945512501673,0.4993048719941402,-0.24318967925602708,0.27899229364689626,0.8917078375816345,-0.7136662982379676,0.20488673308807392,hit,5.92127799987793,0.3408571779727936,0.0,10.0,False,1.9796,10.01922,165.09419,144.53292,67.486,5.809,283.221,,1.2588
22758,2095407641886936753,medium,images/00022/0022758_ref.png,images/00022/0022758_search.png,617.4276,857.0238,617.9657743323427,857.1104552578595,0.5451061783792098,0.46415418800318803,-0.0809519903760218,0.6152769288064646,0.7975984811782837,0.5381743323426917,0.08665525785943373,hit,6.025113105773926,0.39748436212539673,0.0,10.0,False,2.1937,10.13422,125.23967,144.7828,67.926,5.828,204.79,,1.0177
21988,809454529855517028,easy,images/00021/0021988_ref.png,images/00021/0021988_search.png,796.5238,142.5653,796.7328827619829,142.44725743831285,0.2401034104881251,0.43341522912784386,0.19331181863971875,0.23220961883079222,0.8154926300048828,0.20908276198281328,-0.11804256168716165,hit,7.68332576751709,0.38316285610198975,0.0,10.0,False,-1.8052,10.06934,76.51112,90.16065,29.616,3.848,420.418,,0.7843
85551,1287635700716668192,easy,images/00085/0085551_ref.png,images/00085/0085551_search.png,118.0808,637.4401,118.11954503859445,637.4441906068978,0.03896037834105196,0.4761625365351124,0.43720215819406044,0.5151077543191814,0.7620229721069336,0.038745038594456105,0.0040906068977619725,hit,0.9051227569580078,0.13998658955097198,0.0,10.0,False,0.9646,10.18704,136.01426,120.03371,76.801,6.197,345.339,,0.8689
36044,3728040312909675991,easy,images/00036/0036044_ref.png,images/00036/0036044_search.png,301.62,721.4181,301.8054714268198,721.4497736020775,0.18815649665937975,0.3137244721088351,0.12556797544945533,0.31772839206679127,0.8773918747901917,0.18547142681978812,0.031673602077489704,hit,4.598628044128418,0.4370330274105072,0.0,10.0,False,-1.5048,10.05522,116.02658,86.04351,29.382,3.833,369.223,,0.6424
14272,271831926109090282,easy,images/00014/0014272_ref.png,images/00014/0014272_search.png,485.4458,570.9162,485.58567497671737,571.0005237600005,0.16332637757663784,0.29083560256212954,0.1275092249854917,0.29540492939258584,0.8702159523963928,0.13987497671735127,0.08432376000052955,hit,8.272758483886719,0.3730528652667999,0.0,10.0,False,-2.8287,10.05797,118.97521,100.75413,56.526,5.316,400.123,,0.5245
33085,3484008976317915741,easy,images/00033/0033085_ref.png,images/00033/0033085_search.png,696.7978,297.9781,696.9006732862863,298.0930798473421,0.15428311095562675,0.39862761789423995,0.2443445069386132,0.5065668748376617,0.8232841491699219,0.10287328628623982,0.11497984734211286,hit,4.814304351806641,0.3653252422809601,0.0,10.0,False,2.9123,9.89089,103.87723,100.7843,85.781,6.549,314.974,,0.3734
176399,138346194543500243,hard,images/00176/0176399_ref.png,images/00176/0176399_search.png,801.9517,650.7546,802.1424459861203,650.8281301859319,0.20442778545046994,0.8650100441528408,0.6605822587023709,0.9386951320642329,0.6497059464454651,0.19074598612030513,0.07353018593187244,hit,1.966796875,0.04503164812922478,0.0,10.0,False,0.8879,10.06752,185.33786,147.17106,22.717,3.37,,29.022,0.1726
47719,4234722662803326424,easy,images/00047/0047719_ref.png,images/00047/0047719_search.png,526.8466,808.4665,527.1147052143402,808.4085437686309,0.2742978868145837,0.4449547411105753,0.1706568542959916,0.5365221063178995,0.8480769991874695,0.2681052143402667,-0.057956231369075795,hit,3.7982845306396484,0.25258520245552063,0.0,10.0,False,-0.8244,10.04052,208.12557,158.63142,51.037,5.052,407.598,,1.046
11642,990145114915165560,hard,images/00011/0011642_ref.png,images/00011/0011642_search.png,809.971,852.5905,809.9698671147446,852.5562473954365,0.03427133420790141,0.21463251192318028,0.18036117771527888,0.21270831101980436,0.8964044451713562,-0.0011328852554015612,-0.03425260456356227,hit,7.7040252685546875,0.299927294254303,0.0,10.0,False,-0.2725,9.9569,169.65512,168.76652,108.314,7.359,,24.999,0.5565
83295,2864456666600004656,hard,images/00083/0083295_ref.png,images/00083/0083295_search.png,200.4835,736.3525,201.02878860135127,736.1951648214941,0.567533274054562,0.5396170654435172,-0.027916208611044824,0.24904260079222335,0.8155425190925598,0.5452886013512739,-0.15733517850583212,hit,7.096225738525391,0.39867690205574036,0.0,10.0,False,-0.3222,10.02855,68.65946,85.9512,79.265,6.295,,15.46,1.1243
66839,4548243779484344713,hard,images/00066/0066839_ref.png,images/00066/0066839_search.png,776.3955,681.5639,776.4367146978697,681.427433550448,0.1425543516481458,0.08417636176412435,-0.05837798988402146,0.10061902032636974,0.7888383865356445,0.04121469786969101,-0.13646644955201737,hit,5.2330474853515625,0.37262195348739624,0.0,10.0,False,-0.0023,10.22246,183.51204,139.93614,103.434,7.191,,21.744,0.6185
15230,3073047672410108742,hard,images/00015/0015230_ref.png,images/00015/0015230_search.png,238.9313,461.3144,239.02851111110144,461.40347871853703,0.13185225905452205,1.430536492528074,1.2986842334735518,1.5561814318740372,0.7359257340431213,0.0972111111014442,0.08907871853705274,hit,3.650686264038086,0.14029783010482788,0.0,10.0,False,-2.7941,9.63186,105.09859,124.85859,94.743,6.883,,16.191,0.2932
14202,3496992906777984518,easy,images/00014/0014202_ref.png,images/00014/0014202_search.png,675.8746,239.7833,676.3145002909363,239.7396574903416,0.4420598767306503,0.2838832290140587,-0.15817664771659157,0.6049477221537318,0.8899224400520325,0.43990029093629346,-0.04364250965838323,hit,4.4246625900268555,0.20030835270881653,0.0,10.0,False,-0.6692,9.92948,163.10491,132.21881,75.286,6.135,429.71,,0.4997
96854,2033998288015627579,easy,images/00096/0096854_ref.png,images/00096/0096854_search.png,135.1943,603.9329,135.32330227810832,603.9423045017896,0.1293446265255979,0.2994902522829867,0.1701456257573888,0.19258258846432222,0.7780980467796326,0.12900227810831666,0.009404501789617825,hit,7.439543724060059,0.23436731100082397,0.0,10.0,False,-0.0226,9.86853,189.55746,156.64674,61.013,5.523,327.77,,0.4844
16572,3720801910810770440,easy,images/00016/0016572_ref.png,images/00016/0016572_search.png,621.0381,224.9147,621.204135631449,224.83244870796491,0.1852919478880063,0.46027420085865334,0.27498225297064705,0.2757735994707763,0.8477252125740051,0.16603563144906275,-0.08225129203509596,hit,6.063139915466309,0.40485525131225586,0.0,10.0,False,-1.4065,9.8842,113.00131,132.32007,63.447,5.632,345.238,,0.2819
17735,947944156591482597,easy,images/00017/0017735_ref.png,images/00017/0017735_search.png,168.5299,193.317,168.60044776337008,193.30105153540575,0.0723280059135885,0.724647141651701,0.6523191357381125,0.6525335905180868,0.8884245157241821,0.07054776337008661,-0.015948464594259804,hit,5.73581600189209,0.3418877422809601,0.0,10.0,False,-0.9725,10.10317,159.60486,156.96595,31.638,3.977,375.81,,0.2265
149636,516771073182517997,hard,images/00149/0149636_ref.png,images/00149/0149636_search.png,286.0179,332.5932,284.7918432233678,332.6165471386258,1.2262790499750857,1.7779129812489411,0.5516339312738554,0.5683854030931265,0.886061429977417,-1.2260567766322197,0.023347138625751995,near-miss,0.03881359100341797,0.02888140082359314,0.0,10.0,False,-3.2654,9.91617,154.58328,146.00475,108.005,7.349,,21.768,0.8949
179305,3291966706329415323,hard,images/00179/0179305_ref.png,images/00179/0179305_search.png,683.478,885.2766,683.6091516760188,885.320558053374,0.1383223502510613,0.4158251172529947,0.27750276700193344,0.333147116726087,0.7755299806594849,0.13115167601881694,0.04395805337401271,hit,3.9679946899414062,0.17724137008190155,0.0,10.0,False,0.1169,9.92439,143.13039,137.27833,95.191,6.899,,18.907,0.8563
14603,159425076936270681,medium,images/00014/0014603_ref.png,images/00014/0014603_search.png,207.314,623.1916,206.64747981562112,622.9995071623617,0.6936489129641576,0.25964533610200846,-0.4340035768621492,0.94948164789098,0.8262402415275574,-0.666520184378868,-0.19209283763825624,hit,5.189709663391113,0.23479096591472626,0.0,10.0,False,-0.6674,10.12945,146.34956,117.76034,87.578,6.617,245.622,,1.5627
100406,1058851188282303732,easy,images/00100/0100406_ref.png,images/00100/0100406_search.png,321.0335,868.0178,321.1165618254416,867.9354178312585,0.1169875573393637,0.587899817538499,0.47091226019913524,0.4910166664076257,0.8566527962684631,0.08306182544157537,-0.08238216874144655,hit,4.204195022583008,0.2891882359981537,0.0,10.0,False,1.4003,10.00771,150.49269,155.87169,27.361,3.699,421.545,,0.974
139163,2311783193319015190,easy,images/00139/0139163_ref.png,images/00139/0139163_search.png,205.8743,240.0616,206.27191411327556,240.01742989152393,0.4000599724524944,0.3892169768548567,-0.010842995597637739,0.7318365436329185,0.7956765294075012,0.3976141132755515,-0.044170108476066616,hit,7.558952331542969,0.3849495053291321,0.0,10.0,False,-0.6443,9.75605,141.78081,105.76905,67.53,5.811,314.017,,0.2909
98256,492923157961876475,easy,images/00098/0098256_ref.png,images/00098/0098256_search.png,655.6844,457.1907,655.9040029833437,457.06275410050824,0.25415669082325404,0.324898363529227,0.07074167270597298,0.21487046642330196,0.9298285245895386,0.21960298334374784,-0.12794589949174906,hit,6.728057861328125,0.29188406467437744,0.0,10.0,False,-1.8973,9.95625,149.63269,125.20469,96.914,6.961,405.787,,0.0659
7137,2808637868536111498,medium,images/00007/0007137_ref.png,images/00007/0007137_search.png,667.2236,689.1182,667.1777617646943,689.0229328151038,0.10572123880277107,0.3231505066749205,0.21742926787214945,0.2643367041696326,0.871903121471405,-0.045838235305723174,-0.09526718489621544,hit,7.448672294616699,0.3161437511444092,0.0,10.0,False,3.1061,10.11258,140.25346,112.18408,44.309,4.707,256.239,,1.1157
63409,2775983051122425967,medium,images/00063/0063409_ref.png,images/00063/0063409_search.png,649.2498,499.371,649.6505109777285,499.33250073239157,0.4025561840022353,0.6155323153444832,0.21297613134224785,0.30719601476388575,0.8501092791557312,0.4007109777284086,-0.038499267608415266,hit,6.999489784240723,0.35121220350265503,0.0,10.0,False,1.3398,9.99763,118.87401,107.12048,97.002,6.964,268.894,,0.6888
118822,3199866145239110658,easy,images/00118/0118822_ref.png,images/00118/0118822_search.png,126.578,331.4967,126.77337417688315,331.286885863243,0.2866932872877159,0.5920696235391637,0.3053763362514478,0.3055704777301394,0.822421133518219,0.19537417688314918,-0.20981413675696103,hit,5.404033660888672,0.29552599787712097,0.0,10.0,False,0.4336,9.84794,91.8227,89.25375,42.104,4.588,353.014,,0.0391
124153,2892355023666155923,easy,images/00124/0124153_ref.png,images/00124/0124153_search.png,289.3362,663.2237,289.58952583213124,663.0806407561843,0.2909294149207145,0.29568264193375116,0.004753227013036654,0.22907802979878825,0.8777849078178406,0.2533258321312246,-0.14305924381574187,hit,1.0122623443603516,0.19828307628631592,0.0,10.0,False,-1.1608,10.01886,127.55638,127.02539,37.885,4.352,384.917,,1.3171
135476,974662562266812589,easy,images/00135/0135476_ref.png,images/00135/0135476_search.png,677.0321,398.5169,677.0549447999917,398.46985736516683,0.05229621763293235,0.21364644017001608,0.16135022253708373,0.18807001067471002,0.8193126320838928,0.022844799991730724,-0.04704263483318982,hit,7.906455039978027,0.3999203145503998,0.0,10.0,False,1.2043,9.92521,153.06693,128.74294,73.665,6.069,311.207,,0.552
139951,3209814757977172895,easy,images/00139/0139951_ref.png,images/00139/0139951_search.png,143.0234,687.8226,143.68098803798713,687.8799857360469,0.6600872293912441,0.44128436505313695,-0.21880286433810714,0.33860528180448524,0.8378742933273315,0.6575880379871251,0.057385736046967395,hit,8.65074634552002,0.25300365686416626,0.0,10.0,False,1.1668,10.00389,134.44234,102.88658,41.092,4.533,419.592,,0.815
72689,2987874106032503958,easy,images/00072/0072689_ref.png,images/00072/0072689_search.png,141.9299,145.0754,141.64658502231646,145.10153808513041,0.2845181471788972,0.08730348320845505,-0.19721466397044213,0.3586264695098929,0.9188252091407776,-0.2833149776835455,0.02613808513041249,hit,6.689587593078613,0.33600863814353943,0.0,10.0,False,-0.5158,10.06358,190.67341,144.60009,30.809,3.925,403.918,,0.0728
111760,2444253442392243759,easy,images/00111/0111760_ref.png,images/00111/0111760_search.png,492.1441,855.4211,491.87241731016724,855.4883409154576,0.27988001834058085,0.5333239029689845,0.2534438846284036,0.25538901226942307,0.8707450032234192,-0.271682689832744,0.06724091545754618,hit,4.237744331359863,0.21654319763183594,0.0,10.0,False,-1.5666,9.94315,86.86269,84.40344,108.161,7.354,361.136,,0.3987
22788,4073674888768154750,medium,images/00022/0022788_ref.png,images/00022/0022788_search.png,404.8297,594.2658,404.6489583937031,594.3533988444581,0.20085090439721093,0.15736216875277625,-0.04348873564443467,0.20416739665431152,0.8944537043571472,-0.1807416062969196,0.0875988444580571,hit,5.005584716796875,0.3552370071411133,0.0,10.0,False,1.753,9.96228,117.61906,90.53387,108.229,7.356,231.793,,0.7189
92985,3774343722261733829,easy,images/00092/0092985_ref.png,images/00092/0092985_search.png,666.9042,194.5374,666.7313160726063,194.45481172099454,0.19159769356682493,0.5317275066664516,0.3401298130996267,0.36772316488285794,0.6506442427635193,-0.17288392739362735,-0.0825882790054493,hit,5.083530426025391,0.316628634929657,0.0,10.0,False,0.1293,10.13715,121.33997,95.40129,28.606,3.782,345.628,,0.5917
46273,906831693246651928,medium,images/00046/0046273_ref.png,images/00046/0046273_search.png,354.4978,225.0631,353.2768957697933,224.9288129939823,1.2282671286498332,2.300026323560987,1.0717591949111536,1.1265923456031963,0.6998475193977356,-1.2209042302066564,-0.1342870060177006,near-miss,6.802990913391113,0.3183261454105377,0.0,10.0,False,-4.3766,10.14198,142.58657,126.76897,43.938,4.687,248.508,,1.0712
75830,118708816142486381,hard,images/00075/0075830_ref.png,images/00075/0075830_search.png,806.1802,492.7307,806.0932630667759,492.8645160273993,0.15957681394032788,0.16153511506748364,0.0019583011271557538,0.239121868044312,0.778656005859375,-0.08693693322413765,0.13381602739929122,hit,8.082255363464355,0.4398328959941864,0.0,10.0,False,0.3385,9.80934,117.88118,142.27759,40.53,4.502,,16.565,0.618
15935,322032165609491317,medium,images/00015/0015935_ref.png,images/00015/0015935_search.png,853.1562,459.6614,854.6109005746483,459.64806464288773,1.454761696509585,1.1979424519834179,-0.2568192445261672,0.2610046909572385,0.6096503734588623,1.4547005746483137,-0.013335357112282509,near-miss,7.3427734375,0.31598955392837524,0.0,10.0,False,1.3572,10.12463,120.40149,97.18328,28.474,3.773,183.235,,2.4497
45041,7110384495908765,easy,images/00045/0045041_ref.png,images/00045/0045041_search.png,652.533,762.7812,652.3563415536305,762.6437188065893,0.22385103353643696,0.3704687811357543,0.14661774759931737,0.2800083540481506,0.7210738062858582,-0.17665844636951533,-0.1374811934107356,hit,6.630576133728027,0.33686596155166626,0.0,10.0,False,2.0391,9.88629,73.91427,80.23094,56.588,5.319,315.06,,0.3435
138087,1262169568151221390,easy,images/00138/0138087_ref.png,images/00138/0138087_search.png,317.8683,131.8957,317.9766154730046,131.9004970811698,0.10842164765378577,0.1034017538355733,-0.0050198938182124675,0.20331387422964747,0.8937237858772278,0.10831547300460898,0.0047970811697837235,hit,6.690943717956543,0.3104645907878876,0.0,10.0,False,-2.0861,9.84465,147.99238,134.56799,92.659,6.807,362.073,,0.7444
116637,1063148742821453708,easy,images/00116/0116637_ref.png,images/00116/0116637_search.png,144.267,227.9454,144.3880701671528,227.87592082545183,0.1395899031817908,0.5548533713546948,0.41526346817290405,0.6580676989055315,0.7791804671287537,0.12107016715279428,-0.06947917454817798,hit,3.559528350830078,0.3097318112850189,0.0,10.0,False,0.1697,9.97926,67.38176,71.5031,38.231,4.372,406.583,,0.3614
127230,3984881580766965552,easy,images/00127/0127230_ref.png,images/00127/0127230_search.png,828.8575,201.0797,829.6426819812402,200.9894448311433,0.7903522880144975,1.023605848617497,0.2332535606029995,0.40733611491917426,0.812997579574585,0.7851819812402709,-0.09025516885671436,hit,4.809547424316406,0.3146439790725708,0.0,10.0,False,0.3467,10.15151,177.9787,165.83823,42.248,4.596,405.483,,0.5643
69036,1218841587469306124,easy,images/00069/0069036_ref.png,images/00069/0069036_search.png,412.0566,106.6607,412.0436945008801,106.5724488591321,0.08918977392067481,0.49421624385696544,0.40502646993629066,0.43642364510373494,0.8084730505943298,-0.01290549911988137,-0.08825114086791075,hit,7.0390625,0.2970588505268097,0.0,10.0,False,1.5417,10.09732,120.11276,101.12633,23.012,3.392,348.462,,0.3497
43116,2251991051641922543,medium,images/00043/0043116_ref.png,images/00043/0043116_search.png,480.0725,748.7582,479.46026201964725,748.8249852717327,0.6158698053215589,0.5614742035934164,-0.054395601728142506,1.088262721329407,0.8191338181495667,-0.6122379803527451,0.06678527173266957,hit,3.128840446472168,0.21455438435077667,0.0,10.0,False,-2.7581,10.1659,160.44698,128.47226,28.345,3.765,183.736,,2.2397
129400,998785952118561046,medium,images/00129/0129400_ref.png,images/00129/0129400_search.png,513.9572,182.1863,514.0548683310969,182.24475937292962,0.11382706700340929,1.0448771116252145,0.9310500446218052,1.1563479590116186,0.8687627911567688,0.09766833109699746,0.05845937292963299,hit,5.934176445007324,0.27083560824394226,0.0,10.0,False,2.2051,9.93034,170.01325,135.47657,96.569,6.949,254.624,,0.2574
64155,522535324644893597,easy,images/00064/0064155_ref.png,images/00064/0064155_search.png,742.6027,202.2074,742.583460294424,202.40104474490775,0.19459818473212656,0.13368138766931117,-0.06091679706281539,0.19925755090011799,0.8358393311500549,-0.019239705576069355,0.19364474490774342,hit,5.538866996765137,0.37671828269958496,0.0,10.0,False,-1.2865,9.85143,109.07224,112.22946,59.4,5.45,324.709,,0.1171
177241,2395735270929526513,hard,images/00177/0177241_ref.png,images/00177/0177241_search.png,767.246,754.736,407.9115053206317,618.5425153889405,384.27847235693525,386.7787492120971,2.5002768551618715,2.6598142947968224,0.7023237943649292,-359.3344946793683,-136.1934846110595,gross-miss,0.20709609985351562,0.02714654803276062,0.0,10.0,False,-1.0773,9.85584,115.88913,89.09204,22.147,3.328,,23.097,0.8173
73956,3967704987441265512,medium,images/00073/0073956_ref.png,images/00073/0073956_search.png,471.1787,404.4419,471.30336221749775,404.41843425414476,0.12685152620287984,0.0615572854532363,-0.06529424074964355,0.15379917752157787,0.8477372527122498,0.12466221749775741,-0.02346574585521921,hit,6.753813743591309,0.2668435573577881,0.0,10.0,False,-5.4149,9.95941,117.39145,104.44463,87.482,6.614,221.776,,0.4026
10924,4477259340984164265,medium,images/00010/0010924_ref.png,images/00010/0010924_search.png,164.6879,584.4879,165.4257381562695,584.2184092921507,0.7855128175047486,0.5028855541312159,-0.2826272633735326,0.2830238653123164,0.7471930980682373,0.7378381562694756,-0.2694907078492861,hit,3.655078887939453,0.30195486545562744,0.0,10.0,False,-0.9217,9.96297,148.15844,161.45452,41.308,4.545,234.271,,1.0294
7872,1090536255758527135,easy,images/00007/0007872_ref.png,images/00007/0007872_search.png,509.9088,372.9852,509.3979625193482,372.9797939196155,0.5108660855290643,0.33700821320440477,-0.17385787232465955,0.3073898469510511,0.8086200952529907,-0.5108374806517872,-0.00540608038454593,hit,6.757101058959961,0.4120524227619171,0.0,10.0,False,0.2607,9.97772,137.75212,110.55748,26.794,3.66,316.613,,1.017
78133,1614595147530258588,medium,images/00078/0078133_ref.png,images/00078/0078133_search.png,662.7035,387.2344,662.3635829408237,387.2158439393742,0.34042316975347386,0.10514047323177897,-0.2352826965216949,0.31091071339062926,0.7252245545387268,-0.3399170591762868,-0.018556060625769533,hit,7.2324113845825195,0.3053578734397888,0.0,10.0,False,1.1808,10.04571,117.93053,123.21741,31.124,3.945,205.487,,0.4369
80556,587048957315381906,easy,images/00080/0080556_ref.png,images/00080/0080556_search.png,873.3297,151.4613,873.0120877732663,151.54445957336407,0.32831850574223803,1.6569711170753445,1.3286526113331065,1.3349059042810447,0.7888950705528259,-0.3176122267336723,0.0831595733640711,hit,7.435721397399902,0.23475748300552368,0.0,10.0,False,-1.478,9.98289,167.7804,165.1473,25.086,3.542,364.934,,0.5815
146932,4469259770840972381,medium,images/00146/0146932_ref.png,images/00146/0146932_search.png,556.2852,328.0244,555.245633940694,328.0896708179825,1.041613110200309,1.2271416755783806,0.1855285653780716,0.1941134740314435,0.8603652715682983,-1.0395660593060256,0.06527081798247991,near-miss,4.429563522338867,0.29271554946899414,0.0,10.0,False,-0.251,10.0063,86.89052,95.94169,42.789,4.625,230.678,,0.6291
34627,155040580741301294,medium,images/00034/0034627_ref.png,images/00034/0034627_search.png,286.4493,718.485,286.51040939375616,718.4503816556505,0.07023380789012393,0.1696663518078745,0.09943254391775058,0.1370652967480473,0.6829209327697754,0.061109393756169084,-0.03461834434949651,hit,5.4895172119140625,0.32893186807632446,0.0,10.0,False,-2.51,10.23586,127.89554,147.11306,41.178,4.538,286.133,,0.4067
26060,610417900269395661,easy,images/00026/0026060_ref.png,images/00026/0026060_search.png,526.9401,872.0232,526.8852436402967,872.0570895257193,0.06448038580360599,0.16451357730725258,0.10003319150364659,0.12175741782770987,0.8760034441947937,-0.054856359703308044,0.03388952571935988,hit,6.72833251953125,0.26815876364707947,0.0,10.0,False,0.4622,9.95792,138.83468,158.49169,46.668,4.831,351.975,,1.9508
65732,154934991726119407,hard,images/00065/0065732_ref.png,images/00065/0065732_search.png,390.2158,779.7071,387.5853193442098,779.6746569378879,2.6306807166141932,3.307506670230363,0.6768259536161696,0.6779785450694527,0.7235435247421265,-2.6304806557902225,-0.03244306211206549,near-miss,6.360891342163086,0.2521555721759796,0.0,10.0,False,-0.939,9.9546,101.22733,82.217,66.026,5.746,,24.845,2.6925
109507,4280472710181509360,easy,images/00109/0109507_ref.png,images/00109/0109507_search.png,339.6586,244.6621,340.2641375347223,244.72396817760472,0.6086898860320483,0.7622306240011784,0.15354073796913004,0.1676510130018432,0.6466565728187561,0.6055375347223162,0.06186817760470831,hit,6.740182876586914,0.37742605805397034,0.0,10.0,False,0.3905,10.13868,65.72332,71.56852,68.125,5.836,417.405,,0.6463
48084,3369486354186397878,medium,images/00048/0048084_ref.png,images/00048/0048084_search.png,339.1218,180.5556,339.350330313679,180.57125839549573,0.22906612499392043,0.899483086341575,0.6704169613476546,1.0804102341221127,0.837006688117981,0.22853031367901622,0.015658395495734112,hit,4.050122261047363,0.29464948177337646,0.0,10.0,False,-2.1523,10.10374,143.60812,128.63805,85.799,6.55,215.966,,0.1073
95641,4036727328056796988,medium,images/00095/0095641_ref.png,images/00095/0095641_search.png,621.4232,154.6845,621.2463040484745,154.51799607638083,0.24293154230499756,0.6259384950076389,0.3830069527026413,0.41587983815562746,0.7287085652351379,-0.17689595152546644,-0.16650392361918875,hit,3.796222686767578,0.3028756082057953,0.0,10.0,False,-1.4488,9.99376,126.87529,125.1167,29.621,3.848,274.816,,0.3279
123996,3842071111235437717,easy,images/00123/0123996_ref.png,images/00123/0123996_search.png,201.8004,529.2614,201.8400118404559,529.1093528900988,0.15712231392649878,0.28193745780239904,0.12481514387590026,0.3205819123378611,0.9037088751792908,0.03961184045590471,-0.1520471099012184,hit,1.4980649948120117,0.22727659344673157,0.0,10.0,False,-1.4844,10.03403,152.5431,134.68628,70.982,5.957,349.775,,0.8153
115340,3570583046434930637,easy,images/00115/0115340_ref.png,images/00115/0115340_search.png,397.3366,329.3632,397.1119182840469,329.50881887699427,0.26774377830434326,0.23094140144217123,-0.036802376862172026,0.16447117843845,0.7927038073539734,-0.22468171595306785,0.1456188769942628,hit,5.425163269042969,0.37722307443618774,0.0,10.0,False,2.6528,9.99198,79.35768,79.34165,31.952,3.997,404.574,,0.3966
124220,7650363626003310,easy,images/00124/0124220_ref.png,images/00124/0124220_search.png,386.264,749.1158,387.0024650940825,749.2598763371278,0.7523886536215126,0.5421613301019481,-0.21022732351956452,0.5723462683343725,0.8323511481285095,0.7384650940824713,0.14407633712778534,hit,8.006691932678223,0.45150670409202576,0.0,10.0,False,0.1946,10.14027,79.49876,102.68062,109.97,7.415,348.583,,0.6631
42596,4201356190506948102,medium,images/00042/0042596_ref.png,images/00042/0042596_search.png,808.0367,491.4807,807.81381484268,491.5107445367718,0.22490101721287195,0.37325082428736533,0.14834980707449338,0.22799543724775592,0.7707206010818481,-0.22288515731997904,0.03004453677181118,hit,6.130430221557617,0.25507399439811707,0.0,10.0,False,-0.0779,10.20604,110.19759,141.4398,25.149,3.546,264.979,,0.9228
65251,3626484934106468687,medium,images/00065/0065251_ref.png,images/00065/0065251_search.png,127.6773,354.7403,128.49597453687863,354.7096753867309,0.8192471325987802,0.6709381182043569,-0.14830901439442334,0.48341768120398687,0.8849001526832581,0.8186745368786319,-0.030624613269083056,hit,5.290834426879883,0.31034335494041443,0.0,10.0,False,-0.7009,9.81217,211.86139,164.89825,86.254,6.567,209.723,,0.6115
2443,1892894146765889113,easy,images/00002/0002443_ref.png,images/00002/0002443_search.png,781.3819,130.7789,781.6654473258953,130.73772823350475,0.2865208550502974,0.7701647470965362,0.48364389204623875,0.5112961394301586,0.9211832880973816,0.2835473258953698,-0.041171766495239126,hit,3.6795854568481445,0.31440645456314087,0.0,10.0,False,-0.5476,10.15568,158.92421,124.57289,71.64,5.985,407.466,,0.2106
52992,3231267482968387126,medium,images/00052/0052992_ref.png,images/00052/0052992_search.png,854.7844,675.3303,854.219588380941,675.5030247860749,0.5906318792180906,0.3320389252702767,-0.2585929539478139,0.3838181777224144,0.6469839215278625,-0.5648116190590144,0.17272478607492303,hit,7.898797988891602,0.292412132024765,0.0,10.0,False,3.9561,9.89795,95.64461,84.57669,84.121,6.485,228.072,,1.0426
63120,2238588091303945106,easy,images/00063/0063120_ref.png,images/00063/0063120_search.png,578.5874,744.4085,578.5815785001889,744.5647206678383,0.15632909812280535,0.4144481802480434,0.25811908212523804,0.2639510892879718,0.8470818996429443,-0.005821499811077047,0.1562206678382836,hit,2.878469467163086,0.31280162930488586,0.0,10.0,False,-1.4902,9.80766,92.84508,81.03825,44.078,4.695,332.597,,0.4116
91120,3025723679772848905,medium,images/00091/0091120_ref.png,images/00091/0091120_search.png,687.9695,257.4599,687.703759048569,257.5826840930549,0.29273569439814423,0.4752794728277963,0.18254377842965208,0.2131480145010655,0.6357623934745789,-0.26574095143098475,0.12278409305491778,hit,7.255743026733398,0.3197328746318817,0.0,10.0,False,0.7196,9.90226,76.34432,74.49686,34.367,4.145,208.739,,0.7093
117249,792959092223540053,medium,images/00117/0117249_ref.png,images/00117/0117249_search.png,433.1282,755.6822,433.3152428235513,755.7125149088857,0.1894835389757855,0.15853577295207172,-0.03094776602371377,0.17207388117042882,0.8827766180038452,0.18704282355128043,0.03031490888577082,hit,4.8312273025512695,0.23576101660728455,0.0,10.0,False,-2.5864,10.14603,146.27909,126.16849,80.23,6.334,276.826,,0.3083
84911,1344682451683239455,easy,images/00084/0084911_ref.png,images/00084/0084911_search.png,794.211,531.7583,794.2999267737288,531.7383071278397,0.09114650856189369,0.08367171776705093,-0.007474790794842756,0.037031272852642336,0.7969785928726196,0.08892677372875823,-0.019992872160287334,hit,8.530440330505371,0.35360291600227356,0.0,10.0,False,-0.1901,10.02413,71.10961,90.03508,30.278,3.891,301.45,,0.8308
106380,1089248654056540509,easy,images/00106/0106380_ref.png,images/00106/0106380_search.png,623.2026,206.029,623.0496944869898,206.07383355101177,0.15934284798895962,0.4762219317886003,0.3168790837996407,0.41002847609415377,0.830847442150116,-0.1529055130101824,0.04483355101177722,hit,8.928167343139648,0.37143269181251526,0.0,10.0,False,-1.432,9.85807,158.1953,130.03926,90.151,6.714,409.844,,0.7172
136119,1136697014971857054,medium,images/00136/0136119_ref.png,images/00136/0136119_search.png,481.346,491.4387,481.1625143359134,491.376851971602,0.1936289429347467,0.2236474565585418,0.030018513623795096,0.1371476085419132,0.8044872283935547,-0.18348566408661782,-0.06184802839800341,hit,7.786722183227539,0.31012603640556335,0.0,10.0,False,-1.8246,9.95046,101.53914,126.28071,56.108,5.297,224.578,,0.1298
147743,521540812416103452,medium,images/00147/0147743_ref.png,images/00147/0147743_search.png,732.2172,179.9812,731.8606690055999,179.99284552390895,0.35672113505520053,1.082083119512945,0.7253619844577445,0.7253984547859943,0.8085253834724426,-0.3565309944001456,0.011645523908953237,hit,5.33595085144043,0.27556678652763367,0.0,10.0,False,-0.7288,9.94614,88.30575,100.01375,95.5,6.91,227.107,,0.8422
84363,3012795607700563987,medium,images/00084/0084363_ref.png,images/00084/0084363_search.png,512.5931,542.3235,512.3238497952834,542.4158185856725,0.2846373025457426,0.8144280358390272,0.5297907332932846,1.0302804663496998,0.7865657806396484,-0.2692502047166272,0.09231858567250129,hit,7.916109561920166,0.34809181094169617,0.0,10.0,False,0.0488,10.01861,127.74065,111.14913,32.108,4.007,252.502,,0.091
50570,1901700307800685306,medium,images/00050/0050570_ref.png,images/00050/0050570_search.png,376.9269,309.9957,376.76932752144796,310.0313711101646,0.1615596301599069,0.7547388350964672,0.5931792049365603,0.9153296868543124,0.810383141040802,-0.1575724785520265,0.03567111016462832,hit,4.53681755065918,0.22879022359848022,0.0,10.0,False,2.0915,9.99628,78.26297,76.7565,22.49,3.353,275.206,,0.4479
4377,1694948805998410387,medium,images/00004/0004377_ref.png,images/00004/0004377_search.png,562.958,160.4704,563.1320159709694,160.44848480414748,0.17539051844866088,0.5304196499466041,0.3550291314979432,0.40454241913590955,0.734357476234436,0.17401597096943533,-0.021915195852528768,hit,3.8209667205810547,0.23720458149909973,0.0,10.0,False,0.4549,9.94718,78.57962,76.46591,66.53,5.768,197.498,,0.3321
6645,1061586642748674730,easy,images/00006/0006645_ref.png,images/00006/0006645_search.png,172.5183,595.8803,172.24305481456895,595.7493741059125,0.304797476770409,0.19220099055943332,-0.1125964862109757,0.2799110590722063,0.7102833986282349,-0.2752451854310607,-0.13092589408756794,hit,5.441346168518066,0.2840503752231598,0.0,10.0,False,0.8611,9.85289,98.60114,113.04414,39.102,4.422,317.26,,0.0914
89858,4599261853640331092,medium,images/00089/0089858_ref.png,images/00089/0089858_search.png,216.5297,264.7447,216.2885167264007,264.72588683112696,0.24191590850358852,0.3424947793518472,0.10057887084825867,0.1257864451245471,0.8766273856163025,-0.24118327359929026,-0.018813168873066388,hit,3.9906530380249023,0.3530753552913666,0.0,10.0,False,1.2136,9.90012,182.60636,156.35523,83.058,6.444,223.848,,0.7568
64885,1994515851958422786,easy,images/00064/0064885_ref.png,images/00064/0064885_search.png,763.7394,170.7408,764.1943331331227,170.46897882979388,0.5299536811693827,0.24231950962882945,-0.28763417154055326,0.36578062485697843,0.8317169547080994,0.4549331331226085,-0.27182117020612395,hit,5.7369384765625,0.28402990102767944,0.0,10.0,False,1.1233,9.76042,132.83751,148.5343,57.752,5.374,310.757,,0.0626
116344,131750074900184994,easy,images/00116/0116344_ref.png,images/00116/0116344_search.png,451.3976,182.4223,451.4080116578216,182.49046560748351,0.06895616478741581,0.32698784464985237,0.2580316798624366,0.33059992903625013,0.8165275454521179,0.010411657821578046,0.06816560748350753,hit,5.178959846496582,0.249471053481102,0.0,10.0,False,-1.2445,10.19978,66.94461,88.30772,55.13,5.25,331.928,,0.1514
20066,2352724878812324983,easy,images/00020/0020066_ref.png,images/00020/0020066_search.png,319.5632,392.9408,319.1917931621358,392.9875354392031,0.3743357323176319,0.5864393579590039,0.21210362564137203,0.2497295970855618,0.7792719602584839,-0.3714068378641855,0.04673543920307566,hit,7.192544937133789,0.2918475270271301,0.0,10.0,False,-1.0712,10.17321,98.36022,94.57111,24.816,3.522,352.603,,0.6419
6735,202308424758334673,easy,images/00006/0006735_ref.png,images/00006/0006735_search.png,640.6977,391.8541,641.4744057044194,391.8777898794072,0.7770668965178297,0.3976416456958785,-0.37942525082195117,0.49651464107178694,0.794874906539917,0.776705704419328,0.023689879407186254,hit,6.067892074584961,0.35288310050964355,0.0,10.0,False,-1.492,10.00147,72.81849,95.98531,39.432,4.44,403.55,,1.1069
121583,3964884936013924630,medium,images/00121/0121583_ref.png,images/00121/0121583_search.png,570.6892,249.4399,570.1776558072755,249.55391131970995,0.5240954513561124,1.3533753632599017,0.8292799119037894,0.8308795520867492,0.6047801375389099,-0.5115441927245001,0.11401131970995948,hit,3.8357934951782227,0.24119356274604797,0.0,10.0,False,3.0958,10.14306,194.80319,152.90708,24.826,3.523,215.585,,1.5486
63853,450105116508881709,medium,images/00063/0063853_ref.png,images/00063/0063853_search.png,297.0523,690.0567,297.3505395696373,689.8205038083167,0.3804411674137106,0.7430372394959176,0.362596072082207,0.991883760401382,0.8698214292526245,0.29823956963730325,-0.23619619168323425,hit,5.473052024841309,0.3342294991016388,0.0,10.0,False,0.905,9.90248,105.20007,121.89906,26.219,3.621,224.397,,1.8228
75443,2541380664005623940,hard,images/00075/0075443_ref.png,images/00075/0075443_search.png,206.2444,250.4594,206.61682829040348,250.42288987640964,0.374213602929434,0.8596453735364276,0.48543177060699355,0.6997503194681128,0.9122808575630188,0.37242829040346237,-0.036510123590346666,hit,4.721329689025879,0.28016239404678345,0.0,10.0,False,0.5288,10.06387,187.6258,160.48151,53.781,5.186,,15.416,0.1215
172835,3483273710874543300,hard,images/00172/0172835_ref.png,images/00172/0172835_search.png,678.0115,456.179,678.2458592591129,456.2433984776293,0.24304614017286935,0.18680357151965443,-0.05624256865321492,0.19116132501886762,0.8798792958259583,0.23435925911292088,0.06439847762931095,hit,1.1105632781982422,0.013552244752645493,0.0,10.0,False,-0.8373,9.94825,159.43845,141.73944,47.953,4.897,,25.398,0.9013
24608,1588463311382641315,medium,images/00024/0024608_ref.png,images/00024/0024608_search.png,851.51,203.3545,852.1162580079276,203.41992846963467,0.6097783669622268,0.7921430006296425,0.18236463366741573,0.5390303292185915,0.900946319103241,0.6062580079276358,0.06542846963466786,hit,1.662942886352539,0.1421908587217331,0.0,10.0,False,0.9908,9.93964,203.47051,154.55289,79.559,6.307,280.786,,0.8587
84667,4608464857890163879,easy,images/00084/0084667_ref.png,images/00084/0084667_search.png,714.4213,430.7135,712.5582836329269,430.79759458345916,1.8649133714329527,1.1963270380212936,-0.6685863334116591,0.6782911864197658,0.8621044158935547,-1.8630163670731008,0.084094583459148,near-miss,5.851130485534668,0.31774747371673584,0.0,10.0,False,0.5669,10.00106,187.29883,161.31103,40.573,4.504,427.55,,1.8774
80608,85440711894179075,easy,images/00080/0080608_ref.png,images/00080/0080608_search.png,530.8298,217.7378,530.6230340245166,217.71833649767618,0.2076800340434405,0.2937849681990538,0.08610493415561332,0.49545530211291583,0.8091195225715637,-0.20676597548333575,-0.01946350232381633,hit,7.8345489501953125,0.3263111114501953,0.0,10.0,False,0.0426,10.12568,116.22365,103.90816,31.088,3.943,385.895,,0.4267
40495,1938025993587232539,medium,images/00040/0040495_ref.png,images/00040/0040495_search.png,155.3354,598.8225,154.46299129059275,598.8488815164663,0.8728075049291618,0.9166871334004614,0.04387962847129956,0.1012163818605795,0.7499418258666992,-0.8724087094072388,0.026381516466358335,hit,6.278166770935059,0.3223462998867035,0.0,10.0,False,-0.3789,9.99042,83.49843,83.2077,41.915,4.578,257.568,,2.5182
144165,1240186164827621218,easy,images/00144/0144165_ref.png,images/00144/0144165_search.png,797.2805,785.5752,797.0210434078617,785.7032282350011,0.28932499401449907,0.5117181119071245,0.2223931178926254,0.6929517797516859,0.7736546397209167,-0.25945659213823546,0.1280282350011248,hit,7.546293258666992,0.3758297860622406,0.0,10.0,False,1.3664,10.17339,155.55337,127.23243,48.478,4.923,408.49,,0.462
65167,4113101992262653448,medium,images/00065/0065167_ref.png,images/00065/0065167_search.png,530.8302,828.5,530.3792838813044,828.5309832232666,0.45197932057058104,0.24920196344293224,-0.2027773571276488,0.3262092099114912,0.853803277015686,-0.45091611869554526,0.030983223266616733,hit,0.6579990386962891,0.21476612985134125,0.0,10.0,False,0.2873,10.12096,136.22071,146.82008,52.873,5.142,289.832,,0.5412
145331,4322943536503472963,easy,images/00145/0145331_ref.png,images/00145/0145331_search.png,133.9638,884.637,133.78727568138567,884.6435937986619,0.17664742636972183,0.11927233345519093,-0.0573750929145309,0.20721255467710462,0.8814705014228821,-0.1765243186143266,0.006593798661924666,hit,5.329343795776367,0.3517338037490845,0.0,10.0,False,-1.1665,9.94938,156.64665,125.10559,54.735,5.231,427.045,,0.7128
58864,2466451818656674151,medium,images/00058/0058864_ref.png,images/00058/0058864_search.png,451.4465,291.3369,450.56394606636087,291.39120324600424,0.8842229856255279,0.5108796842937162,-0.3733433013318117,0.7086630090989933,0.7773705124855042,-0.8825539336391444,0.05430324600422409,hit,6.226485252380371,0.23176732659339905,0.0,10.0,False,-0.4138,9.89861,112.95451,104.23307,25.324,3.558,253.203,,0.6164
132424,4127386333320082932,easy,images/00132/0132424_ref.png,images/00132/0132424_search.png,414.7624,456.8706,415.27898959407906,456.9864747150191,0.529425876106851,0.2647641835039659,-0.2646616926028851,0.3707092556868876,0.8148525953292847,0.5165895940790506,0.11587471501906066,hit,6.020007133483887,0.2756018340587616,0.0,10.0,False,-1.5837,9.90328,196.95452,162.64658,29.928,3.868,405.504,,0.862
14516,4248046971657109733,easy,images/00014/0014516_ref.png,images/00014/0014516_search.png,674.8342,591.4479,674.8178498336234,591.329843175551,0.11918364711455622,0.4616320836684752,0.342448436553919,0.4614557445604667,0.8537325859069824,-0.01635016637658282,-0.11805682444901322,hit,4.754352569580078,0.2751902639865875,0.0,10.0,False,0.4863,10.05714,144.90987,118.00046,62.799,5.604,301.98,,0.6537
88023,786019456296368415,easy,images/00088/0088023_ref.png,images/00088/0088023_search.png,379.7877,198.4682,377.19745636365985,198.36650808835455,2.5922390592872775,2.7564083257171084,0.16416926642983087,0.2529868267911606,0.7710481286048889,-2.5902436363401193,-0.101691911645446,near-miss,7.509145736694336,0.4604646563529968,0.0,10.0,False,0.4563,9.91757,101.87573,117.18287,54.594,5.225,385.885,,3.1961
2486,1271905249552350437,easy,images/00002/0002486_ref.png,images/00002/0002486_search.png,187.5443,725.6497,187.54734600737655,725.7941009019678,0.14443302479016204,0.19711054796850302,0.052677523178340985,0.29283339703562744,0.7835038900375366,0.0030460073765539164,0.14440090196774236,hit,3.9536962509155273,0.3060086667537689,0.0,10.0,False,-3.2204,10.08277,73.81878,73.76946,35.081,4.188,346.16,,0.5952
3530,2776891112713650517,easy,images/00003/0003530_ref.png,images/00003/0003530_search.png,370.9798,520.5447,371.14378325964174,520.7147369585035,0.23622674848509898,0.6077898227182927,0.3715630742331938,0.37638582461125053,0.8436996340751648,0.163983259641725,0.17003695850348777,hit,2.2779340744018555,0.23894980549812317,0.0,10.0,False,0.3053,10.14065,125.47509,129.28866,109.496,7.399,329.784,,0.2149
44720,131651961595793462,easy,images/00044/0044720_ref.png,images/00044/0044720_search.png,884.3918,364.2646,884.5010207808558,364.1632918567683,0.14897153706599556,1.3155509669373326,1.166579429871337,1.1729385922224205,0.8519933819770813,0.10922078085582143,-0.1013081432316767,hit,5.460867881774902,0.29034003615379333,0.0,10.0,False,-0.6989,9.97109,173.52122,156.43472,55.955,5.289,372.519,,0.6576
96926,1964236983298907949,hard,images/00096/0096926_ref.png,images/00096/0096926_search.png,304.6653,847.956,304.23464654403057,847.7585778194696,0.47374879050380264,0.7231957474945526,0.24944695699074998,0.28944325814444277,0.7755041122436523,-0.43065345596943416,-0.19742218053045235,hit,2.4699201583862305,0.10164646804332733,0.0,10.0,False,0.8307,9.95879,138.09757,130.10505,62.006,5.568,,15.717,1.514
57627,1937332990622133709,easy,images/00057/0057627_ref.png,images/00057/0057627_search.png,155.794,152.7075,155.78040197170128,152.74515972158437,0.04003949304654985,0.4716433634941239,0.43160387044757403,0.47058705325159533,0.7407206892967224,-0.013598028298730469,0.037659721584361705,hit,8.648682594299316,0.3023231625556946,0.0,10.0,False,0.2816,10.07262,108.39393,101.40521,73.102,6.046,325.362,,0.056
52241,4347086675264735654,medium,images/00052/0052241_ref.png,images/00052/0052241_search.png,583.8614,750.4161,583.6255134709093,750.4331949343373,0.23650516143728367,0.25045631291500126,0.013951151477717583,0.12188359073382556,0.8521244525909424,-0.2358865290907488,0.01709493433725129,hit,6.985962867736816,0.3071046471595764,0.0,10.0,False,-1.4635,9.9047,130.34907,127.94874,89.952,6.706,237.259,,0.5182
75635,4130172866356500042,easy,images/00075/0075635_ref.png,images/00075/0075635_search.png,308.4237,127.3338,308.279650754857,127.30307252301371,0.14729006371172904,0.7917165241938663,0.6444264604821373,0.6519761236164116,0.7814987301826477,-0.14404924514298045,-0.03072747698628575,hit,5.4860429763793945,0.22213828563690186,0.0,10.0,False,0.1118,9.94239,97.50465,93.51064,44.329,4.708,371.913,,0.6158
54508,4552532150109359997,easy,images/00054/0054508_ref.png,images/00054/0054508_search.png,357.4045,675.0128,355.2407933315652,675.005016743134,2.1637206673035534,1.6164505228410735,-0.5472701444624799,0.6519338239547786,0.5905726552009583,-2.16370666843477,-0.007783256865991461,near-miss,6.525671005249023,0.27335700392723083,0.0,10.0,False,2.809,10.10801,98.818,98.78907,24.459,3.497,301.588,,2.1439
60070,1965029887318521831,medium,images/00060/0060070_ref.png,images/00060/0060070_search.png,635.8773,848.0415,636.9113173100401,848.0529030916896,1.0340801844937568,0.8652750742969909,-0.16880511019676592,0.4855715836839574,0.6667948365211487,1.034017310040099,0.011403091689544453,near-miss,5.309006690979004,0.3621966540813446,0.0,10.0,False,-1.3834,10.13882,76.11987,80.52908,31.856,3.991,228.422,,0.1479
137060,1920646007300084413,easy,images/00137/0137060_ref.png,images/00137/0137060_search.png,480.3887,664.5173,480.1015746958092,664.6154329247635,0.30343205372750803,0.5439886888252946,0.24055663509778658,0.399080920114454,0.7847755551338196,-0.28712530419079485,0.09813292476349034,hit,6.742450714111328,0.3310939073562622,0.0,10.0,False,-0.214,9.95828,110.62449,107.88463,34.975,4.182,300.651,,0.4329
110720,3363245937827835341,medium,images/00110/0110720_ref.png,images/00110/0110720_search.png,148.4024,304.2202,150.84683927848877,304.32773250387726,2.4468033483728986,1.5746828245641034,-0.8721205238087952,0.8820203548649656,0.7472068667411804,2.4444392784887725,0.1075325038772803,near-miss,3.0636987686157227,0.19210901856422424,0.0,10.0,False,1.4409,10.01393,91.27339,81.25928,48.385,4.919,171.742,,2.1089
126630,2442654783453842501,easy,images/00126/0126630_ref.png,images/00126/0126630_search.png,376.0813,526.5065,376.699015403308,526.5651991796367,0.6204981169786131,0.12881598959596405,-0.49168212738264905,0.6044090250672648,0.7730012536048889,0.6177154033080114,0.05869917963673288,hit,2.241227149963379,0.2767651081085205,0.0,10.0,False,1.1286,9.87282,66.82172,77.5236,43.142,4.644,354.14,,0.6315
16810,1784662997823881105,medium,images/00016/0016810_ref.png,images/00016/0016810_search.png,245.747,292.036,246.0444503523993,292.004941726458,0.29906743135599656,0.9379822567721611,0.6389148254161645,0.843036164468857,0.8837388753890991,0.29745035239929507,-0.03105827354198709,hit,5.4354095458984375,0.23671485483646393,0.0,10.0,False,0.9511,10.02351,173.41762,165.43761,52.326,5.115,170.327,,0.6471
58639,3591953891014470433,easy,images/00058/0058639_ref.png,images/00058/0058639_search.png,749.8084,393.1136,748.5548733190614,393.01532356025876,1.2573732136614335,0.5155441412767795,-0.741829072384654,0.7429427090218789,0.7961499691009521,-1.2535266809386485,-0.09827643974125522,near-miss,4.873343467712402,0.36186692118644714,0.0,10.0,False,-0.0222,10.10523,106.88725,103.11075,28.089,3.748,406.263,,1.6429
11340,2567182062171601019,easy,images/00011/0011340_ref.png,images/00011/0011340_search.png,151.3689,515.6889,151.5566813832908,515.5911172139866,0.21171518875870973,0.795146855797553,0.5834316670388432,0.5917917445267304,0.8226369619369507,0.18778138329079752,-0.09778278601334023,hit,5.2342681884765625,0.2542661428451538,0.0,10.0,False,-3.4873,9.95761,82.3267,92.14206,77.809,6.237,414.015,,0.548
103196,4255654104045768552,easy,images/00103/0103196_ref.png,images/00103/0103196_search.png,163.6505,831.8531,163.49207959776993,831.8704995082264,0.15937304266799784,1.7384033716227356,1.5790303289547378,1.7016734858517313,0.8142948746681213,-0.15842040223006393,0.017399508226390026,hit,5.675112724304199,0.16354216635227203,0.0,10.0,False,-0.6716,10.15595,167.64183,129.63568,30.89,3.93,312.305,,0.6359
20609,4331358414435192842,easy,images/00020/0020609_ref.png,images/00020/0020609_search.png,633.0016,866.4267,632.3369996588598,866.2236697877694,0.6949207728382916,1.1512583723923642,0.4563375995540726,0.4563440904851728,0.8089221715927124,-0.6646003411402717,-0.20303021223060114,hit,7.324841499328613,0.30501818656921387,0.0,10.0,False,-0.4089,9.83565,90.5598,104.01717,70.001,5.916,370.107,,0.3557
87774,1730328283573998222,easy,images/00087/0087774_ref.png,images/00087/0087774_search.png,606.9815,885.3185,606.7934585766423,885.2563308075443,0.19805197648343967,0.5253610416120961,0.32730906512865643,0.4587664368264106,0.7136191129684448,-0.18804142335773122,-0.06216919245571262,hit,6.700586318969727,0.43913230299949646,0.0,10.0,False,-0.8489,10.03945,57.53936,70.88984,57.944,5.383,309.48,,0.6776
30719,1296061203697864073,hard,images/00030/0030719_ref.png,images/00030/0030719_search.png,850.9778,754.2165,850.8036706595311,754.221049971011,0.1741887753224303,0.32464630888219037,0.15045753355976008,0.22438634173820388,0.8815432786941528,-0.1741293404688804,0.004549971010987974,hit,5.073173522949219,0.3690478801727295,0.0,10.0,False,-1.2601,10.13918,111.65391,113.12046,55.837,5.284,,30.19,0.9299
123255,3765861991211705479,medium,images/00123/0123255_ref.png,images/00123/0123255_search.png,603.4776,772.8019,603.355130087594,772.9861553184775,0.22124398710915383,0.26439090597807646,0.043146918868922635,0.34579413588368296,0.7923386693000793,-0.12246991240601801,0.18425531847742604,hit,3.541689872741699,0.24316585063934326,0.0,10.0,False,-0.8885,10.00079,186.92445,163.05281,26.732,3.656,251.136,,0.8273
137546,3477782220530785985,medium,images/00137/0137546_ref.png,images/00137/0137546_search.png,684.765,734.6508,684.6979354639464,734.5020155771671,0.16320066321500704,0.2626740505435725,0.09947338732856548,0.11774635044055182,0.7556016445159912,-0.06706453605363549,-0.14878442283293225,hit,5.517703056335449,0.351481556892395,0.0,10.0,False,5.2208,10.0195,109.50494,134.55841,35.217,4.196,246.561,,1.0951
56753,103712732768272878,easy,images/00056/0056753_ref.png,images/00056/0056753_search.png,218.8317,850.6435,218.92902612670798,850.5737367361744,0.1197467658000786,0.5370463734593913,0.41729960765931273,0.6341098869276428,0.7265220880508423,0.09732612670796925,-0.06976326382562092,hit,8.313989639282227,0.3535253703594208,0.0,10.0,False,-2.0087,10.20933,127.68267,127.66537,35.416,4.208,340.646,,0.9063
43801,3423461533625030605,easy,images/00043/0043801_ref.png,images/00043/0043801_search.png,663.7725,159.3465,664.1965282565001,159.3451040254709,0.42403055438888726,0.852209995036941,0.4281794406480537,0.6855247589526968,0.7476698160171509,0.42402825650003706,-0.0013959745290890169,hit,2.106180191040039,0.27108702063560486,0.0,10.0,False,0.231,10.06677,124.4001,110.72149,24.381,3.492,368.103,,0.3319
99752,1925985346667369817,medium,images/00099/0099752_ref.png,images/00099/0099752_search.png,578.5694,484.7512,579.4833908387134,485.1223589045429,0.986477666079442,0.16477256621509337,-0.8217050998643486,0.8231214556689791,0.8520897626876831,0.9139908387134028,0.37115890454293776,hit,5.3106584548950195,0.3470765948295593,0.0,10.0,False,-2.0684,9.91293,146.37989,109.43005,108.541,7.367,262.424,,0.4776
22953,617866037862691719,hard,images/00022/0022953_ref.png,images/00022/0022953_search.png,746.4545,400.5097,746.3707120888572,400.3277825530343,0.2002857248138392,0.6988577283557011,0.49857200354186193,0.6487711172934644,0.7400240898132324,-0.08378791114284923,-0.18191744696571277,hit,6.386273384094238,0.37443971633911133,0.0,10.0,False,-0.9145,9.84824,148.46272,119.33367,26.108,3.613,,27.034,0.2503
120053,4021081567521059836,easy,images/00120/0120053_ref.png,images/00120/0120053_search.png,756.8403,748.8098,756.854257463603,748.7351586510151,0.0759351155165374,0.2301591825110811,0.15422406699454372,0.23366603432740463,0.9261876344680786,0.013957463602991993,-0.07464134898486918,hit,5.915781021118164,0.38394638895988464,0.0,10.0,False,0.2024,10.03382,112.17078,111.17415,74.454,6.101,414.249,,0.4225
57071,3848364997556594969,easy,images/00057/0057071_ref.png,images/00057/0057071_search.png,152.6482,788.5351,152.43426220546442,788.4935409035284,0.21793700564679921,0.7766493278356471,0.5587123221888479,0.6564135104027738,0.7746564149856567,-0.21393779453558182,-0.041559096471701196,hit,6.144720077514648,0.30173251032829285,0.0,10.0,False,-0.8607,10.3475,133.10241,108.82976,61.738,5.556,331.453,,0.8836
59009,434591320391006442,easy,images/00059/0059009_ref.png,images/00059/0059009_search.png,668.5718,114.2507,668.927217128243,114.28316857617828,0.3568971049021124,0.8700769559181954,0.513179851016083,0.5983374578872942,0.8406732082366943,0.3554171282429479,0.0324685761782888,hit,7.011343002319336,0.3302525579929352,0.0,10.0,False,-1.3688,10.0043,157.60902,154.42904,90.443,6.725,379.464,,0.2373
35878,414128227122766792,easy,images/00035/0035878_ref.png,images/00035/0035878_search.png,794.2222,488.9465,794.476353144731,489.01015742329895,0.26200398569045374,0.1960940032282315,-0.06590998246222224,0.385681823600904,0.7954620718955994,0.2541531447309353,0.06365742329893465,hit,7.623514175415039,0.40610650181770325,0.0,10.0,False,-0.9412,10.11555,128.65364,102.66368,38.691,4.398,362.458,,0.7625
28652,2469502367323166212,medium,images/00028/0028652_ref.png,images/00028/0028652_search.png,802.739,378.545,802.7486666681049,378.4361623410654,0.10926609938407829,0.4953683819585935,0.38610228257451523,0.6031491973184292,0.8085142374038696,0.009666668104841847,-0.10883765893458985,hit,4.327814102172852,0.24630756676197052,0.0,10.0,False,-0.7626,10.15859,158.69067,142.22038,28.139,3.751,299.136,,0.278
97107,377439160139414587,easy,images/00097/0097107_ref.png,images/00097/0097107_search.png,680.0496,304.4083,680.8625541581041,304.4180517303436,0.8130126440734836,0.45848594217097827,-0.35452670190250535,0.4853822752334993,0.7529637813568115,0.8129541581040485,0.009751730343623422,hit,4.721927642822266,0.31961071491241455,0.0,10.0,False,1.492,10.03685,168.19197,134.58028,28.709,3.789,350.953,,0.2392
78131,2824579855669788096,medium,images/00078/0078131_ref.png,images/00078/0078131_search.png,638.0004,483.6482,588.6117823123932,359.863408859526,133.27381616350362,136.31115645187356,3.0373402883699328,3.6374957141212585,0.43444332480430603,-49.388617687606825,-123.784791140474,periodic-lock,0.7779855728149414,0.19780589640140533,0.0,10.0,False,-3.9602,9.89867,120.73897,102.44902,33.26,4.078,203.452,,0.3841
84699,2578574307247219025,easy,images/00084/0084699_ref.png,images/00084/0084699_search.png,317.4649,705.9148,317.49404325515314,705.8426853477556,0.07778079704691432,0.8669697604193247,0.7891889633724104,0.8428019925897067,0.8914375901222229,0.02914325515314431,-0.07211465224440872,hit,4.909097671508789,0.3441416025161743,0.0,10.0,False,-1.6503,10.03606,141.16494,156.53822,75.073,6.127,424.437,,0.8737
80801,4393982963084347444,easy,images/00080/0080801_ref.png,images/00080/0080801_search.png,351.0419,421.1243,351.39417246833386,421.08110715764997,0.3549105712377546,0.4696720230802311,0.11476145184247649,0.6780839344779783,0.8377861380577087,0.35227246833386516,-0.04319284235003806,hit,7.386094093322754,0.3400613069534302,0.0,10.0,False,-1.1111,10.08497,90.84466,120.41216,25.829,3.594,375.909,,0.669
130720,3531223087914736236,hard,images/00130/0130720_ref.png,images/00130/0130720_search.png,142.4329,268.4126,142.28609330495877,268.4797774902847,0.16144665035197844,0.0776565296717065,-0.08379012068027195,0.1037820854507334,0.6504221558570862,-0.1468066950412208,0.06717749028467779,hit,4.185891151428223,0.30532675981521606,0.0,10.0,False,-1.9714,10.01455,61.58658,73.06227,37.894,4.353,,32.161,0.6444
67115,474515014354876423,easy,images/00067/0067115_ref.png,images/00067/0067115_search.png,128.8196,777.6937,129.00092987451282,777.7191937215842,0.18311322516695933,0.4419569115976486,0.2588436864306893,0.25992972943918285,0.8366103172302246,0.18132987451281224,0.025493721584211926,hit,2.4173202514648438,0.36616596579551697,0.0,10.0,False,1.0254,9.84239,92.30126,100.13367,40.292,4.488,327.282,,0.5991
12122,1575430876423202014,easy,images/00012/0012122_ref.png,images/00012/0012122_search.png,286.3437,387.2646,286.30217878504175,387.4606808754892,0.20042884279519804,0.46659254614033807,0.26616370334514006,0.2936208614901827,0.8660415410995483,-0.04152121495826577,0.1960808754892014,hit,4.799679756164551,0.23794934153556824,0.0,10.0,False,2.1252,9.85457,148.73884,144.68439,34.911,4.178,316.068,,0.2267
30510,2954917449440450089,easy,images/00030/0030510_ref.png,images/00030/0030510_search.png,193.615,455.6916,194.64774588994268,455.8553950994657,1.04565429650648,0.15941396314396217,-0.8862403333625177,1.1832843688262202,0.6787423491477966,1.0327458899426745,0.1637950994656876,near-miss,6.344229698181152,0.36113131046295166,0.0,10.0,False,-1.3936,9.9275,96.61827,99.4837,25.199,3.55,340.539,,1.5769
60732,3684156190249993237,easy,images/00060/0060732_ref.png,images/00060/0060732_search.png,537.6419,682.0435,537.6883538155375,681.9737635844018,0.08379215141337486,0.09367368019859529,0.009881528785220431,0.12208290846827644,0.9364827871322632,0.04645381553757488,-0.06973641559818589,hit,4.5207624435424805,0.43321624398231506,0.0,10.0,False,1.8177,9.99985,101.49007,87.2281,68.755,5.863,401.032,,0.4411
153501,1386388721421484926,hard,images/00153/0153501_ref.png,images/00153/0153501_search.png,458.76,554.6881,458.9706839498667,554.7500360160524,0.21959917307652457,0.4106012850636206,0.19100211198709602,0.40446158622688616,0.8349834680557251,0.2106839498667341,0.061936016052413834,hit,6.323054313659668,0.29182150959968567,0.0,10.0,False,1.2894,9.91831,110.36124,116.79359,26.59,3.646,,33.778,0.583
24845,3358434079007449098,medium,images/00024/0024845_ref.png,images/00024/0024845_search.png,769.1157,531.7056,769.7845190724273,531.8343870399146,0.6811057577884514,1.441625970006276,0.7605202122178245,0.8025923255279094,0.7766655683517456,0.6688190724273682,0.12878703991464135,hit,5.404158592224121,0.3341081440448761,0.0,10.0,False,2.1618,9.90742,94.70065,73.16043,104.404,7.225,245.848,,1.2793
37973,2018772816452949658,easy,images/00037/0037973_ref.png,images/00037/0037973_search.png,476.5079,652.253,477.0300314510041,652.3119424717571,0.525447872870829,1.1480321886454496,0.6225843157746207,0.6381419288073542,0.7049259543418884,0.5221314510040997,0.058942471757063686,hit,7.855470657348633,0.37310221791267395,0.0,10.0,False,0.8849,9.88927,106.39586,121.43568,60.802,5.514,406.985,,0.8849
103735,2812977381135187338,hard,images/00103/0103735_ref.png,images/00103/0103735_search.png,202.9148,477.1412,202.80477698985783,477.20028331372663,0.12488354864298067,0.5217870237917853,0.39690347514880464,0.5022630258298147,0.8539647459983826,-0.11002301014218574,0.05908331372660314,hit,3.700634002685547,0.268676221370697,0.0,10.0,False,2.2918,9.9673,130.94041,147.70122,101.598,7.127,,28.314,0.4942
157850,2679267317566577217,hard,images/00157/0157850_ref.png,images/00157/0157850_search.png,774.8616,534.8136,774.7763762046834,534.8437342366698,0.0903945103854785,1.498778392921753,1.4083838825362747,1.4189146941976998,0.5572079420089722,-0.08522379531655133,0.030134236669823622,hit,2.388848304748535,0.02093682251870632,0.0,10.0,False,-1.7759,9.91055,54.63566,70.38645,51.175,5.058,,14.987,0.9164
132196,1266202648155149245,hard,images/00132/0132196_ref.png,images/00132/0132196_search.png,363.321,726.6174,210.6423459738117,121.65226400801214,623.9339605768008,622.7986682096739,-1.1352923671269082,1.8275675520331869,0.5790227651596069,-152.67865402618833,-604.9651359919878,gross-miss,0.5434713363647461,0.04470163583755493,0.0,10.0,False,-2.5633,10.0465,64.83696,75.6428,24.072,3.469,,33.623,1.6252
77600,3213765622275699774,easy,images/00077/0077600_ref.png,images/00077/0077600_search.png,278.4314,459.9656,278.7811588680819,459.8734533542642,0.36169361360450447,0.9894930339316143,0.6277994203271098,1.3354164430335698,0.7016958594322205,0.34975886808189216,-0.09214664573579512,hit,5.3294830322265625,0.2019633948802948,0.0,10.0,False,-1.7466,10.18075,146.1212,155.01597,27.18,3.686,406.287,,0.5175
57732,1012926859428891101,easy,images/00057/0057732_ref.png,images/00057/0057732_search.png,423.1359,115.6387,423.2103394197835,115.56830500188236,0.10245332096954399,0.23454274211115017,0.13208942114160618,0.2047522340780643,0.8948501944541931,0.07443941978351631,-0.07039499811763505,hit,7.7350358963012695,0.21861490607261658,0.0,10.0,False,2.0147,10.02976,189.48343,159.80135,75.869,6.159,398.709,,0.5031
55094,3172053666625136254,easy,images/00055/0055094_ref.png,images/00055/0055094_search.png,715.7335,454.6339,715.4043559690667,454.5932899179693,0.33163982249056717,0.6647140418360661,0.3330742193454989,0.36435831307444544,0.8827734589576721,-0.3291440309333211,-0.04061008203069605,hit,5.454071998596191,0.324424147605896,0.0,10.0,False,-3.7689,9.77464,141.02914,112.03863,80.832,6.357,407.724,,0.2845
170954,2794318378296591107,hard,images/00170/0170954_ref.png,images/00170/0170954_search.png,206.3628,320.0315,785.6037579481704,316.9425219987669,579.2491943454097,580.046575829237,0.7973814838272801,0.8773665392915081,0.7379284501075745,579.2409579481704,-3.0889780012331016,gross-miss,0.2705669403076172,0.01553585659712553,0.0,10.0,False,0.5582,10.02444,166.14747,129.29289,54.605,5.225,,18.485,0.4953
172293,3781543771345453973,hard,images/00172/0172293_ref.png,images/00172/0172293_search.png,437.802,350.9026,669.7938335883845,76.36670566373145,359.4303383560095,360.0630414873489,0.63270313133944,0.8344765986489031,0.840937077999115,231.99183358838445,-274.53589433626854,periodic-lock,0.5592994689941406,0.015713194385170937,0.0,10.0,False,2.4508,10.08189,166.66968,152.2743,73.504,6.062,,14.123,0.2745
94164,2703744346656964068,medium,images/00094/0094164_ref.png,images/00094/0094164_search.png,381.0333,323.556,380.6223942323943,323.5356278466039,0.411410469586787,0.4490184391951303,0.037607969608343284,0.08262542740573714,0.6595169305801392,-0.41090576760569775,-0.02037215339606746,hit,7.146213531494141,0.3210830092430115,0.0,10.0,False,-0.4842,9.94463,82.71305,81.75765,32.304,4.019,242.533,,0.5071
123779,2356436927230897788,medium,images/00123/0123779_ref.png,images/00123/0123779_search.png,668.4155,365.8709,668.5723638352614,365.6919989076866,0.23793247706832027,0.7286718518276794,0.4907393747593591,0.8884898319824106,0.6496989130973816,0.1568638352614471,-0.17890109231342421,hit,5.725683212280273,0.2855069637298584,0.0,10.0,False,-0.9019,10.15569,121.29217,127.56129,29.926,3.868,252.22,,0.5101
20757,2874582450304520033,easy,images/00020/0020757_ref.png,images/00020/0020757_search.png,359.6059,699.5053,359.58355288406426,699.446320816416,0.06307089413417893,0.3984266421004711,0.33535574796629214,0.35065090906561064,0.8990494608879089,-0.022347115935758666,-0.05897918358402876,hit,5.865126609802246,0.2153915911912918,0.0,10.0,False,-0.8271,9.93794,138.99706,106.19414,59.282,5.444,381.134,,1.1677
3128,2164070227267281440,medium,images/00003/0003128_ref.png,images/00003/0003128_search.png,172.2629,736.8759,172.44061787928302,736.738774364398,0.2244706763836211,0.37116681874706803,0.14669614236344694,0.2229462691071884,0.8540335297584534,0.17771787928302274,-0.1371256356020467,hit,8.360079765319824,0.35756590962409973,0.0,10.0,False,-0.0935,9.97098,174.52777,153.06788,38.993,4.415,288.694,,0.3833
27287,3188276291122397788,easy,images/00027/0027287_ref.png,images/00027/0027287_search.png,432.6946,810.8174,433.0088467167873,810.3942704935937,0.5270574714423993,0.7925901112821493,0.26553263983974995,0.39435573076377073,0.7716419696807861,0.3142467167872951,-0.4231295064063261,hit,5.859646797180176,0.3366808593273163,0.0,10.0,False,-3.1864,10.04144,135.47246,165.33145,69.434,5.892,310.072,,0.5965
8831,1129361465415361228,easy,images/00008/0008831_ref.png,images/00008/0008831_search.png,442.568,608.8074,442.6875124872575,608.7606255316975,0.1283397268793133,0.5167346793636793,0.38839495248436606,0.3949401177776444,0.8817452788352966,0.11951248725750929,-0.04677446830248755,hit,3.1516036987304688,0.3027220666408539,0.0,10.0,False,-0.7989,9.94526,177.33,163.32008,68.272,5.843,346.881,,0.7452
29535,1988400627567169943,medium,images/00029/0029535_ref.png,images/00029/0029535_search.png,495.7995,762.1907,495.4128554026444,762.2376458593271,0.389484220954118,0.37726405855344436,-0.01222016240067364,0.6024831682381417,0.771813690662384,-0.3866445973555983,0.04694585932713835,hit,3.561382293701172,0.23029382526874542,0.0,10.0,False,-0.2782,9.94041,158.00615,143.10159,22.051,3.32,198.356,,0.7611
178930,1629822054781335290,hard,images/00178/0178930_ref.png,images/00178/0178930_search.png,195.0869,534.9606,195.06313498994086,534.7602726394099,0.2017320676147224,0.2943332447177865,0.09260117710306409,0.43266362482666826,0.8263115882873535,-0.02376501005915088,-0.20032736059010858,hit,5.776228904724121,0.18736127018928528,0.0,10.0,False,0.5721,9.9849,180.03679,165.4462,29.099,3.814,,17.272,0.0319
32012,793588751532105133,hard,images/00032/0032012_ref.png,images/00032/0032012_search.png,869.1361,196.947,869.4799691480912,196.6623350086138,0.4464080513720843,0.4570686173484766,0.010660565976392311,0.14301152596077252,0.7307217717170715,0.34386914809113023,-0.28466499138619383,hit,5.587143898010254,0.3416219651699066,0.0,10.0,False,-0.262,9.84972,162.39833,165.10129,33.388,4.086,,31.37,0.9003
141910,2318430457979205610,easy,images/00141/0141910_ref.png,images/00141/0141910_search.png,408.4677,247.8852,408.3681710659917,247.9832967283424,0.13974611556786126,0.2096043063021619,0.06985819073430063,0.14517796226352908,0.9014368057250977,-0.09952893400827634,0.09809672834239791,hit,6.4706525802612305,0.2928231954574585,0.0,10.0,False,1.8263,10.046,82.9486,105.76841,74.545,6.105,374.943,,0.349
37003,570593415912824087,medium,images/00037/0037003_ref.png,images/00037/0037003_search.png,648.9943,767.2185,648.9697827250143,767.1081272774127,0.11306296769521734,0.33716235734355543,0.2240993896483381,0.22431027134868337,0.8566861748695374,-0.024517274985669246,-0.11037272258727171,hit,7.812613487243652,0.3357127010822296,0.0,10.0,False,0.9018,9.96894,159.54934,118.71524,28.107,3.749,243.277,,0.8436
4593,2621239131556652570,easy,images/00004/0004593_ref.png,images/00004/0004593_search.png,699.1475,851.515,699.0833728061607,851.4357650602989,0.10193366793727551,0.3413799798265542,0.2394463118892787,0.34872661149882644,0.7601165771484375,-0.06412719383934018,-0.0792349397011094,hit,3.170747756958008,0.2478417009115219,0.0,10.0,False,-1.1036,10.0999,96.86344,91.73191,26.717,3.655,312.276,,1.3485
88539,148105542038439379,easy,images/00088/0088539_ref.png,images/00088/0088539_search.png,166.1259,580.4547,165.8614283992214,580.3566882703169,0.28204880211385874,0.37381684005651067,0.09176803794265193,0.24779875307749494,0.8927097916603088,-0.26447160077859166,-0.09801172968309402,hit,5.251651763916016,0.2936464846134186,0.0,10.0,False,0.9957,10.00555,219.84603,163.66721,25.038,3.538,394.389,,0.4834
117236,3972861511671755892,easy,images/00117/0117236_ref.png,images/00117/0117236_search.png,235.4555,888.6329,234.46310559981654,888.7758889507794,1.0026427507145765,1.2756501866131083,0.2730074358985317,0.28792883414775766,0.8083171844482422,-0.992394400183457,0.14298895077945417,near-miss,7.034095764160156,0.3831583261489868,0.0,10.0,False,-0.7482,9.99585,123.52749,131.74325,99.105,7.039,315.703,,0.7663
82844,916656185740070928,medium,images/00082/0082844_ref.png,images/00082/0082844_search.png,751.6955,576.6617,751.7806360270173,576.7227390351187,0.10475641700872644,0.11318986386915253,0.008433446860426089,0.2116731947813877,0.7471180558204651,0.08513602701725631,0.06103903511871067,hit,5.625888824462891,0.26115682721138,0.0,10.0,False,1.4475,10.08924,134.27154,166.16763,41.829,4.573,209.442,,0.4961
33202,776869148350722787,easy,images/00033/0033202_ref.png,images/00033/0033202_search.png,857.9658,714.2017,857.9510660046944,714.3457913929717,0.1448427428150979,0.437800980578677,0.2929582377635791,0.37786713427776725,0.7271486520767212,-0.014733995305505232,0.14409139297174534,hit,4.630769729614258,0.3316371440887451,0.0,10.0,False,0.7467,9.88983,121.42608,111.46049,44.575,4.721,365.631,,1.5066
98674,1429793773278106119,easy,images/00098/0098674_ref.png,images/00098/0098674_search.png,756.511,873.3662,757.0800450137265,873.2631825073777,0.5782947617203557,0.5216923348281598,-0.056602426892195856,0.1381050690181595,0.8699415922164917,0.5690450137265088,-0.10301749262237081,hit,5.349560737609863,0.41749846935272217,0.0,10.0,False,0.0399,9.83672,118.67569,95.33998,76.976,6.204,395.595,,1.7108
50463,954135332305721674,easy,images/00050/0050463_ref.png,images/00050/0050463_search.png,190.4449,242.6538,190.31769742589196,242.82303475353072,0.21170946285491085,0.7730868092464944,0.5613773463915835,0.6737643420541389,0.8525909781455994,-0.1272025741080256,0.1692347535307306,hit,6.6016082763671875,0.23543837666511536,0.0,10.0,False,-3.472,10.13432,183.26982,164.7826,64.187,5.665,413.653,,0.338
122694,1868308117396436866,medium,images/00122/0122694_ref.png,images/00122/0122694_search.png,201.8545,292.0742,201.74825422128146,292.1240003715362,0.11733815449654197,0.4888669277148348,0.3715287732182928,0.46139192383349265,0.8027561902999878,-0.10624577871854513,0.04980037153620742,hit,6.874842643737793,0.3821292221546173,0.0,10.0,False,2.6162,9.74371,114.66089,111.69625,76.119,6.169,236.231,,0.655
131391,1301945065011805017,easy,images/00131/0131391_ref.png,images/00131/0131391_search.png,245.7143,516.7448,246.98974956661422,516.6939882824347,1.2764612910771427,1.1385634302178635,-0.13789786085927913,0.5688902470769422,0.8094120025634766,1.2754495666142134,-0.05081171756535241,near-miss,10.074392795562744,0.44800466299057007,0.0,10.0,False,1.1014,10.00776,73.92745,85.0051,56.175,5.3,358.214,,1.9622
21553,3485542120057191701,medium,images/00021/0021553_ref.png,images/00021/0021553_search.png,690.7954,115.2866,690.6097233196164,115.37277797258432,0.20470093452893298,0.4792696058892251,0.27456867136029217,0.4398288233587833,0.7651769518852234,-0.18567668038360807,0.08617797258430926,hit,6.914153099060059,0.23105937242507935,0.0,10.0,False,-1.4947,9.9429,182.23902,153.58362,50.725,5.036,245.476,,0.0629
143134,3532629732922011757,medium,images/00143/0143134_ref.png,images/00143/0143134_search.png,610.24,474.5896,610.0199682173246,474.5623449556036,0.22171337991281165,0.5395895223635325,0.3178761424507209,0.7607143641936562,0.8524186611175537,-0.2200317826753917,-0.027255044396440553,hit,4.935094833374023,0.29911917448043823,0.0,10.0,False,1.9695,9.95062,107.33121,135.59018,100.098,7.075,273.308,,0.6932
175919,2977282100317317651,hard,images/00175/0175919_ref.png,images/00175/0175919_search.png,279.5124,597.7605,279.6590775172835,597.5049935248503,0.2946147533981549,0.7469202481546217,0.45230549475646675,0.494695172973275,0.5918197631835938,0.14667751728347866,-0.25550647514967295,hit,4.054305076599121,0.2560241222381592,0.0,10.0,False,-2.2883,9.89216,59.97302,77.305,27.763,3.726,,29.001,0.1337
139727,520432483933312356,easy,images/00139/0139727_ref.png,images/00139/0139727_search.png,825.0618,272.1853,825.0384819789458,271.90667006685567,0.27960395159919904,0.35281845107371446,0.07321449947451542,0.48300279448824845,0.6962839961051941,-0.023318021054137716,-0.27862993314431606,hit,7.227437973022461,0.31180956959724426,0.0,10.0,False,0.9315,10.25163,187.98869,143.64099,41.616,4.562,324.001,,0.3167
51744,637435289318868653,easy,images/00051/0051744_ref.png,images/00051/0051744_search.png,329.0192,354.9763,329.2410184942702,354.8008798357635,0.28279971432275947,0.33203774690965115,0.04923803258689169,0.4275221792104548,0.9018399119377136,0.22181849427016687,-0.17542016423647055,hit,8.08385181427002,0.3718373775482178,0.0,10.0,False,-2.1274,10.18258,191.36031,160.90198,104.234,7.219,373.097,,0.6357
59292,2485310600873943630,easy,images/00059/0059292_ref.png,images/00059/0059292_search.png,504.94,566.1077,504.5965002382775,565.9533545232358,0.3765828096196011,0.4832960434290685,0.1067132338094674,0.12051196142903152,0.8578640222549438,-0.3434997617225122,-0.15434547676420607,hit,6.842789649963379,0.4536869525909424,0.0,10.0,False,-0.0515,9.91236,144.22511,166.10168,65.806,5.736,381.151,,0.432
171840,2760232240795868234,hard,images/00171/0171840_ref.png,images/00171/0171840_search.png,514.8786,517.7356,358.6748577654362,160.24955659943637,390.1229041139109,388.5583591419198,-1.564544971991097,3.0273377940932824,0.5752207636833191,-156.20374223456383,-357.48604340056363,periodic-lock,1.2598857879638672,0.020676324144005775,0.0,10.0,False,3.9283,10.05011,130.89506,99.39465,70.59,5.941,,30.08,0.1853
148859,79102263945824042,hard,images/00148/0148859_ref.png,images/00148/0148859_search.png,587.8823,575.5846,587.4872880456342,575.6276997787827,0.39735630739051586,0.6249894441765843,0.22763313678606845,0.2991039387562763,0.8611670732498169,-0.3950119543658275,0.04309977878267546,hit,6.545241355895996,0.24059990048408508,0.0,10.0,False,1.7277,9.98158,147.40782,144.71131,50.275,5.014,,31.339,0.858
77975,38239342033513620,easy,images/00077/0077975_ref.png,images/00077/0077975_search.png,795.0346,799.6161,795.0616309077975,799.7182459401597,0.10566202282503297,0.6162053255820464,0.5105433027570134,0.7084098323317894,0.8500474691390991,0.027030907797552572,0.10214594015974399,hit,8.163460731506348,0.27960506081581116,0.0,10.0,False,0.1953,9.99011,126.07101,124.4651,29.943,3.869,303.826,,0.4005
77244,1806932146140907759,easy,images/00077/0077244_ref.png,images/00077/0077244_search.png,655.3388,661.4082,655.1952997606372,661.6246757145852,0.25971918239201175,0.23839962923214733,-0.02131955315986442,0.4554119725012684,0.5887598395347595,-0.14350023936276557,0.21647571458527182,hit,7.53165340423584,0.3556858003139496,0.0,10.0,False,-0.6693,9.90354,135.79238,100.62577,28.977,3.806,377.222,,0.9249
49853,3282189469936397553,medium,images/00049/0049853_ref.png,images/00049/0049853_search.png,782.1534,784.5697,782.2049275999061,784.6921787416883,0.13287639262721898,0.5398547071585709,0.4069783145313519,0.6457488347261757,0.6783248782157898,0.05152759990608047,0.12247874168826911,hit,5.699371337890625,0.359081506729126,0.0,10.0,False,1.2041,10.04505,102.01665,84.98285,98.891,7.032,223.284,,0.3164
46100,2963438355246879064,medium,images/00046/0046100_ref.png,images/00046/0046100_search.png,828.0579,273.1479,828.2532418341566,273.0964118895793,0.20201350867293125,0.3426182889993316,0.14060478032640036,0.5284321125558052,0.8717149496078491,0.19534183415657935,-0.05148811042067791,hit,5.9114532470703125,0.2372700572013855,0.0,10.0,False,-0.6844,10.11648,144.37973,152.01232,52.066,5.102,177.592,,0.4368
22141,4386750654303267045,easy,images/00022/0022141_ref.png,images/00022/0022141_search.png,497.0587,406.6163,496.5937486492321,406.5803555396143,0.4663386782299902,0.8147666764434879,0.3484279982134977,0.34998912769721385,0.7893051505088806,-0.4649513507678762,-0.03594446038573551,hit,7.517836570739746,0.3675708472728729,0.0,10.0,False,-1.4288,10.0958,86.18403,93.12897,84.062,6.483,378.555,,0.3814
112567,2763882141697907752,easy,images/00112/0112567_ref.png,images/00112/0112567_search.png,192.1696,523.9965,191.78844381832832,523.9568051387225,0.383217584197768,0.6367023838120808,0.25348479961431275,0.6632563421256444,0.8268569707870483,-0.38115618167168464,-0.039694861277439486,hit,5.155936241149902,0.3298549950122833,0.0,10.0,False,-2.2601,9.89729,104.51953,81.54857,49.303,4.965,318.338,,0.3752
62697,570913098014937319,easy,images/00062/0062697_ref.png,images/00062/0062697_search.png,532.4194,308.052,532.2592400199707,308.10721386263475,0.1694101231628252,0.3268787028024701,0.15746857963964492,0.4307919791270226,0.7443156838417053,-0.1601599800293343,0.05521386263473005,hit,4.751814842224121,0.23186908662319183,0.0,10.0,False,0.1567,9.95499,212.62025,158.84215,38.27,4.374,425.528,,0.2069
23940,1120895632692435537,medium,images/00023/0023940_ref.png,images/00023/0023940_search.png,358.9927,727.3256,358.5822419409656,727.4521347387421,0.42951933406402976,0.10991784609317524,-0.3196014879708545,0.3253421638625887,0.7522881627082825,-0.41045805903439714,0.1265347387420661,hit,6.445062637329102,0.24939048290252686,0.0,10.0,False,1.3575,9.85119,128.62727,128.34334,23.017,3.392,279.665,,0.7195
83452,1008470013065045840,hard,images/00083/0083452_ref.png,images/00083/0083452_search.png,737.4836,817.736,736.9396277853126,817.5986015429577,0.5610562416991169,0.6796636675803188,0.11860742588120188,0.1369355255809279,0.7587054967880249,-0.5439722146874146,-0.13739845704230902,hit,4.776646614074707,0.1969875991344452,0.0,10.0,False,3.729,9.98823,78.95582,81.74561,64.07,5.66,,27.232,1.1244
11180,1751385002483504923,medium,images/00011/0011180_ref.png,images/00011/0011180_search.png,455.5972,442.9325,455.8068470660722,442.99891630119447,0.21991593252202657,0.19967258153171388,-0.020243350990312686,0.021128063722776994,0.8282182216644287,0.2096470660721934,0.06641630119446518,hit,2.5220460891723633,0.2217646986246109,0.0,10.0,False,-0.9906,9.98933,130.83352,161.3966,51.544,5.077,190.843,,0.9354
130590,1759574856221697577,medium,images/00130/0130590_ref.png,images/00130/0130590_search.png,356.3173,128.1132,356.29977972981396,128.12024464313487,0.01888350773264578,0.2995291524413369,0.2806456447086911,0.2987674531013962,0.7939907312393188,-0.017520270186025755,0.007044643134861417,hit,7.843384742736816,0.3747747838497162,0.0,10.0,False,1.7508,10.07495,81.69518,91.24159,37.551,4.333,230.876,,0.0175
138893,1487897481056440345,medium,images/00138/0138893_ref.png,images/00138/0138893_search.png,198.4015,587.7436,197.64579024232668,587.8101661437469,0.7586358081029317,0.7329457098685668,-0.025690098234364966,0.03466132259296619,0.7558030486106873,-0.7557097576733156,0.06656614374685432,hit,4.019742012023926,0.2636873722076416,0.0,10.0,False,1.9287,9.98903,125.84979,160.12656,34.07,4.127,254.949,,1.6767
7010,2438932125790423426,medium,images/00007/0007010_ref.png,images/00007/0007010_search.png,279.6275,303.0787,279.4535692584889,303.10181675529475,0.1754602154847283,0.4596712051374577,0.2842109896527294,0.63185123325043,0.7396712303161621,-0.17393074151107157,0.02311675529472268,hit,3.1566953659057617,0.22116614878177643,0.0,10.0,False,0.8899,9.78844,117.38808,146.83311,42.622,4.616,223.664,,0.2934
39913,2264968780519192942,medium,images/00039/0039913_ref.png,images/00039/0039913_search.png,636.2615,243.6705,636.310941531515,243.6111794016414,0.0772230433755217,0.7615572688381602,0.6843342254626386,0.6888197570885928,0.807888388633728,0.0494415315150718,-0.059320598358596044,hit,3.0620031356811523,0.20078308880329132,0.0,10.0,False,-0.6066,10.01797,146.25263,116.03841,56.485,5.314,207.253,,0.4259
83667,2358881353293581057,easy,images/00083/0083667_ref.png,images/00083/0083667_search.png,515.2437,270.0588,515.4646143284928,270.09753265085044,0.224284102814513,0.4542003553165125,0.22991625250199949,0.23131729277808627,0.7867152094841003,0.2209143284927677,0.038732650850420214,hit,4.318305015563965,0.3120075464248657,0.0,10.0,False,0.9491,10.0482,68.1309,89.60115,22.52,3.356,398.853,,0.2707
64002,2700261724992043207,easy,images/00064/0064002_ref.png,images/00064/0064002_search.png,115.9618,652.609,115.13801261599298,652.5575041380433,0.8253953463933468,0.9688698270553078,0.143474480661961,0.31814174217430635,0.8585982322692871,-0.8237873840070193,-0.05149586195670963,hit,5.663516044616699,0.2386172115802765,0.0,10.0,False,0.7703,10.09023,204.08564,161.345,24.706,3.515,331.747,,0.0964
148537,1887084280514058975,easy,images/00148/0148537_ref.png,images/00148/0148537_search.png,785.1287,120.4758,784.9125179656139,120.00311953627352,0.5197706155411136,1.2140029531956673,0.6942323376545537,1.1017560241825932,0.650012195110321,-0.21618203438606542,-0.47268046372649053,hit,5.976203918457031,0.30753254890441895,0.0,10.0,False,-2.3121,10.35,112.67123,124.37294,35.36,4.205,403.924,,0.3002
144093,3821831357202008282,medium,images/00144/0144093_ref.png,images/00144/0144093_search.png,641.365,161.5418,641.3663667373019,161.8498519585693,0.3080549904631299,0.35991490021594424,0.05185990975281435,0.35743967720242364,0.7670843601226807,0.0013667373018506623,0.3080519585693082,hit,9.092638969421387,0.45108506083488464,0.0,10.0,False,0.7573,9.79507,114.51715,131.60306,43.32,4.654,195.445,,0.0761
63197,2831204406528629827,easy,images/00063/0063197_ref.png,images/00063/0063197_search.png,717.9726,277.2754,717.9642772481305,277.2079931306869,0.06791873253585647,0.575733229591608,0.5078144970557515,0.5338880903156261,0.679504930973053,-0.008322751869513922,-0.06740686931311757,hit,2.4202709197998047,0.37637072801589966,0.0,10.0,False,-0.5846,9.74025,90.99221,109.18922,44.934,4.74,410.807,,0.2108
142746,3561898963732595764,medium,images/00142/0142746_ref.png,images/00142/0142746_search.png,675.0628,365.8352,675.1424844300147,365.7046145692206,0.1529776556187352,0.7493925469414232,0.596414891322688,0.9019399497114233,0.7899362444877625,0.0796844300147086,-0.13058543077937657,hit,7.765067100524902,0.34131932258605957,0.0,10.0,False,2.0165,9.99229,145.20189,148.46901,24.146,3.475,264.713,,1.2375
150947,867230289265864476,hard,images/00150/0150947_ref.png,images/00150/0150947_search.png,495.2309,205.5258,495.32900661615514,205.56925488307328,0.10729974369177585,0.47453742118732695,0.3672376774955511,0.4994209279048927,0.8354311585426331,0.09810661615512117,0.043454883073280826,hit,4.766003608703613,0.23192690312862396,0.0,10.0,False,-1.7701,9.87526,103.02636,121.81984,64.987,5.7,,18.411,0.362
76863,1032792296397063091,medium,images/00076/0076863_ref.png,images/00076/0076863_search.png,640.5545,326.8537,640.6241954887737,326.6648025222176,0.20134477462294234,0.6088023410696587,0.4074575664467164,0.5226055628691018,0.8461337685585022,0.069695488773732,-0.18889747778240462,hit,8.217507362365723,0.3375335931777954,0.0,10.0,False,-0.9417,9.93823,165.09369,139.95485,26.41,3.634,213.112,,0.5555
128686,3232602038125225238,easy,images/00128/0128686_ref.png,images/00128/0128686_search.png,443.6339,711.2065,442.83322869248093,711.1683210123247,0.8015810487930611,0.8996314350703674,0.09805038627730622,0.3152848922581688,0.8309128880500793,-0.8006713075190532,-0.03817898767533734,hit,5.083266258239746,0.3044865131378174,0.0,10.0,False,-0.8912,10.22231,147.1287,114.89964,57.232,5.349,383.111,,1.2089
198636,284058698577092689,hard,images/00198/0198636_ref.png,images/00198/0198636_search.png,845.9405,474.8193,846.1402956113773,474.8823604652111,0.20951111807787015,0.6358293879954134,0.4263182699175433,0.7880613680509825,0.7795806527137756,0.19979561137722612,0.06306046521109465,hit,0.7159023284912109,0.022323401644825935,0.0,10.0,False,3.4575,9.89826,204.29774,165.85744,28.441,3.771,,25.51,1.4456
132062,3236533462810972133,medium,images/00132/0132062_ref.png,images/00132/0132062_search.png,712.1586,761.5767,712.0336378696546,761.5885659441361,0.1255242392954099,0.2860618250726808,0.1605375857772709,0.35964649534175724,0.8562602400779724,-0.1249621303453523,0.011865944136161488,hit,8.56998062133789,0.40973085165023804,0.0,10.0,False,1.5344,10.07578,83.46973,102.38626,66.337,5.759,219.93,,0.4555
544,2286626050054085898,easy,images/00000/0000544_ref.png,images/00000/0000544_search.png,517.6666,490.8773,518.0049385322544,491.1571082961087,0.439050845551292,0.22161221588135255,-0.21743862966993943,0.21749273688161438,0.8293848037719727,0.33833853225439725,0.2798082961086834,hit,7.51529598236084,0.37394359707832336,0.0,10.0,False,2.5117,9.91763,103.47444,85.16347,33.818,4.112,387.629,,0.2455
122697,1626478961030214219,medium,images/00122/0122697_ref.png,images/00122/0122697_search.png,202.4906,671.7676,202.4489743983441,671.5267507368998,0.2444198401299437,0.10483052253557826,-0.13958931759436544,0.2282403833035283,0.7253194451332092,-0.041625601655908895,-0.24084926310024457,hit,6.124744415283203,0.3187597692012787,0.0,10.0,False,1.304,10.11122,75.5056,73.56815,40.127,4.479,257.699,,0.4119
35345,4369624973012884466,medium,images/00035/0035345_ref.png,images/00035/0035345_search.png,726.7055,585.3672,726.685313093974,585.4465140370975,0.0818427006861401,0.4779030092685502,0.39606030858241015,0.4012385551950169,0.886505663394928,-0.020186906026083307,0.079314037097447,hit,4.389307975769043,0.2315990924835205,0.0,10.0,False,-1.2303,10.00894,133.54883,132.50202,78.998,6.285,271.953,,0.6461
111115,1611646202609367817,easy,images/00111/0111115_ref.png,images/00111/0111115_search.png,688.125,334.8753,688.5911240809166,334.73925823261175,0.4855708200504843,0.6644702612232195,0.1788994411727352,0.7070653684348176,0.868016242980957,0.4661240809166429,-0.13604176738823526,hit,7.810367584228516,0.33416029810905457,0.0,10.0,False,2.2272,9.98364,166.88327,159.47603,45.347,4.762,398.614,,0.5904
29696,4393337520994588293,easy,images/00029/0029696_ref.png,images/00029/0029696_search.png,735.2724,729.6862,735.2938983424092,729.5979619757113,0.09081920312749536,0.36293731878781704,0.2721181156603217,0.3295972065832863,0.8759090304374695,0.021498342409245197,-0.08823802428867111,hit,7.452160835266113,0.3959820568561554,0.0,10.0,False,1.185,9.97604,115.47783,93.63474,81.429,6.381,343.473,,0.4315
1137,722525127273136448,easy,images/00001/0001137_ref.png,images/00001/0001137_search.png,772.5644,816.0792,772.5131248972366,815.8781639887957,0.20747195946523952,0.2712320912265916,0.06376013176135206,0.21059362704830706,0.8521460890769958,-0.051275102763383984,-0.20103601120433723,hit,3.3373241424560547,0.3129975199699402,0.0,10.0,False,-0.6031,9.88998,176.13921,166.07718,62.11,5.573,314.523,,0.2984
103614,233106494836686788,easy,images/00103/0103614_ref.png,images/00103/0103614_search.png,280.4834,237.1013,280.65177970573416,237.10464689733197,0.1684129657267103,0.6283969939710311,0.45998402824432083,0.7343946862367077,0.7412984371185303,0.1683797057341394,0.0033468973319656925,hit,6.89815616607666,0.3393821120262146,0.0,10.0,False,-1.2675,9.86138,69.41411,86.31273,24.669,3.512,394.809,,0.1695
113522,860928389012876691,easy,images/00113/0113522_ref.png,images/00113/0113522_search.png,837.4286,738.394,837.8054592684567,738.2720159274911,0.3961098612350196,0.6192157316915831,0.22310587045656344,0.5731695736710819,0.8885576128959656,0.3768592684567693,-0.12198407250889431,hit,6.954824447631836,0.3145045042037964,0.0,10.0,False,-1.3859,9.75455,215.02933,160.14944,51.197,5.059,418.334,,1.4458
40923,1057924515135745181,hard,images/00040/0040923_ref.png,images/00040/0040923_search.png,751.5503,366.002,751.6820080393284,366.03454582892,0.13566959351237406,0.5510497078195836,0.41538011430720956,0.49103798577237723,0.7861124277114868,0.13170803932837316,0.0325458289199787,hit,7.955819129943848,0.2966766357421875,0.0,10.0,False,-0.1702,9.8883,195.48383,153.65522,29.78,3.859,,28.409,0.2947
40291,202392072904637465,easy,images/00040/0040291_ref.png,images/00040/0040291_search.png,253.1521,873.5065,252.85308316718013,873.5529138734981,0.30259761063617946,0.2978959711748545,-0.004701639461324958,0.5409251861055477,0.881307065486908,-0.29901683281985925,0.0464138734981816,hit,7.638558387756348,0.37711676955223083,0.0,10.0,False,-1.0857,9.8416,180.58951,144.74699,24.079,3.47,382.629,,1.7124
143436,3377458832281865821,medium,images/00143/0143436_ref.png,images/00143/0143436_search.png,438.1336,729.8494,438.2280754184128,729.6758912423403,0.19756237918406303,0.41547873033918864,0.21791635115512561,0.4003845362396796,0.8150686621665955,0.09447541841279872,-0.17350875765964702,hit,4.808470726013184,0.3670300543308258,0.0,10.0,False,-0.8263,9.8694,169.09444,160.30391,27.707,3.722,236.812,,0.8864
2290,2919728370167064196,easy,images/00002/0002290_ref.png,images/00002/0002290_search.png,440.805,552.0262,439.9740977899278,551.9508551881787,0.8343112868535915,0.15896871560830475,-0.6753425712452867,0.794243888514353,0.7359529137611389,-0.8309022100722245,-0.07534481182131003,hit,1.361506462097168,0.17602337896823883,0.0,10.0,False,3.0399,10.06917,99.93692,110.54889,70.553,5.939,329.057,,1.1373
36674,246640740489011245,easy,images/00036/0036674_ref.png,images/00036/0036674_search.png,293.4096,760.2791,293.5963760302514,760.1836175959535,0.20976695392498665,0.426859737183305,0.21709278325831835,0.5999442503827391,0.7739681005477905,0.18677603025139433,-0.09548240404649277,hit,7.940151214599609,0.3511594533920288,0.0,10.0,False,-1.4654,10.06053,155.10169,154.23271,29.283,3.826,409.005,,0.3101
61377,3548858857745385365,medium,images/00061/0061377_ref.png,images/00061/0061377_search.png,380.1965,398.7525,380.0340671954047,398.73229533606343,0.1636845883200018,1.1590301304644133,0.9953455421444115,1.0262512751810604,0.4870050549507141,-0.16243280459531206,-0.020204663936567613,hit,4.497344017028809,0.1819687783718109,0.0,10.0,False,0.1242,9.97223,66.97268,72.74127,37.45,4.327,224.747,,0.1992
147330,4488186757475808896,medium,images/00147/0147330_ref.png,images/00147/0147330_search.png,588.4619,541.1635,588.6957689516286,541.0770028773378,0.24935203781937776,0.5471054194080486,0.2977533815886708,0.29917185459799434,0.8860887289047241,0.23386895162855126,-0.08649712266219467,hit,5.193264007568359,0.38845157623291016,0.0,10.0,False,-1.1736,10.10346,165.17498,123.81755,71.943,5.998,174.127,,0.4044
103159,4316597851384051240,medium,images/00103/0103159_ref.png,images/00103/0103159_search.png,161.4774,831.8947,161.90139961927935,831.7552145892487,0.44635395927614235,0.5042508556515048,0.057896896375362494,0.09155530285771264,0.8736802935600281,0.4239996192793569,-0.13948541075126286,hit,4.341062545776367,0.32091325521469116,0.0,10.0,False,1.0727,10.16392,158.02861,143.86621,100.793,7.099,238.361,,0.6772
128902,2008985873770070551,easy,images/00128/0128902_ref.png,images/00128/0128902_search.png,255.6863,869.5721,255.6803981140429,869.5818594731971,0.011405243308961989,0.35459964266827937,0.3431943993593174,0.3462656322316442,0.9014255404472351,-0.005901885957086961,0.00975947319716397,hit,6.18988037109375,0.27512404322624207,0.0,10.0,False,1.9619,9.8969,144.03456,132.59268,105.589,7.266,425.256,,0.669
89465,506123869509350238,easy,images/00089/0089465_ref.png,images/00089/0089465_search.png,404.0402,760.1847,403.65487965654694,760.098170094124,0.39491668955579917,0.207965693437241,-0.18695099611855817,0.5868977128522764,0.6442143321037292,-0.3853203434530883,-0.08652990587597742,hit,7.038172721862793,0.34326985478401184,0.0,10.0,False,1.1512,9.92046,86.25665,104.18506,44.08,4.695,396.582,,0.4901
52376,4496197993972093380,medium,images/00052/0052376_ref.png,images/00052/0052376_search.png,179.2428,203.7274,179.26033398574293,203.89096527735472,0.16450240305893743,0.4955798428585958,0.33107743979965837,0.33114602804540183,0.7971111536026001,0.017533985742943514,0.16356527735473492,hit,6.035944938659668,0.28269314765930176,0.0,10.0,False,-2.1101,10.02079,118.49081,112.72513,41.643,4.563,262.716,,0.4077
126539,789461831387987053,easy,images/00126/0126539_ref.png,images/00126/0126539_search.png,505.9482,714.7587,505.9945189171213,714.7742156357593,0.04884851109612217,0.1015279565859355,0.05267944548981333,0.06171862940104897,0.9172862768173218,0.04631891712131164,0.015515635759356883,hit,3.722832679748535,0.2834969460964203,0.0,10.0,False,2.1106,9.96591,156.64793,121.57441,96.429,6.944,390.099,,0.4282
112753,68130536597053950,hard,images/00112/0112753_ref.png,images/00112/0112753_search.png,806.3917,205.4491,806.6762305910762,205.41399735938896,0.28668772669236053,0.39080913865783085,0.10412141196547031,0.3422528045496655,0.916057288646698,0.28453059107619083,-0.0351026406110293,hit,6.9535980224609375,0.3803218901157379,0.0,10.0,False,-1.4043,9.87266,116.67043,95.02064,90.745,6.736,,28.571,0.0874
163566,4489712354144248133,hard,images/00163/0163566_ref.png,images/00163/0163566_search.png,571.6471,306.397,571.9179038559956,306.38366805927876,0.271131829679743,0.13431497369189344,-0.13681685598784954,0.3620653633431436,0.8523736000061035,0.2708038559956094,-0.013331940721229785,hit,3.3420629501342773,0.19881026446819305,0.0,10.0,False,1.1799,9.99273,155.29119,115.58882,85.0,6.519,,32.542,0.3337
47369,1454644319595162831,easy,images/00047/0047369_ref.png,images/00047/0047369_search.png,830.4192,888.7939,830.2594633924325,888.8145792731108,0.16106960027756823,0.8025549514689804,0.6414853511914121,0.8185768448543783,0.9006898403167725,-0.15973660756753816,0.020679273110772556,hit,8.570451736450195,0.35971230268478394,0.0,10.0,False,1.0999,9.95247,123.6471,99.00896,26.194,3.619,377.709,,0.5406
19994,1789188965123599723,medium,images/00019/0019994_ref.png,images/00019/0019994_search.png,217.5294,542.286,217.32021640101127,542.3997769438225,0.23812385649382478,0.2726026297080949,0.03447877321427012,0.040438921614834436,0.8384928703308105,-0.20918359898874428,0.11377694382258596,hit,6.133307456970215,0.3247399926185608,0.0,10.0,False,-2.7676,10.1291,177.57538,131.69329,38.883,4.409,269.416,,0.4881
86195,474856400573317381,easy,images/00086/0086195_ref.png,images/00086/0086195_search.png,287.8988,229.7606,288.00048150015465,229.81172196435446,0.11380941399180815,0.14770203668014567,0.03389262268833752,0.0340383051393854,0.9324377775192261,0.10168150015465471,0.05112196435445071,hit,5.235671043395996,0.366157203912735,0.0,10.0,False,3.4764,9.97052,100.67584,109.13209,106.522,7.298,319.16,,0.3805
45806,632379332002268269,medium,images/00045/0045806_ref.png,images/00045/0045806_search.png,612.1727,576.0355,612.3760289768951,575.8821726723322,0.25466044501444096,0.5792500090130522,0.3245895639986113,0.38650224338538264,0.8391746282577515,0.2033289768951363,-0.15332732766773916,hit,6.247260093688965,0.26191720366477966,0.0,10.0,False,2.3455,9.88191,137.71324,156.28471,90.02,6.709,203.346,,0.9745
173870,4605887483444153441,hard,images/00173/0173870_ref.png,images/00173/0173870_search.png,887.8008,204.2068,887.3534746472408,204.18452768435318,0.4478794785044527,0.33855669474547107,-0.10932278375898163,0.24680356601588893,0.7868905067443848,-0.4473253527592078,-0.0222723156468021,hit,5.726162910461426,0.2828825116157532,0.0,10.0,False,1.6041,10.05947,102.94545,118.49613,39.46,4.442,,29.601,0.8178
176038,493415196825879654,hard,images/00176/0176038_ref.png,images/00176/0176038_search.png,177.4326,842.9966,177.3902554799567,843.0031572387481,0.04284922120295317,0.3624148654632147,0.31956564426026157,0.3766676882353709,0.7040287852287292,-0.042344520043315015,0.006557238748200689,hit,5.9099836349487305,0.29595401883125305,0.0,10.0,False,0.2358,9.98091,132.88106,105.41925,23.337,3.416,,25.378,0.639
26987,730708812801714938,medium,images/00026/0026987_ref.png,images/00026/0026987_search.png,426.2561,516.1807,426.3524694902441,516.1372116322169,0.10572755923763354,0.41804687986270783,0.3123193206250743,0.34355147061155283,0.8390873074531555,0.09636949024411479,-0.04348836778308396,hit,7.2558794021606445,0.3557806611061096,0.0,10.0,False,0.0169,10.01055,86.00488,79.22649,68.688,5.86,195.292,,1.1391
163982,1066727206607733998,hard,images/00163/0163982_ref.png,images/00163/0163982_search.png,122.0203,649.6087,121.52658596276892,649.5474407000343,0.49750000240332787,0.5253973824964235,0.02789738009309567,0.34962900142378733,0.6591136455535889,-0.4937140372310864,-0.061259299965740865,hit,7.083120346069336,0.4283764362335205,0.0,10.0,False,-2.5452,10.0329,76.64909,100.90438,39.261,4.431,,30.875,0.3415
39776,3276297177778299881,easy,images/00039/0039776_ref.png,images/00039/0039776_search.png,553.1367,726.4921,552.841829507799,726.51228547822,0.29556058719289524,0.24014252613458859,-0.055418061058306656,0.1450815452869515,0.8695255517959595,-0.29487049220097106,0.020185478219900688,hit,8.954292297363281,0.3837030529975891,0.0,10.0,False,-1.1129,10.04939,87.53942,106.07147,35.832,4.233,411.907,,0.5907
17711,3931957811954273013,medium,images/00017/0017711_ref.png,images/00017/0017711_search.png,579.8509,239.2886,581.3513713864139,239.31487129564792,1.5007013568401435,1.0391320578548306,-0.46156929898531285,0.5829200592601618,0.7793036103248596,1.500471386413892,0.026271295647916304,near-miss,6.309085845947266,0.2418464869260788,0.0,10.0,False,-2.5341,10.06947,144.87028,117.02813,100.168,7.077,205.565,,1.3693
40970,165854279194988471,easy,images/00040/0040970_ref.png,images/00040/0040970_search.png,538.1168,409.7532,537.8871917045393,409.76010442911496,0.22971208171486118,0.2910598226360571,0.06134774092119594,0.06169933961825966,0.8637524843215942,-0.22960829546070727,0.006904429114968025,hit,9.034028053283691,0.3986279368400574,0.0,10.0,False,0.5887,10.09667,170.84362,134.06942,55.042,5.246,404.963,,0.1506
131860,74923905327435596,easy,images/00131/0131860_ref.png,images/00131/0131860_search.png,722.442,785.0203,722.5823538178181,785.1302240005795,0.1782764148155997,0.3732703038637191,0.19499388904811943,0.19631860950317412,0.8557305932044983,0.1403538178180952,0.10992400057943996,hit,7.847979545593262,0.31741949915885925,0.0,10.0,False,2.7922,10.01906,141.97815,163.42507,43.15,4.645,408.832,,1.3678
89796,4170074015086561156,easy,images/00089/0089796_ref.png,images/00089/0089796_search.png,818.3804,744.7648,819.0732538536201,744.8833143164162,0.7029168554472599,0.3119498788288861,-0.3909669766183738,0.4729226027297309,0.7709171175956726,0.6928538536201359,0.11851431641616728,hit,6.59934139251709,0.32577627897262573,0.0,10.0,False,0.1762,9.99121,154.99378,130.6711,45.061,4.747,386.484,,0.999
21100,1888981840287640340,easy,images/00021/0021100_ref.png,images/00021/0021100_search.png,142.5329,320.7699,142.7301787453379,320.728883897951,0.20149745405186717,0.4017046840505276,0.20020722999866045,0.40999645270485885,0.624954104423523,0.1972787453378828,-0.041016102049013625,hit,5.012917518615723,0.33946138620376587,0.0,10.0,False,0.008,10.01791,77.25501,92.36434,22.024,3.318,352.856,,0.3193
80195,351408489701450078,medium,images/00080/0080195_ref.png,images/00080/0080195_search.png,815.0234,329.2407,813.731798101878,329.2904588106305,1.292560018903515,1.5427027860344862,0.2501427671309713,0.42871493840735003,0.7312518954277039,-1.2916018981220532,0.049758810630521566,near-miss,7.474472999572754,0.43203648924827576,0.0,10.0,False,-0.9891,10.04164,94.32171,120.33653,25.261,3.554,250.64,,0.8017
113933,587839353985656898,easy,images/00113/0113933_ref.png,images/00113/0113933_search.png,716.7289,166.1847,715.4795484831631,166.25484628094173,1.2513191892369468,1.4100091099377987,0.15868992070085186,0.22294020064168346,0.6849088072776794,-1.2493515168368958,0.07014628094174213,near-miss,3.5958547592163086,0.2748272120952606,0.0,10.0,False,0.1567,9.89609,111.89172,109.90798,51.226,5.061,413.649,,1.4114
156576,1663976219895655747,hard,images/00156/0156576_ref.png,images/00156/0156576_search.png,229.5725,559.99,892.257101325278,558.223961574507,662.6869545459326,663.4762724010458,0.7893178551131541,0.8113585429220429,0.8298087120056152,662.684601325278,-1.7660384254929795,gross-miss,0.1987743377685547,0.03407973423600197,0.0,10.0,False,1.1379,9.98666,130.0804,127.16567,60.471,5.499,,16.471,0.3429
39999,3901910824295887764,easy,images/00039/0039999_ref.png,images/00039/0039999_search.png,118.6666,372.3975,118.07179648842705,372.4647556304699,0.5985937998421085,0.3303383583665042,-0.26825544147560426,0.8914244649929406,0.8589810729026794,-0.5948035115729482,0.06725563046990146,hit,5.818304061889648,0.3114244341850281,0.0,10.0,False,1.5905,9.94148,140.35819,137.26059,25.31,3.557,427.647,,0.5515
71460,2385763958191930366,easy,images/00071/0071460_ref.png,images/00071/0071460_search.png,345.1874,154.0061,345.52674307692564,154.0074271627046,0.3393456721665811,0.578744888800416,0.23939921663383484,0.29729341451759816,0.8456102609634399,0.3393430769256156,0.001327162704598095,hit,8.665029525756836,0.41666463017463684,0.0,10.0,False,0.5449,10.20024,129.06223,114.15036,54.418,5.216,415.702,,0.5213
152658,3808250553113446908,hard,images/00152/0152658_ref.png,images/00152/0152658_search.png,348.9365,644.878,348.0247333146058,644.9028021080456,0.9121039596220963,0.3895625550396301,-0.5225414045824662,0.5513073976021016,0.864318311214447,-0.911766685394241,0.024802108045605564,hit,6.535648345947266,0.31837889552116394,0.0,10.0,False,-2.1325,10.04223,98.23501,104.90185,89.442,6.687,,32.945,0.7349
144324,464698628117947368,medium,images/00144/0144324_ref.png,images/00144/0144324_search.png,884.3958,586.5469,885.5922339376215,586.3623128571663,1.2105893525022915,1.2336645373946766,0.023075184892385137,0.8308457203236465,0.6856351494789124,1.1964339376214639,-0.18458714283372046,near-miss,4.974765777587891,0.30309703946113586,0.0,10.0,False,1.371,10.20223,88.84499,89.5997,53.945,5.194,212.017,,1.3464
110943,3070954466032021517,easy,images/00110/0110943_ref.png,images/00110/0110943_search.png,774.2637,155.8463,774.5926196864629,155.88620726707757,0.33133178252084383,0.641719806773226,0.3103880242523822,0.5093622292142685,0.8511992692947388,0.32891968646288205,0.03990726707755243,hit,4.239046096801758,0.27703922986984253,0.0,10.0,False,-0.805,9.98366,90.54121,106.20132,54.615,5.226,331.602,,0.5244
173082,3057698555536520016,hard,images/00173/0173082_ref.png,images/00173/0173082_search.png,592.9305,269.617,593.2076486497654,269.6350686916921,0.2777370189337327,0.46575953534001224,0.18802251640627954,0.25215133791825045,0.8702104091644287,0.2771486497653086,0.01806869169206493,hit,2.99240779876709,0.2581956088542938,0.0,10.0,False,-1.7274,10.13857,141.86514,105.63098,90.233,6.717,,20.071,0.3051
26057,1783159326280259325,medium,images/00026/0026057_ref.png,images/00026/0026057_search.png,767.8544,358.592,767.085537816048,358.65316078784446,0.7712909307655783,0.1142277965919686,-0.6570631341736097,0.8374268639421424,0.901029646396637,-0.7688621839520238,0.06116078784447154,hit,4.082983016967773,0.2405531257390976,0.0,10.0,False,0.2933,9.99367,170.35134,139.63563,88.527,6.653,195.92,,1.1079
107758,3852660302850482425,hard,images/00107/0107758_ref.png,images/00107/0107758_search.png,807.9459,422.228,808.3185865997905,422.303728450771,0.3803026425355563,0.8345543029783459,0.4542516604427896,0.5169801131481928,0.7353816032409668,0.37268659979042695,0.07572845077100965,hit,3.092226028442383,0.17112456262111664,0.0,10.0,False,2.7708,10.17498,174.42482,131.45184,22.238,3.335,,17.66,0.2473
77299,351777350958553215,easy,images/00077/0077299_ref.png,images/00077/0077299_search.png,632.7451,447.5201,633.2111085898541,447.5968451431505,0.4722857427607109,0.7851271907607784,0.3128414480000675,0.5851284004439365,0.8110896944999695,0.46600858985414106,0.07674514315050374,hit,8.017834663391113,0.430393248796463,0.0,10.0,False,0.0406,9.83108,80.82228,74.07031,82.851,6.436,374.028,,0.8721
128701,2676382721230274112,easy,images/00128/0128701_ref.png,images/00128/0128701_search.png,589.766,302.9253,590.2097082300402,302.90632337004587,0.44411384338909815,0.0851233136800472,-0.35899052970905093,0.4392460234756466,0.8472973108291626,0.4437082300402153,-0.018976629954124746,hit,6.519404411315918,0.38990190625190735,0.0,10.0,False,-1.4402,10.00751,98.52043,80.80835,72.557,6.023,400.481,,0.4588
18315,967426241849759902,easy,images/00018/0018315_ref.png,images/00018/0018315_search.png,490.1153,719.6703,490.12281602007806,719.6366118164921,0.034516434721422254,0.20145714297774853,0.1669407082563263,0.20333619725188903,0.8471219539642334,0.007516020078071506,-0.0336881835079339,hit,6.887688636779785,0.3511512875556946,0.0,10.0,False,1.5031,9.92735,82.81714,101.13317,37.998,4.359,382.133,,0.345
107335,3031984986608896828,easy,images/00107/0107335_ref.png,images/00107/0107335_search.png,146.6983,560.4463,146.0764825835408,560.4320489798308,0.6219806998515551,0.6989759505760902,0.07699525072453506,0.1393852736960233,0.7788395881652832,-0.6218174164591801,-0.014251020169126605,hit,6.977799415588379,0.3284648060798645,0.0,10.0,False,-2.7903,10.02764,89.5098,100.4383,55.945,5.289,350.88,,0.2694
32183,1194244263111360126,medium,images/00032/0032183_ref.png,images/00032/0032183_search.png,433.717,746.5981,434.14384043121646,746.6583480949272,0.4310714403244755,0.6035492910459022,0.17247785072142668,0.25498138809296594,0.85333251953125,0.4268404312164762,0.06024809492714667,hit,5.139814376831055,0.33308538794517517,0.0,10.0,False,0.2695,9.93079,138.07015,106.39368,70.46,5.935,298.167,,1.4246
150035,1102072592228045867,hard,images/00150/0150035_ref.png,images/00150/0150035_search.png,610.2434,475.5292,610.0509530749523,475.56624915132096,0.1959807607238479,0.9126785645715121,0.7166978038476641,0.884273546293382,0.783124566078186,-0.1924469250476477,0.03704915132095721,hit,4.918906211853027,0.3546614646911621,0.0,10.0,False,-2.1782,9.89319,95.94116,118.77995,100.691,7.095,,31.62,0.386
72084,3638484156470475892,medium,images/00072/0072084_ref.png,images/00072/0072084_search.png,167.4547,790.9823,168.45105384688293,790.8820340507805,1.001386163660802,1.1609670573167135,0.15958089365591155,0.8536630173083943,0.8292630910873413,0.9963538468829256,-0.10026594921953347,near-miss,3.3909454345703125,0.2652864456176758,0.0,10.0,False,0.5535,9.88882,149.53343,152.11579,108.831,7.377,184.712,,0.2192
131489,2492056930180441088,medium,images/00131/0131489_ref.png,images/00131/0131489_search.png,861.7317,556.7075,861.9770769395525,556.5765683159975,0.27812398015964745,0.6895687997254594,0.4114448195658119,0.947347484121721,0.8221003413200378,0.24537693955244322,-0.13093168400246213,hit,4.872341156005859,0.3191796839237213,0.0,10.0,False,0.3923,9.9272,216.26615,165.28883,30.083,3.878,170.432,,1.0496
114586,4435911246144512644,easy,images/00114/0114586_ref.png,images/00114/0114586_search.png,871.8883,579.4771,871.2257019171773,579.4500640997509,0.6631494245361094,0.5867038891792625,-0.07644553535684684,0.07723370164838393,0.8624429106712341,-0.662598082822683,-0.027035900249074984,hit,8.682506561279297,0.27549538016319275,0.0,10.0,False,0.9448,9.92226,114.8806,87.10013,77.297,6.217,394.376,,0.2783
29496,362974639788346502,medium,images/00029/0029496_ref.png,images/00029/0029496_search.png,437.0494,687.4398,437.8931631970611,687.4200258746339,0.8439948748355953,0.270024614455065,-0.5739702603805303,0.772712053246,0.8164060711860657,0.8437631970610937,-0.019774125366097905,hit,3.766254425048828,0.2656603455543518,0.0,10.0,False,0.9504,9.97134,156.77301,155.57794,31.509,3.969,297.033,,0.8987
128335,3658421138674719894,hard,images/00128/0128335_ref.png,images/00128/0128335_search.png,754.2651,308.8512,754.264012856233,309.1045335066229,0.25333583927153885,0.45842722904669636,0.2050913897751575,0.29750374111907774,0.6702043414115906,-0.0010871437669948136,0.2533335066228801,hit,6.5451202392578125,0.4111170768737793,0.0,10.0,False,1.7654,10.14362,145.38015,113.21531,44.544,4.719,,27.276,0.0448
172938,3617130214833672639,hard,images/00172/0172938_ref.png,images/00172/0172938_search.png,117.9763,497.3317,118.04944219064346,497.2380503746013,0.11882774250756493,0.9469644386127725,0.8281366961052076,0.8308205447709857,0.8089820146560669,0.07314219064346617,-0.09364962539871158,hit,2.3265228271484375,0.23545248806476593,0.0,10.0,False,-0.5269,10.09963,190.12605,166.41878,63.653,5.641,,30.252,0.7809
35376,4253400667001294798,hard,images/00035/0035376_ref.png,images/00035/0035376_search.png,335.9726,112.2687,336.3852167009118,112.10735706345834,0.4430395976018903,1.641287550818935,1.1982479532170447,1.8578349258864006,0.8275156617164612,0.41261670091182623,-0.16134293654165788,hit,1.6232528686523438,0.05375427380204201,0.0,10.0,False,-4.8653,9.89602,126.33863,131.84025,45.229,4.755,,23.879,0.1012
148928,2347943393791802094,medium,images/00148/0148928_ref.png,images/00148/0148928_search.png,714.8646,458.7825,714.9082984054019,458.7179065190594,0.07798633479458851,0.468924709969022,0.39093837517443353,0.543062925159273,0.8661364316940308,0.04369840540186942,-0.06459348094062989,hit,3.842902183532715,0.24541719257831573,0.0,10.0,False,-1.6051,10.03235,169.89135,155.19679,35.27,4.199,191.659,,0.3837
113597,425094040449599471,medium,images/00113/0113597_ref.png,images/00113/0113597_search.png,804.6729,246.6375,804.5488936504855,246.53301515695242,0.16215627384282344,0.5665768171039995,0.4044205432611761,0.7120642443068032,0.8882808685302734,-0.12400634951450229,-0.10448484304757244,hit,6.865460395812988,0.281108558177948,0.0,10.0,False,-2.3851,9.9628,178.34726,148.17632,34.103,4.129,180.623,,0.2197
118337,59044324459438734,easy,images/00118/0118337_ref.png,images/00118/0118337_search.png,227.2746,556.5821,227.62308365536748,556.704969988379,0.36951034099543334,0.41434232239321694,0.044831981397783605,0.4735328894055215,0.7064777612686157,0.34848365536748815,0.12286998837907959,hit,4.035500526428223,0.24472370743751526,0.0,10.0,False,-0.2324,10.13207,141.16272,126.67703,68.709,5.861,335.216,,0.4547
15111,4582715635664847080,easy,images/00015/0015111_ref.png,images/00015/0015111_search.png,714.1824,640.3663,714.0814556193201,640.3695274462106,0.10099596229503513,0.30099330813710706,0.19999734584207193,0.24255956633507253,0.8965860605239868,-0.10094438067994815,0.0032274462105306156,hit,4.475541114807129,0.25267475843429565,0.0,10.0,False,-0.6535,10.01209,132.81666,104.55599,84.393,6.496,366.88,,0.0888
6639,2571535100704703547,medium,images/00006/0006639_ref.png,images/00006/0006639_search.png,669.7975,806.0761,669.869685403338,806.12659719663,0.0880948314179779,0.2733113723591789,0.185216540941201,0.21767440564611074,0.8406608700752258,0.07218540333803958,0.050497196629976315,hit,7.15620231628418,0.4907040297985077,0.0,10.0,False,-1.1837,10.12233,92.25901,97.37477,91.774,6.774,176.194,,0.1037
39655,3425028507885696408,medium,images/00039/0039655_ref.png,images/00039/0039655_search.png,538.1017,583.0386,194.1908866335191,823.6604804992676,419.7303145180228,418.7954362805123,-0.9348782375104747,3.1452863010491527,0.8340921998023987,-343.91081336648097,240.6218804992676,gross-miss,1.0497665405273438,0.19549448788166046,0.0,10.0,False,0.6124,9.96547,189.76601,151.38323,35.534,4.215,265.663,,0.6524
12352,3515652011630817843,easy,images/00012/0012352_ref.png,images/00012/0012352_search.png,210.5743,853.4477,211.08759346987927,853.4556341446013,0.5133547865475266,0.23576666490112136,-0.2775881216464053,0.40708050215614805,0.6249204277992249,0.5132934698792724,0.007934144601222215,hit,2.8046140670776367,0.2544316351413727,0.0,10.0,False,2.7325,10.10597,112.97005,101.83131,35.903,4.237,331.647,,1.1356
155735,3692431314056206554,hard,images/00155/0155735_ref.png,images/00155/0155735_search.png,650.7637,607.1764,650.4583145549002,607.137867435365,0.3078068040445678,0.5989003273065747,0.29109352326200694,0.2911477714334312,0.8504967093467712,-0.3053854450997733,-0.03853256463492016,hit,5.551314353942871,0.34427526593208313,0.0,10.0,False,-1.8101,10.00496,99.58764,86.74936,45.766,4.784,,31.647,0.4581
131701,4321050678487093730,easy,images/00131/0131701_ref.png,images/00131/0131701_search.png,641.1986,853.5585,639.8579338819189,853.4936993101779,1.342231265308667,1.969848440164158,0.6276171748554911,0.6379473978243434,0.8114796280860901,-1.340666118081117,-0.06480068982205012,near-miss,5.897003173828125,0.2757774293422699,0.0,10.0,False,4.362,10.03897,146.75047,123.35819,47.4,4.868,322.052,,1.1065
67873,2367363031233290828,medium,images/00067/0067873_ref.png,images/00067/0067873_search.png,459.1815,509.0949,459.12528250911095,509.0539392267408,0.0695571076731611,0.19625446328759147,0.12669735561443035,0.1750930149280518,0.8602205514907837,-0.056217490889082455,-0.04096077325920078,hit,5.407840728759766,0.2923464775085449,0.0,10.0,False,-0.4579,9.97963,177.08114,133.0743,22.982,3.39,260.526,,0.7379
131846,4289935415635413070,easy,images/00131/0131846_ref.png,images/00131/0131846_search.png,311.2494,428.2884,311.3268885626099,428.18192916513857,0.13168339307386415,0.6514083912893451,0.519724998215481,0.6840877604804321,0.8048683404922485,0.07748856260991488,-0.10647083486145448,hit,4.505393028259277,0.288228839635849,0.0,10.0,False,-2.0974,9.99208,88.57763,70.65505,50.183,5.009,368.749,,0.6742
132225,3972323165171033811,easy,images/00132/0132225_ref.png,images/00132/0132225_search.png,218.2752,288.3256,218.40258029485935,288.41965560276776,0.15834202199813116,0.5690267118138224,0.4106846898156912,0.603200731730141,0.7557607293128967,0.12738029485933566,0.09405560276775304,hit,8.380497932434082,0.3766758143901825,0.0,10.0,False,-0.3074,10.13132,100.68384,122.80588,25.503,3.571,383.314,,0.3472
3599,2925491764450778035,easy,images/00003/0003599_ref.png,images/00003/0003599_search.png,255.3129,602.3286,255.95468574685873,602.381932810448,0.6439979297647448,0.6721206380631664,0.02812270829842156,0.028310137465166366,0.7545842528343201,0.6417857468587158,0.053332810447955126,hit,6.188185691833496,0.25815549492836,0.0,10.0,False,-0.5394,9.96932,126.04174,97.35832,103.081,7.179,328.94,,0.8013
82555,2862221917178546635,easy,images/00082/0082555_ref.png,images/00082/0082555_search.png,884.749,874.248,884.2564577690717,874.3251014681111,0.4985403550693693,1.3881402482456004,0.8895998931762312,0.8956342873369768,0.7645145654678345,-0.4925422309282794,0.07710146811109553,hit,1.0693645477294922,0.15536648035049438,0.0,10.0,False,-0.3326,10.02458,117.40736,87.7872,24.864,3.526,349.102,,0.0696
86204,1591803504894796766,easy,images/00086/0086204_ref.png,images/00086/0086204_search.png,436.7987,250.4347,436.6040351330168,250.24310611647553,0.2731348140416617,0.25331534193004723,-0.019819472111614445,0.1582145699600781,0.8367634415626526,-0.19466486698320296,-0.19159388352446172,hit,6.811713218688965,0.39796510338783264,0.0,10.0,False,-2.179,9.99254,120.72293,123.16405,31.217,3.951,305.681,,1.069
32225,3801670205283853707,easy,images/00032/0032225_ref.png,images/00032/0032225_search.png,403.0836,651.7879,403.11965908361026,651.7440880092141,0.05674282375276344,0.45874942228421367,0.4020065985314502,0.5134824529011396,0.7815561890602112,0.03605908361026877,-0.0438119907859118,hit,6.022866249084473,0.29900163412094116,0.0,10.0,False,2.9139,9.83972,93.25744,91.27974,35.215,4.196,361.998,,0.3387
132877,95731960127681025,medium,images/00132/0132877_ref.png,images/00132/0132877_search.png,573.7116,571.6515,573.4782805328124,571.7784150253894,0.26560383551125316,0.2945028407282873,0.028899005217034146,0.25537521047374967,0.7101646661758423,-0.23331946718758445,0.12691502538939403,hit,7.560318946838379,0.29516953229904175,0.0,10.0,False,0.6109,9.9394,119.47096,145.92907,44.475,4.716,272.541,,0.3907
169465,3061264490418038555,hard,images/00169/0169465_ref.png,images/00169/0169465_search.png,697.0262,320.0622,697.9583331815725,319.796216880113,0.9693396145073343,1.0159087783259626,0.0465691638186283,0.43351969249810574,0.7678918242454529,0.9321331815724534,-0.26598311988703927,hit,5.808361053466797,0.33697065711021423,0.0,10.0,False,1.8443,9.87711,116.26232,132.43607,109.753,7.408,,19.878,1.4585
5493,311528947000141512,medium,images/00005/0005493_ref.png,images/00005/0005493_search.png,298.5579,437.775,297.9806648348711,437.7046387651615,0.5815076433112416,0.33772460306849394,-0.24378304024274766,0.8278165056902712,0.8158631324768066,-0.5772351651289114,-0.07036123483845813,hit,4.832850456237793,0.31174468994140625,0.0,10.0,False,-1.2535,9.98168,81.13975,82.38339,33.669,4.103,219.524,,0.7698
35918,881537806030096138,easy,images/00035/0035918_ref.png,images/00035/0035918_search.png,697.7828,222.8712,698.1353047528315,222.8742386272847,0.3525178492284149,0.2927111185670574,-0.0598067306613575,0.6267904227780011,0.870602548122406,0.3525047528315781,0.003038627284723816,hit,4.961640357971191,0.3466615676879883,0.0,10.0,False,-2.1526,9.9058,155.80848,138.54714,62.179,5.576,337.217,,0.6636
165567,2242064756241798930,hard,images/00165/0165567_ref.png,images/00165/0165567_search.png,762.0075,401.4338,761.5192237279596,401.47441983426967,0.48996294632741605,0.4210402358548808,-0.06892271047253523,0.41645443679431643,0.7769215703010559,-0.48827627204047985,0.040619834269648436,hit,5.727077484130859,0.2852860391139984,0.0,10.0,False,-0.5913,10.08182,94.54518,71.08948,74.342,6.097,,22.398,0.6565
42764,4478256709991988331,medium,images/00042/0042764_ref.png,images/00042/0042764_search.png,117.1762,290.9545,118.02849795014802,291.0686446941635,0.8599074409680415,0.13484688189289215,-0.7250605590751493,0.746084630407631,0.8515910506248474,0.8522979501480279,0.11414469416348538,hit,4.106301307678223,0.22933584451675415,0.0,10.0,False,2.2739,10.04922,138.1094,162.82101,103.645,7.199,215.175,,1.3909
130851,2196635219899405154,easy,images/00130/0130851_ref.png,images/00130/0130851_search.png,743.1348,868.8558,742.8918319414893,868.7588658274531,0.2615907323737984,0.3799308471315024,0.118340114757704,0.12246537039609083,0.8718225955963135,-0.24296805851076897,-0.09693417254698034,hit,7.201223373413086,0.33612361550331116,0.0,10.0,False,-0.2668,9.8789,152.58212,153.24916,50.946,5.047,323.328,,0.9006
27555,2621268339085093612,medium,images/00027/0027555_ref.png,images/00027/0027555_search.png,284.1379,386.6923,285.5755650620803,386.49201046388697,1.4515497680075033,1.5577410842067545,0.10619131619925115,0.29311856619047844,0.8725903630256653,1.4376650620802707,-0.20028953611301858,near-miss,5.293510437011719,0.34525883197784424,0.0,10.0,False,-1.3381,10.06634,141.97829,119.74769,91.507,6.764,299.491,,1.0942
19924,1259444201752233977,easy,images/00019/0019924_ref.png,images/00019/0019924_search.png,747.6593,359.1743,747.7048132694806,359.11464021683935,0.07503830638807008,0.368458008315366,0.29341970192729594,0.36193807502692965,0.8966374397277832,0.045513269480579766,-0.05965978316066867,hit,4.369246482849121,0.22068043053150177,0.0,10.0,False,1.3779,10.0504,124.1259,158.38128,40.357,4.492,374.059,,0.5215
1917,2332680775080236500,medium,images/00001/0001917_ref.png,images/00001/0001917_search.png,162.4403,276.8051,161.79082315860333,276.74306450460836,0.6524328089536029,0.6470813178737645,-0.005351491079838344,0.2426847774851794,0.7297285795211792,-0.6494768413966767,-0.06203549539162623,hit,6.158164024353027,0.41934138536453247,0.0,10.0,False,-2.2741,9.91927,77.50371,73.41294,47.601,4.879,282.273,,0.619
14732,1441984983725623613,easy,images/00014/0014732_ref.png,images/00014/0014732_search.png,821.4418,498.1933,821.594956493563,497.99061566199583,0.2540430128791826,0.05387805403924245,-0.20016495883994012,0.30545126339989304,0.8821501135826111,0.15315649356307404,-0.2026843380041896,hit,7.321821212768555,0.3611944913864136,0.0,10.0,False,-2.078,10.02898,186.21898,158.89497,29.347,3.831,312.754,,0.6939
147484,505733410401969376,medium,images/00147/0147484_ref.png,images/00147/0147484_search.png,789.3185,538.7844,789.200178887609,538.7347771708362,0.128305536948545,0.9762189195387541,0.8479133825902091,0.8523824052870637,0.7095797657966614,-0.11832111239095866,-0.049622829163809,hit,5.95542049407959,0.30923447012901306,0.0,10.0,False,1.0246,10.10095,95.26153,72.39684,48.703,4.935,255.973,,0.1369
127519,2372974985368327332,easy,images/00127/0127519_ref.png,images/00127/0127519_search.png,311.2296,488.7489,311.57298267494303,488.64715254797295,0.35813992439411907,0.1758829266007968,-0.18225699779332227,0.183380116369525,0.6902276277542114,0.34338267494302954,-0.10174745202704116,hit,3.0475635528564453,0.1944967657327652,0.0,10.0,False,0.8275,9.8532,102.76088,94.53142,26.691,3.653,403.61,,0.9339
4242,2956039923933380354,medium,images/00004/0004242_ref.png,images/00004/0004242_search.png,295.5473,468.1928,295.43639798593205,468.099136983841,0.14516203815160597,0.29010986959336227,0.1449478314417563,0.4141822373419641,0.8275240659713745,-0.11090201406796041,-0.09366301615898465,hit,8.284516334533691,0.2713797986507416,0.0,10.0,False,2.7065,9.97048,116.15782,148.22932,79.32,6.298,289.11,,0.3212
30972,1328222091777285607,easy,images/00030/0030972_ref.png,images/00030/0030972_search.png,632.2615,778.9684,632.3079017851961,779.1623821539017,0.19945476104056964,0.25650096702669206,0.05704620598612242,0.40357291070534584,0.8246644735336304,0.04640178519616711,0.193982153901743,hit,8.600130081176758,0.3142091929912567,0.0,10.0,False,1.9623,10.01167,125.22012,159.12227,25.241,3.552,405.983,,1.2026
40516,3757321167705693532,easy,images/00040/0040516_ref.png,images/00040/0040516_search.png,364.1681,729.3977,364.1690090555083,729.4014908686402,0.0038983415658847822,0.9275020076494911,0.9236036660836063,0.9241432064187608,0.7871245741844177,0.0009090555083162144,0.0037908686401806335,hit,5.305780410766602,0.3006155490875244,0.0,10.0,False,-0.8537,9.99012,95.93614,111.25612,44.541,4.719,329.835,,0.8212
6772,3703728445338777624,easy,images/00006/0006772_ref.png,images/00006/0006772_search.png,536.0779,523.2427,535.9975469079711,523.2620944840446,0.08266054324740743,0.1065920571016417,0.023931513854234268,0.13423894467109293,0.8108250498771667,-0.0803530920288722,0.01939448404459654,hit,4.9143877029418945,0.19282348453998566,0.0,10.0,False,1.8202,10.06514,58.65738,78.0581,61.974,5.567,336.956,,0.8515
57626,2592206386722106585,easy,images/00057/0057626_ref.png,images/00057/0057626_search.png,809.3543,597.3886,809.9740030840427,597.2111827072216,0.6445997270778803,1.1788699576450978,0.5342702305672176,0.5348824310639011,0.6585459113121033,0.619703084042726,-0.17741729277838658,hit,7.121151924133301,0.3243427276611328,0.0,10.0,False,1.6198,10.03614,94.80601,101.00293,24.452,3.497,321.908,,0.5101
169234,1176433814945516996,hard,images/00169/0169234_ref.png,images/00169/0169234_search.png,641.3088,386.8425,918.9816197398422,198.14977581586575,335.7188391828863,335.91319159529513,0.1943524124088185,0.20183653473005853,0.9278889298439026,277.6728197398422,-188.69272418413422,gross-miss,0.5408477783203125,0.14219531416893005,0.0,10.0,False,1.9337,9.96828,161.65774,157.58616,91.137,6.75,,30.205,0.7743
108534,2196453200938489963,medium,images/00108/0108534_ref.png,images/00108/0108534_search.png,815.3321,299.8024,815.7951723423943,299.7643119959089,0.4646360837754482,0.07393139821231662,-0.39070468556313154,0.42158143664758185,0.8679869174957275,0.4630723423942982,-0.03808800409109381,hit,2.869582176208496,0.15984004735946655,0.0,10.0,False,-0.3374,10.088,162.25427,163.60949,102.497,7.159,211.399,,0.4469
14385,1825285022930311862,easy,images/00014/0014385_ref.png,images/00014/0014385_search.png,866.2086,850.4849,866.1917019221454,850.5575545624847,0.0745937697466812,0.3556356500702834,0.2810418803236022,0.41021415120412624,0.6570594906806946,-0.016898077854648363,0.07265456248467217,hit,5.512111663818359,0.332436203956604,0.0,10.0,False,-0.6127,10.07655,105.02659,113.43854,23.554,3.432,354.312,,0.3675
127206,1284275878042725424,medium,images/00127/0127206_ref.png,images/00127/0127206_search.png,652.6859,550.8458,652.5523330583992,550.8465539596157,0.13356906956207912,0.4289144150646638,0.29534534550258473,0.42622352920395695,0.7339088320732117,-0.13356694160074767,0.0007539596156220796,hit,6.109807014465332,0.29934629797935486,0.0,10.0,False,-0.8585,9.90182,100.64392,88.53899,47.354,4.866,277.677,,0.2272
28190,3670593765317774816,easy,images/00028/0028190_ref.png,images/00028/0028190_search.png,422.5445,763.2593,422.67736775761483,763.1943909147045,0.14787504984780192,0.5541548648089303,0.40627981496112836,0.40966845748783626,0.8869407176971436,0.13286775761480385,-0.06490908529553963,hit,3.662327766418457,0.23974421620368958,0.0,10.0,False,-0.9364,10.21436,181.06469,151.18338,89.867,6.703,348.152,,1.0911
112146,4147032381250609444,medium,images/00112/0112146_ref.png,images/00112/0112146_search.png,811.478,304.848,811.1011380756504,304.34491044227633,0.628588906293343,0.6668807116165291,0.0382918053231861,0.668713169642736,0.7453866004943848,-0.376861924349555,-0.5030895577236834,hit,6.934374809265137,0.29484131932258606,0.0,10.0,False,0.1702,10.13153,75.58011,85.60772,28.813,3.796,203.434,,0.3265
5550,2893093412750584373,easy,images/00005/0005550_ref.png,images/00005/0005550_search.png,152.4031,368.9757,153.67039152020962,369.0903530796792,1.2724673378421694,1.3123203632743556,0.03985302543218627,0.3311227162091269,0.840499758720398,1.2672915202096249,0.11465307967915805,near-miss,7.689239501953125,0.35182538628578186,0.0,10.0,False,2.3411,9.94526,201.14348,163.33274,53.258,5.16,357.027,,1.3792
35929,1062228931230891566,easy,images/00035/0035929_ref.png,images/00035/0035929_search.png,521.9882,837.3023,521.5813256895691,837.2740009227975,0.4078572572103314,0.7798610671932173,0.37200380998288596,0.4847108315651559,0.8131499290466309,-0.4068743104309078,-0.028299077202404987,hit,6.2957000732421875,0.3496157228946686,0.0,10.0,False,2.4138,9.84365,135.71988,140.51893,25.169,3.547,334.783,,0.8519
33393,2539803472565061017,easy,images/00033/0033393_ref.png,images/00033/0033393_search.png,492.2336,542.0814,492.25656476833535,541.9429283800916,0.14036299407161432,0.3181606222760049,0.17779762820439057,0.3224587624442585,0.9165039658546448,0.02296476833532779,-0.13847161990838686,hit,3.9317398071289062,0.3193216621875763,0.0,10.0,False,1.8395,10.04449,171.84029,135.70916,29.573,3.845,320.504,,0.4753
145989,2968788202470890830,hard,images/00145/0145989_ref.png,images/00145/0145989_search.png,289.5881,513.1573,289.77306722231936,513.3428599117457,0.2620025842994982,0.6299577035328704,0.3679551192333722,0.7021070155161295,0.8699262738227844,0.18496722231935792,0.18555991174571318,hit,1.9142160415649414,0.08933311700820923,0.0,10.0,False,-3.0078,10.06021,218.28495,165.22625,81.959,6.402,,26.154,0.5758
90431,1666987777072497164,easy,images/00090/0090431_ref.png,images/00090/0090431_search.png,594.5821,766.1221,593.9693951505261,766.1532222567347,0.6134947656117692,0.7727534294183738,0.15925866380660458,0.1908282932361132,0.9054506421089172,-0.6127048494738574,0.031122256734647635,hit,2.2088146209716797,0.24868975579738617,0.0,10.0,False,-1.4047,9.99391,138.01995,125.13267,85.511,6.539,355.556,,1.0268
149138,3114658326484200566,easy,images/00149/0149138_ref.png,images/00149/0149138_search.png,787.6478,735.555,787.6625468961655,735.5178936788769,0.03992931271387073,0.4220006489641285,0.38207133625025774,0.4229176604017921,0.9020769596099854,0.014746896165547696,-0.03710632112301937,hit,2.4619007110595703,0.20454378426074982,0.0,10.0,False,-0.726,9.97843,141.51704,144.14473,90.857,6.74,341.59,,0.5599
146040,2779299654446193524,easy,images/00146/0146040_ref.png,images/00146/0146040_search.png,875.6599,718.4075,875.9787908038393,718.5253930215779,0.33998545455654383,0.5657917767204915,0.2258063221639477,0.8510872964648691,0.8004651665687561,0.31889080383928103,0.11789302157785642,hit,6.019266128540039,0.2438679337501526,0.0,10.0,False,-0.4787,9.91564,73.00737,75.15114,63.924,5.653,370.292,,0.5041
148786,4464734676489777924,hard,images/00148/0148786_ref.png,images/00148/0148786_search.png,515.8967,370.5655,515.5924458947217,370.33183990588844,0.38362429557959665,0.648663729978746,0.26503943439914934,0.28899887406384883,0.7453269958496094,-0.3042541052783463,-0.2336600941115421,hit,4.481049537658691,0.2416028082370758,0.0,10.0,False,0.3242,9.86264,161.62498,156.3862,35.118,4.19,,31.668,0.1506
28489,126271471223501665,medium,images/00028/0028489_ref.png,images/00028/0028489_search.png,366.229,191.4507,366.2729859158137,191.54368095573318,0.10286019112866308,0.13423386634702117,0.031373675218358085,0.13984299782077575,0.7245316505432129,0.04398591581372102,0.092980955733168,hit,6.059920310974121,0.2722081243991852,0.0,10.0,False,-1.4945,10.13816,155.2426,137.95299,45.452,4.767,249.372,,0.721
177258,222615173536895467,hard,images/00177/0177258_ref.png,images/00177/0177258_search.png,323.9354,293.7822,323.6679242563972,293.8215536229556,0.2703552867165806,0.5084124821988119,0.23805719548223125,0.2869257319179671,0.7837750315666199,-0.2674757436028017,0.039353622955616174,hit,6.390125274658203,0.33315956592559814,0.0,10.0,False,-1.82,10.0984,73.5079,95.14571,87.837,6.627,,31.853,0.8077
15510,3921398112756075440,medium,images/00015/0015510_ref.png,images/00015/0015510_search.png,231.1783,484.7455,230.94098505880544,484.7983552887533,0.24312972435179572,0.33452620620040247,0.09139648184860674,0.5681340348462575,0.8842855095863342,-0.23731494119456897,0.05285528875333512,hit,5.204137802124023,0.27520984411239624,0.0,10.0,False,0.1987,9.97151,105.57357,136.30525,88.011,6.634,229.675,,0.4884
49728,1904788100808194181,medium,images/00049/0049728_ref.png,images/00049/0049728_search.png,404.1784,132.2405,402.9252540661371,132.25373666333658,1.2532158396754598,1.2349401615527897,-0.018275678122670058,0.12565099044382105,0.8906095027923584,-1.2531459338629247,0.013236663336584797,near-miss,4.08011531829834,0.2581028938293457,0.0,10.0,False,2.9085,9.93651,137.45863,145.48175,45.86,4.789,240.185,,0.9012
82330,711400563373721556,easy,images/00082/0082330_ref.png,images/00082/0082330_search.png,767.4446,202.0703,767.1765952876428,202.0847100676365,0.26839183276499373,0.37796150483456736,0.10956967206957363,0.21132016196119072,0.8037827014923096,-0.2680047123571967,0.014410067636504209,hit,3.087892532348633,0.2030423879623413,0.0,10.0,False,3.4185,10.16606,150.37877,158.43089,23.008,3.392,329.545,,0.613
107063,150316483214954945,hard,images/00107/0107063_ref.png,images/00107/0107063_search.png,330.6481,175.0551,329.2588961012472,174.98392945090112,1.3910257795486645,1.09695600334126,-0.2940697762074045,0.5794424909856877,0.7144548892974854,-1.3892038987527826,-0.07117054909889475,near-miss,2.1391515731811523,0.1839343011379242,0.0,10.0,False,-1.2873,9.93017,124.55651,136.76731,78.094,6.249,,21.441,1.3218
2430,3242134098063602411,medium,images/00002/0002430_ref.png,images/00002/0002430_search.png,627.4042,243.5404,627.453054630769,243.51253338350676,0.056243428614901496,0.3997786264325248,0.3435351978176233,0.34380370379157166,0.7208875417709351,0.04885463076902852,-0.027866616493241736,hit,7.369702339172363,0.22948653995990753,0.0,10.0,False,-1.8074,10.02176,148.83006,114.09207,33.758,4.108,235.902,,0.2402
111208,4606340952505708124,easy,images/00111/0111208_ref.png,images/00111/0111208_search.png,537.8369,622.8152,537.7906048763818,622.7874797996767,0.053959688442254405,0.6485952707138644,0.59463558227161,0.6939723370601526,0.7077227830886841,-0.046295123618165235,-0.02772020032330147,hit,6.021343231201172,0.3036853075027466,0.0,10.0,False,-0.2818,10.12777,89.35381,70.11377,70.0,5.916,320.586,,1.801
122414,642831339841563277,easy,images/00122/0122414_ref.png,images/00122/0122414_search.png,291.8932,465.8297,291.6812087294214,465.6340392222762,0.28848472878297365,0.3350238126045656,0.04653908382159194,0.15212809105187433,0.8181970715522766,-0.21199127057855094,-0.19566077772378776,hit,7.6519975662231445,0.32834184169769287,0.0,10.0,False,2.8223,10.03452,163.5365,140.71774,47.574,4.877,378.227,,0.8203
48378,4124545934960218477,medium,images/00048/0048378_ref.png,images/00048/0048378_search.png,668.3554,581.0432,668.1134112235503,580.9889808048146,0.2479884857290411,0.9970353770669956,0.7490468913379545,0.8440302746078566,0.8648557066917419,-0.24198877644971617,-0.05421919518539653,hit,2.9110488891601562,0.21136531233787537,0.0,10.0,False,2.2726,10.02945,164.49631,121.86434,26.515,3.641,216.856,,0.6702
104261,4065052892514521792,medium,images/00104/0104261_ref.png,images/00104/0104261_search.png,726.0035,672.6483,725.7594240474516,672.635159590226,0.244429419222505,0.3934825830527602,0.1490531638302552,0.3923917234442967,0.7805309295654297,-0.24407595254842818,-0.013140409773995998,hit,7.790886878967285,0.40753865242004395,0.0,10.0,False,-1.822,9.92773,100.45976,125.53035,35.941,4.239,279.325,,1.5725
27811,3789251009251665896,medium,images/00027/0027811_ref.png,images/00027/0027811_search.png,881.2154,764.9374,881.5355458473599,764.8457316276175,0.33301119211976504,0.3329537670040211,-5.74251157439698e-05,0.2144610896331275,0.7783190011978149,0.32014584735986773,-0.09166837238251446,hit,5.77180290222168,0.4954107403755188,0.0,10.0,False,0.972,10.04552,97.04918,74.02031,41.198,4.539,263.091,,0.798
44414,349028727712625773,easy,images/00044/0044414_ref.png,images/00044/0044414_search.png,569.6036,522.1254,569.6077708779629,521.9758798433921,0.14957831879997086,1.1304731573255205,0.9808948385255496,1.1272356864199917,0.7962265014648438,0.004170877962906161,-0.14952015660787765,hit,6.371917724609375,0.3100487291812897,0.0,10.0,False,0.5819,10.08574,196.64954,159.35609,56.545,5.317,337.23,,0.6551
113616,133044463973477921,easy,images/00113/0113616_ref.png,images/00113/0113616_search.png,296.0352,451.3905,296.06244934892106,451.3028139794166,0.0918224657824493,0.03680873740493918,-0.055013728377510125,0.11637974991842948,0.8102685213088989,0.027249348921088767,-0.08768602058336228,hit,7.407318115234375,0.28023120760917664,0.0,10.0,False,-0.7794,10.14449,81.18857,75.25725,56.685,5.324,425.814,,0.6122
194948,805517239939844890,hard,images/00194/0194948_ref.png,images/00194/0194948_search.png,421.6777,451.4956,422.5156511406235,451.4283966135817,0.8406416651691112,0.561045949656144,-0.27959571551296725,0.29436076049271787,0.7163636684417725,0.8379511406234883,-0.06720338641832768,hit,4.628741264343262,0.2712886333465576,0.0,10.0,False,1.8992,10.00304,66.5765,82.62422,49.791,4.99,,32.259,2.1455
126280,1965818041806955373,easy,images/00126/0126280_ref.png,images/00126/0126280_search.png,221.5821,295.8313,221.39530335658736,295.7600498425292,0.19992391285146127,0.33716402862264094,0.13724011577117967,0.15601631221476406,0.8719142079353333,-0.18679664341263447,-0.07125015747078578,hit,6.662904739379883,0.29656982421875,0.0,10.0,False,2.1217,10.12204,154.00214,119.6314,57.837,5.378,413.58,,0.2755
101752,3010074503804734513,easy,images/00101/0101752_ref.png,images/00101/0101752_search.png,334.6968,873.4231,334.87026085031516,873.3951957948493,0.17569095382845054,0.27407629971184533,0.09838534588339479,0.15784212060880737,0.8078955411911011,0.17346085031516623,-0.027904205150662165,hit,4.917120933532715,0.2608412504196167,0.0,10.0,False,0.4888,10.11037,120.56047,158.11335,78.998,6.285,311.502,,1.0873
74704,22013305959620224,easy,images/00074/0074704_ref.png,images/00074/0074704_search.png,547.7633,398.8452,547.863733757103,398.92071364331605,0.12565528199282,0.45409501472804764,0.32843973273522764,0.3739321707736481,0.863865077495575,0.10043375710301916,0.07551364331607147,hit,4.184683799743652,0.24778541922569275,0.0,10.0,False,-2.1575,10.20406,117.64115,108.16694,85.139,6.525,400.07,,0.2826
75079,167665394760112310,easy,images/00075/0075079_ref.png,images/00075/0075079_search.png,744.6596,540.8697,744.5332423904442,540.8637157038103,0.12649923831202767,0.8234150688850024,0.6969158305729747,0.7794273920438237,0.8096140027046204,-0.1263576095557255,-0.00598429618969476,hit,6.63564395904541,0.32090118527412415,0.0,10.0,False,0.4117,9.95267,121.09736,92.63977,45.874,4.789,394.857,,0.6283
48019,896150927582576126,easy,images/00048/0048019_ref.png,images/00048/0048019_search.png,239.4658,425.2556,240.46009483305343,425.2518220017104,0.9943020106123822,0.8882278713777069,-0.10607413923467535,0.10613123934446214,0.8886322975158691,0.9942948330534307,-0.003777998289592688,hit,4.353620529174805,0.3308766186237335,0.0,10.0,False,-1.8583,9.92037,186.5052,150.53751,60.616,5.505,412.509,,0.5678
110785,3402147748211640413,medium,images/00110/0110785_ref.png,images/00110/0110785_search.png,308.5763,768.2662,308.5682051299906,768.3214901253414,0.05587955691244198,1.061865876644185,1.0059863197317431,1.0119398662243195,0.7127998471260071,-0.008094870009415445,0.05529012534134381,hit,5.258170127868652,0.3311455547809601,0.0,10.0,False,-2.1934,9.65969,96.6673,89.31742,27.601,3.715,244.616,,0.8174
89227,4605936866153315878,easy,images/00089/0089227_ref.png,images/00089/0089227_search.png,375.9787,306.1198,376.0944575019636,306.1780872632184,0.12960402892787595,0.1086237938039604,-0.020980235123915558,0.060481859304314226,0.831019937992096,0.11575750196357149,0.058287263218403496,hit,5.472521781921387,0.40719297528266907,0.0,10.0,False,0.2077,10.06385,69.58312,89.17909,22.111,3.325,381.033,,0.0655
127483,457177727239250533,easy,images/00127/0127483_ref.png,images/00127/0127483_search.png,365.7612,675.7993,365.802269858562,676.1695849046816,0.372555558161981,0.7219990643650439,0.3494435062030629,0.6065638692899662,0.7821102738380432,0.041069858562025274,0.37028490468162545,hit,8.570955276489258,0.354515016078949,0.0,10.0,False,-0.4366,10.04679,90.30905,84.40367,54.705,5.23,425.803,,0.954
86803,3979525562949693425,easy,images/00086/0086803_ref.png,images/00086/0086803_search.png,694.6995,656.0743,694.4761049341603,656.0875710828602,0.2237889118830346,0.7352680983999825,0.5114791865169479,0.5247106844506718,0.8417556285858154,-0.22339506583966795,0.01327108286022849,hit,8.621636390686035,0.3768087327480316,0.0,10.0,False,0.7826,9.99362,56.77533,70.37596,43.991,4.69,428.63,,0.2962
173450,2636833163950778290,hard,images/00173/0173450_ref.png,images/00173/0173450_search.png,232.1274,539.3259,232.46895216937344,539.3445637058632,0.34206171712170574,0.3271837429604254,-0.014877974161280338,0.6010865376560222,0.7555187940597534,0.34155216937344335,0.01866370586310495,hit,7.3373212814331055,0.2830936014652252,0.0,10.0,False,-0.2134,10.01579,93.85101,115.53908,58.388,5.403,,24.272,1.0982
119200,2531684665961260771,medium,images/00119/0119200_ref.png,images/00119/0119200_search.png,877.7662,801.7684,878.0006068464104,801.8278781547681,0.2418351102273286,0.6802685181138824,0.4384334078865538,0.5296837470967877,0.7445699572563171,0.2344068464103657,0.05947815476804408,hit,5.881233215332031,0.32620835304260254,0.0,10.0,False,1.8558,10.15088,89.68556,79.0545,72.291,6.012,285.349,,0.4282
141319,3234012433884788233,easy,images/00141/0141319_ref.png,images/00141/0141319_search.png,616.572,223.388,616.2920631703992,223.56035281815525,0.32874020516667357,0.6041765076131415,0.2754363024464679,0.4047769315383107,0.8513839244842529,-0.27993682960084243,0.17235281815524672,hit,6.573423385620117,0.23603211343288422,0.0,10.0,False,-1.7676,10.16821,99.79569,123.5718,61.273,5.535,428.214,,0.3514
162463,339517058919463455,hard,images/00162/0162463_ref.png,images/00162/0162463_search.png,269.5113,333.6589,269.6018565684355,333.56057519345075,0.13367220978858313,0.4538387354407201,0.320166525652137,0.559735756427711,0.8303004503250122,0.09055656843548832,-0.09832480654927167,hit,4.271110534667969,0.2875562906265259,0.0,10.0,False,-0.2986,9.90561,115.09075,91.55036,55.928,5.288,,30.405,0.713
149152,4022588025002935749,medium,images/00149/0149152_ref.png,images/00149/0149152_search.png,315.5498,778.4581,315.8981266944045,778.5693956933142,0.36567501607991026,0.2822594719046245,-0.08341554417528574,0.5606574700065878,0.829200267791748,0.34832669440447717,0.11129569331421862,hit,4.755034446716309,0.24039186537265778,0.0,10.0,False,-0.4941,9.86256,199.47217,158.28412,74.124,6.088,212.353,,1.6036
78859,3990493047827999946,easy,images/00078/0078859_ref.png,images/00078/0078859_search.png,298.1943,558.1673,297.92312037345016,558.2295708974443,0.27823740676666037,1.0561771106400033,0.7779397038733429,1.11320780801525,0.5637367963790894,-0.27117962654983785,0.06227089744436398,hit,5.032865524291992,0.2923462986946106,0.0,10.0,False,-0.0382,10.09262,139.08396,162.7198,23.261,3.41,310.023,,0.5847
38653,611817484455506533,easy,images/00038/0038653_ref.png,images/00038/0038653_search.png,869.8413,334.1205,869.5737428930356,334.31626502330465,0.3315279020484555,0.6569316609578695,0.325403758909414,0.5168056136475284,0.8789448738098145,-0.267557106964432,0.19576502330465928,hit,3.2856006622314453,0.3333834707736969,0.0,10.0,False,-0.4506,9.98761,125.96921,96.37824,74.715,6.112,382.865,,0.5397
146366,1025763293027624101,easy,images/00146/0146366_ref.png,images/00146/0146366_search.png,507.3502,804.9515,506.6405766310595,804.9506452266226,0.7096238837468402,0.7319159396706176,0.022292055923777476,0.036358423920106124,0.9338926672935486,-0.7096233689404698,-0.000854773377454876,hit,7.23300838470459,0.3348224461078644,0.0,10.0,False,0.1193,9.94182,176.23097,161.44795,77.413,6.221,402.91,,0.4105
6144,2544837224348012921,medium,images/00006/0006144_ref.png,images/00006/0006144_search.png,707.1157,521.5803,707.3137182718091,521.5170123529936,0.20788593563269953,0.34385151462209823,0.1359655789893987,0.3729400731692826,0.846388041973114,0.19801827180913278,-0.06328764700640477,hit,5.489069938659668,0.2740953862667084,0.0,10.0,False,0.57,10.17237,132.44099,146.01439,45.706,4.78,235.38,,0.7302
42498,3812909268801711815,easy,images/00042/0042498_ref.png,images/00042/0042498_search.png,775.4781,390.174,775.5272601916159,390.23894952026296,0.08145651982563225,0.367368419824592,0.2859118999989598,0.30956042953577106,0.8837330937385559,0.04916019161589702,0.06494952026298506,hit,5.047046661376953,0.3188583254814148,0.0,10.0,False,1.2634,10.00081,123.94695,123.39845,26.676,3.652,416.701,,1.3762
31870,3612927129401686691,medium,images/00031/0031870_ref.png,images/00031/0031870_search.png,752.618,721.9462,752.6010243886401,721.9576743445404,0.020489801455245996,0.21683367241985876,0.19634387096461275,0.23052137604305753,0.9002723097801208,-0.01697561135995329,0.011474344540374659,hit,4.821544647216797,0.3467106521129608,0.0,10.0,False,-0.8566,9.93762,121.43762,113.40764,57.316,5.353,265.036,,0.3014
83568,1308223508193216743,medium,images/00083/0083568_ref.png,images/00083/0083568_search.png,253.1,684.6477,253.6733669443663,684.7872802594171,0.5901121094427026,0.5746996296590028,-0.015412479783699862,0.3601363259374041,0.7740500569343567,0.5733669443663132,0.13958025941713004,hit,5.1571502685546875,0.3586482107639313,0.0,10.0,False,-1.3308,9.8456,112.23627,124.3369,77.166,6.212,242.139,,0.2681
54000,2393423381706199317,easy,images/00054/0054000_ref.png,images/00054/0054000_search.png,321.1578,120.4311,319.8715060371186,120.4517486520618,1.2864596868060603,0.7238602804178281,-0.5625994063882321,0.5635933311200932,0.7964630722999573,-1.286293962881416,0.020648652061794337,near-miss,5.443661689758301,0.3033197820186615,0.0,10.0,False,0.9723,10.1563,185.21975,161.59625,70.729,5.947,307.571,,1.4076
182482,708036116245745016,hard,images/00182/0182482_ref.png,images/00182/0182482_search.png,348.2676,847.7079,348.2097998701346,847.6672954633102,0.07063698331789289,0.2876868521778031,0.2170498688599102,0.21869716260785269,0.8342698812484741,-0.05780012986542715,-0.040604536689784254,hit,2.7438879013061523,0.19792768359184265,0.0,10.0,False,0.5855,10.00415,154.34089,114.7269,27.781,3.727,,25.491,0.8143
3193,4280938504411709396,medium,images/00003/0003193_ref.png,images/00003/0003193_search.png,146.9962,477.2985,147.12651085160033,477.4397424015555,0.19217266726040932,0.4207717741558394,0.22859910689543006,0.27109867955219935,0.8442267179489136,0.13031085160034195,0.14124240155553025,hit,8.052721977233887,0.4103606045246124,0.0,10.0,False,-2.0813,9.91693,78.88175,81.09637,43.266,4.651,297.483,,0.96
136225,601586086582631445,easy,images/00136/0136225_ref.png,images/00136/0136225_search.png,628.998,677.2294,628.4929436649275,676.9089704455306,0.5981279135556671,0.44205133204302743,-0.15607658151263964,0.27183921649669024,0.8281869292259216,-0.5050563350725952,-0.320429554469456,hit,5.413778305053711,0.357782781124115,0.0,10.0,False,0.6676,9.959,136.22707,126.84115,40.998,4.528,415.219,,0.7984
69521,1360880306211510834,easy,images/00069/0069521_ref.png,images/00069/0069521_search.png,376.4316,149.8789,375.69036507298597,149.9479753833553,0.7444465230029511,0.7376838355868529,-0.006762687416098201,0.18571372842309958,0.8548920750617981,-0.7412349270140339,0.06907538335531171,hit,4.554070472717285,0.2733059525489807,0.0,10.0,False,1.7418,10.03274,114.60051,131.82996,27.468,3.706,327.551,,0.7366
112801,3432299945881640405,medium,images/00112/0112801_ref.png,images/00112/0112801_search.png,600.3876,132.4475,600.2813707684417,132.44308122569856,0.1063210948203903,0.3229027421375548,0.2165816473171645,0.30336548507339617,0.8278435468673706,-0.10622923155835906,-0.004418774301427675,hit,1.870779037475586,0.2618776559829712,0.0,10.0,False,-2.0958,10.13712,139.58926,111.36824,39.778,4.46,211.618,,0.129
104873,627146222828439386,medium,images/00104/0104873_ref.png,images/00104/0104873_search.png,682.1203,170.1763,682.5477870300026,170.10649037918785,0.43314956305917224,0.6287028907045555,0.1955533276453833,0.19558436109295135,0.8665363788604736,0.4274870300025668,-0.06980962081215125,hit,7.495218276977539,0.38826820254325867,0.0,10.0,False,-1.0019,9.89982,102.8241,78.02408,54.982,5.243,291.165,,0.4785
38011,3838899286483226332,medium,images/00038/0038011_ref.png,images/00038/0038011_search.png,624.005,551.7475,624.1151641219027,551.8432184860212,0.1459388992722522,0.30380629944093523,0.15786740016868303,0.23050081475086195,0.8689607381820679,0.11016412190269875,0.0957184860212692,hit,5.5898237228393555,0.3035632371902466,0.0,10.0,False,0.5936,10.08747,175.80571,140.87271,85.593,6.542,192.735,,0.4861
107570,898458744633511767,medium,images/00107/0107570_ref.png,images/00107/0107570_search.png,885.8571,488.7784,885.9110508016327,488.8438693381719,0.08483468180808856,0.5316994428860822,0.4468647610779936,0.5599349074624195,0.8307718634605408,0.053950801632709044,0.06546933817190848,hit,4.0568342208862305,0.382506400346756,0.0,10.0,False,-0.0429,10.04671,91.7678,81.7571,55.673,5.276,207.345,,0.4953
54601,1047505270856934721,medium,images/00054/0054601_ref.png,images/00054/0054601_search.png,671.533,234.6151,671.7174350861629,234.62401963131904,0.18465064535709458,0.6101629907266779,0.4255123453695833,0.6398763439396767,0.6869010329246521,0.18443508616292092,0.008919631319031396,hit,6.600669860839844,0.246287003159523,0.0,10.0,False,-1.5336,10.25055,89.76189,75.22699,30.493,3.905,295.035,,1.3612
73118,1563499151139704441,easy,images/00073/0073118_ref.png,images/00073/0073118_search.png,616.227,582.5002,615.9056370913233,582.1745752775477,0.45749926660622814,0.6081933971435175,0.15069413053728936,1.056938835714111,0.7280765175819397,-0.3213629086766332,-0.32562472245228946,hit,5.568535804748535,0.22276130318641663,0.0,10.0,False,-1.9135,9.94907,181.24565,160.25823,25.418,3.565,333.602,,0.5812
90714,3858646337520111547,medium,images/00090/0090714_ref.png,images/00090/0090714_search.png,454.3197,186.7896,454.16851468049845,186.98232920332998,0.2449521313420176,0.6103720899555329,0.36541995861351534,0.8058806955248854,0.8470734357833862,-0.15118531950156466,0.192729203329975,hit,4.292084693908691,0.3309731185436249,0.0,10.0,False,-2.4232,9.91321,64.79499,78.65467,60.702,5.509,249.427,,0.5999
118646,3559240520284096252,easy,images/00118/0118646_ref.png,images/00118/0118646_search.png,254.6398,419.3293,254.8140249422412,419.4689770611376,0.22330251209285823,0.38412087720268334,0.1608183651098251,0.22301155821383994,0.8203355073928833,0.17422494224118168,0.13967706113760414,hit,5.5217180252075195,0.24218761920928955,0.0,10.0,False,-0.7675,10.22118,189.97566,167.27521,25.055,3.539,400.171,,0.9463
76761,4214233943044096041,medium,images/00076/0076761_ref.png,images/00076/0076761_search.png,253.9961,829.6482,254.3083794833284,829.571294255643,0.3216099644335353,0.26270302114219896,-0.05890694329133633,0.15915802814749533,0.7958105206489563,0.31227948332838196,-0.07690574435696362,hit,2.751129150390625,0.25617584586143494,0.0,10.0,False,-0.6224,9.86108,195.29731,152.43946,44.729,4.729,236.986,,0.8249
136570,3437073038957122941,hard,images/00136/0136570_ref.png,images/00136/0136570_search.png,739.9266,718.9891,740.2504228612663,718.901902509221,0.33535749265052683,0.6057514623472998,0.270393969696773,0.5135067192892572,0.8101819157600403,0.3238228612663079,-0.08719749077897632,hit,6.98876953125,0.3719415068626404,0.0,10.0,False,1.1591,10.02408,86.11073,103.18188,85.668,6.545,,31.137,0.8899
118043,4248290500329595679,medium,images/00118/0118043_ref.png,images/00118/0118043_search.png,833.3214,815.0583,832.8550934716592,815.1157973228175,0.4698379726080774,0.34653699285171374,-0.12330097975636367,0.7266627984300789,0.7224006056785583,-0.4663065283408514,0.05749732281742581,hit,7.347856521606445,0.37157782912254333,0.0,10.0,False,-0.5558,9.93885,108.07659,103.23888,23.687,3.441,218.275,,0.4103
76986,1484166142237533781,easy,images/00076/0076986_ref.png,images/00076/0076986_search.png,713.5288,377.134,713.2540102303041,377.1570412409138,0.2757540866649505,0.7866431538004602,0.5108890671355097,0.5123166705914486,0.8856946229934692,-0.27478976969598534,0.023041240913812544,hit,5.7953691482543945,0.41368913650512695,0.0,10.0,False,-0.9094,10.04665,171.28111,147.90653,95.126,6.897,344.189,,0.1151
169472,583609884495253087,hard,images/00169/0169472_ref.png,images/00169/0169472_search.png,279.7279,667.4832,279.59618577882196,667.4416497623016,0.13811248427758013,0.6043610823935055,0.46624859811592534,0.6325944755547572,0.8374495506286621,-0.13171422117801512,-0.04155023769840227,hit,6.458654403686523,0.1970715969800949,0.0,10.0,False,-1.5959,10.00287,72.75209,77.7363,59.965,5.476,,27.896,0.7341
57636,2147935474549993287,easy,images/00057/0057636_ref.png,images/00057/0057636_search.png,863.6223,124.6614,862.9121572651509,124.82292069822518,0.7282799185849679,0.6613762515104104,-0.06690366707455753,0.4799291860590257,0.7323644161224365,-0.7101427348491143,0.1615206982251749,hit,8.230354309082031,0.31088659167289734,0.0,10.0,False,0.5565,9.97584,98.00972,108.93799,26.458,3.637,371.861,,1.3051
69743,2181471319732960501,easy,images/00069/0069743_ref.png,images/00069/0069743_search.png,114.2084,210.989,113.92904035745433,211.15109768882397,0.32298215214670206,0.46400998745355343,0.14102783530685137,0.1493712258202818,0.9001878499984741,-0.27935964254567125,0.16209768882396247,hit,4.608728408813477,0.30459192395210266,0.0,10.0,False,-1.0932,10.08727,142.92447,126.33948,48.502,4.925,366.643,,0.6121
43797,3823718931157116186,easy,images/00043/0043797_ref.png,images/00043/0043797_search.png,823.924,286.2776,822.7464426724226,286.33844834161226,1.1791283986097802,0.8104797429378475,-0.3686486556719327,0.5678175006738492,0.7763066291809082,-1.1775573275773468,0.06084834161225672,near-miss,7.248325347900391,0.28154149651527405,0.0,10.0,False,0.5564,10.11179,162.02167,150.82889,29.965,3.871,397.735,,0.9173
147172,2106786594510561584,easy,images/00147/0147172_ref.png,images/00147/0147172_search.png,756.313,261.6384,755.8918289134367,261.74704471448575,0.4349583406978007,0.32614243940780585,-0.10881590128999485,0.1310780577822969,0.852522611618042,-0.42117108656327673,0.10864471448576296,hit,3.3286428451538086,0.32495036721229553,0.0,10.0,False,1.9363,9.93715,109.41599,97.78333,60.784,5.513,313.055,,0.8923
67705,2724775428417836245,easy,images/00067/0067705_ref.png,images/00067/0067705_search.png,717.326,302.8785,717.1820347796064,303.04243129213194,0.218172989215072,0.7886375997140956,0.5704646104990236,0.591737824353079,0.8340043425559998,-0.1439652203936248,0.1639312921319629,hit,5.317316055297852,0.22629281878471375,0.0,10.0,False,1.6854,10.06777,219.84398,166.70483,46.894,4.842,355.599,,0.1809
61911,1032338606410683695,easy,images/00061/0061911_ref.png,images/00061/0061911_search.png,758.3698,637.1111,758.1984938259629,637.2166383798017,0.20120674659266438,0.7026747076296858,0.5014679610370214,0.7770398225442672,0.909601628780365,-0.17130617403711312,0.10553837980171465,hit,6.552426338195801,0.30410557985305786,0.0,10.0,False,0.8275,9.95517,177.27785,150.55362,72.034,6.001,347.991,,0.3171
196080,1814700048807798842,hard,images/00196/0196080_ref.png,images/00196/0196080_search.png,719.4086,409.3921,408.16840920702833,787.9270615024419,490.0603773459966,491.0530969597506,0.9927196137539909,1.7639547465908423,0.8240540027618408,-311.24019079297165,378.5349615024419,gross-miss,0.10686969757080078,0.07568294554948807,0.0,10.0,False,-0.0887,10.19672,184.91272,140.36103,63.28,5.625,,19.782,0.1982
119551,4235469861587465764,easy,images/00119/0119551_ref.png,images/00119/0119551_search.png,703.4788,262.6953,703.8899417437985,262.7254450629914,0.4122453860463253,0.8317888793389653,0.41954349329263996,0.4200157119335915,0.7957690358161926,0.4111417437985665,0.030145062991437044,hit,6.988552093505859,0.33738940954208374,0.0,10.0,False,0.0476,10.0684,103.6242,121.0554,33.867,4.115,353.952,,1.0803
10103,2664035722211311634,medium,images/00010/0010103_ref.png,images/00010/0010103_search.png,620.8294,421.3076,620.9546962150506,421.30879536291025,0.12530191697856521,0.4036270949655591,0.27832517798699385,0.42012214771866996,0.812134861946106,0.12529621505063915,0.00119536291026634,hit,7.1637725830078125,0.32206428050994873,0.0,10.0,False,-2.5126,9.95291,202.13804,150.24343,99.835,7.065,242.653,,0.4213
14892,424182109778251753,medium,images/00014/0014892_ref.png,images/00014/0014892_search.png,204.5724,407.7123,204.10801194315977,407.63460806266346,0.47084212265147374,0.5188325177975768,0.04799039514610304,0.4655175311794733,0.9022687077522278,-0.464388056840221,-0.07769193733656721,hit,7.388965606689453,0.25983479619026184,0.0,10.0,False,-3.6796,9.94195,150.95793,125.25162,92.776,6.811,244.944,,0.4144
40289,217352503577166842,easy,images/00040/0040289_ref.png,images/00040/0040289_search.png,133.8535,833.2433,133.80880509076317,833.3020455721845,0.0738151553745998,0.1692080472137869,0.0953928918391871,0.10946250513555456,0.8432918190956116,-0.04469490923682429,0.05874557218453447,hit,7.648585319519043,0.38532716035842896,0.0,10.0,False,-0.5312,9.80751,164.43673,148.69312,88.81,6.664,391.96,,0.8198
1485,3639778391190699211,easy,images/00001/0001485_ref.png,images/00001/0001485_search.png,684.6982,340.9896,683.8089907821831,341.09199132529255,0.8950849214157602,0.8087274294246775,-0.08635749199108278,0.9323248670256777,0.6045311093330383,-0.8892092178169833,0.10239132529255812,hit,4.028011322021484,0.4034269452095032,0.0,10.0,False,0.819,10.08706,87.27975,78.17285,55.701,5.277,302.422,,1.1057
20155,2988636189466714225,medium,images/00020/0020155_ref.png,images/00020/0020155_search.png,618.9443,331.7513,618.2836346582282,331.8691401409237,0.6710923875528829,0.5363045347713039,-0.134787852781579,0.3709285809806139,0.8012152314186096,-0.6606653417718462,0.11784014092370398,hit,5.368011474609375,0.29087623953819275,0.0,10.0,False,1.0127,9.89112,118.88978,103.41418,106.233,7.288,174.544,,0.8378
139279,2874863487876890386,easy,images/00139/0139279_ref.png,images/00139/0139279_search.png,790.6991,256.3658,790.4335293820949,256.34637945393376,0.26627976022228156,0.296589444481385,0.030309684259103464,0.08495352243571754,0.7798118591308594,-0.2655706179051549,-0.019420546066214683,hit,6.082305908203125,0.3610402047634125,0.0,10.0,False,-1.3643,10.05776,136.22929,120.66466,34.998,4.183,417.695,,0.5027
134640,1349204425146032782,medium,images/00134/0134640_ref.png,images/00134/0134640_search.png,711.3527,220.9629,711.6561475272634,220.91044173362567,0.3079484884088245,0.29889723942844704,-0.009051248980377458,0.563887160436277,0.8651120662689209,0.3034475272634154,-0.052458266374316054,hit,5.586994171142578,0.288931280374527,0.0,10.0,False,2.1855,10.05263,221.16787,167.03476,36.372,4.264,271.715,,0.6837
54798,431926295627854153,medium,images/00054/0054798_ref.png,images/00054/0054798_search.png,378.6828,791.325,378.8509451521182,791.3243182558974,0.16814653417740733,0.29929522663334956,0.13114869245594224,0.410539105218181,0.7730149626731873,0.1681451521181998,-0.000681744102621451,hit,4.360428810119629,0.21916945278644562,0.0,10.0,False,0.7382,9.95421,161.78659,137.87199,45.56,4.773,240.384,,0.2868
67582,2896119226106290969,easy,images/00067/0067582_ref.png,images/00067/0067582_search.png,713.7063,765.3073,713.6714424835922,765.3264492325819,0.0397710894822008,0.3389135112836787,0.2991424218014779,0.30592754104906567,0.841340184211731,-0.03485751640789658,0.01914923258186718,hit,6.419868469238281,0.47492220997810364,0.0,10.0,False,-0.6029,10.0732,107.08757,137.34136,37.156,4.31,395.816,,1.0733
103604,2815374490798634193,easy,images/00103/0103604_ref.png,images/00103/0103604_search.png,807.2187,514.6515,807.1010167153466,514.701020865149,0.12767799956101133,0.22963828030933583,0.1019602807483245,0.333268785483403,0.7337672710418701,-0.11768328465336708,0.04952086514890652,hit,6.297480583190918,0.2771444022655487,0.0,10.0,False,2.928,9.67916,120.93905,103.7327,60.502,5.5,342.445,,1.0063
90050,2049163158305415087,easy,images/00090/0090050_ref.png,images/00090/0090050_search.png,186.1041,582.7373,186.22384215927568,582.6275955925053,0.16239840433876684,0.28667429390542953,0.12427588956666269,0.36317689245877666,0.8433138728141785,0.11974215927568821,-0.10970440749474619,hit,7.080724716186523,0.3809145987033844,0.0,10.0,False,-0.1085,9.90266,131.11477,109.39984,41.901,4.577,402.54,,0.4021
21843,3620665377868832745,medium,images/00021/0021843_ref.png,images/00021/0021843_search.png,490.1488,652.0388,490.30882469182023,652.0160222762584,0.16163764008118675,0.9826579407834867,0.8210203007022999,1.1421464590892774,0.7525248527526855,0.16002469182024015,-0.022777723741683076,hit,5.06107234954834,0.2707802951335907,0.0,10.0,False,-0.4629,10.17103,144.52377,147.57352,26.429,3.635,196.841,,0.4456
20730,2126371691000925346,easy,images/00020/0020730_ref.png,images/00020/0020730_search.png,601.461,419.9873,601.8830397111875,419.828249083893,0.4510152012224168,0.685476919875739,0.23446171865332222,0.24418849928746894,0.8465684652328491,0.4220397111874945,-0.15905091610699174,hit,7.593320846557617,0.3063984811306,0.0,10.0,False,0.1898,10.05482,109.88655,113.05984,93.946,6.854,381.339,,0.488
102274,1649161476950201526,easy,images/00102/0102274_ref.png,images/00102/0102274_search.png,785.8313,656.5702,786.2573364682778,656.652257867884,0.4338669911208342,0.3553188443990483,-0.0785481467217859,0.7886385917984496,0.7246191501617432,0.42603646827774355,0.08205786788403202,hit,5.083332061767578,0.3485216200351715,0.0,10.0,False,1.5022,9.85083,134.74464,162.43952,53.608,5.177,353.878,,0.4044
29741,152296218939721193,medium,images/00029/0029741_ref.png,images/00029/0029741_search.png,607.476,151.7126,607.2865361025583,151.58550782142217,0.22814247804705054,0.1657263168963194,-0.06241616115073115,0.27614592020351997,0.8340669870376587,-0.18946389744166936,-0.12709217857783983,hit,7.20163631439209,0.2193635106086731,0.0,10.0,False,-0.1112,10.10637,139.38093,128.19018,60.169,5.485,196.108,,0.8643
157366,2871754454928370620,hard,images/00157/0157366_ref.png,images/00157/0157366_search.png,617.872,780.027,618.004303861212,780.1867093199827,0.2073918479133743,0.7659876631778051,0.5585958152644308,0.5743767674003122,0.8560663461685181,0.13230386121199444,0.15970931998265314,hit,4.825991630554199,0.2815665304660797,0.0,10.0,False,1.9117,9.92622,110.34655,93.34197,54.512,5.221,,30.931,0.2533
12616,945124370316299564,medium,images/00012/0012616_ref.png,images/00012/0012616_search.png,467.3368,879.4267,467.40292671786574,879.4346120715667,0.0665983760475724,0.0985121395473874,0.03191376349981499,0.16454660461423523,0.687167763710022,0.06612671786575675,0.007912071566693157,hit,5.803662300109863,0.20551466941833496,0.0,10.0,False,0.7688,9.92234,123.36037,155.23058,32.211,4.013,189.261,,0.1421
49903,4044456467586150318,medium,images/00049/0049903_ref.png,images/00049/0049903_search.png,198.9982,846.6438,198.95655611981337,846.6704399687636,0.04943582398141664,0.07359145071021171,0.024155626728795072,0.12300747281383516,0.7704823017120361,-0.04164388018662635,0.026639968763561228,hit,5.394881248474121,0.31053707003593445,0.0,10.0,False,-0.6279,10.02835,84.20525,75.59848,26.093,3.612,254.832,,0.9446
6692,3189353233110336097,easy,images/00006/0006692_ref.png,images/00006/0006692_search.png,473.4121,236.3722,473.7544781210992,236.26321134621293,0.35930669971731155,0.5893804728134782,0.2300737730961666,0.34663411694553703,0.841028094291687,0.34237812109921606,-0.10898865378706546,hit,5.402688980102539,0.33069002628326416,0.0,10.0,False,-0.0638,9.93228,123.25819,136.73245,59.583,5.458,357.715,,0.4467
169423,2460377108502861370,hard,images/00169/0169423_ref.png,images/00169/0169423_search.png,402.6082,399.4337,402.49319016572156,399.47380003575876,0.12180014305661473,0.9992956502649919,0.8774955072083772,1.1205481554775099,0.7608410716056824,-0.11500983427845313,0.04010003575876908,hit,0.86712646484375,0.0796957015991211,0.0,10.0,False,1.4736,9.99543,73.94217,70.21868,23.675,3.441,,18.376,0.8406
148673,2140622587862271553,easy,images/00148/0148673_ref.png,images/00148/0148673_search.png,121.7752,383.4718,121.77197666110288,383.5978306956853,0.12607190872104188,0.3790410075821135,0.25296909886107166,0.3982423262583888,0.8221163749694824,-0.0032233388971150134,0.12603069568530145,hit,1.5168495178222656,0.2003450244665146,0.0,10.0,False,0.7987,10.02563,139.77546,145.95571,59.018,5.432,306.217,,0.0467
107057,4367929789834351170,medium,images/00107/0107057_ref.png,images/00107/0107057_search.png,749.8647,608.6613,750.0372326835079,608.7308695648597,0.18603078033816647,0.20207175471422223,0.016040974376055755,0.28126117024523434,0.8282191753387451,0.1725326835079386,0.06956956485976207,hit,6.813347816467285,0.4229753911495209,0.0,10.0,False,2.2768,10.09869,63.84557,75.94776,72.785,6.033,175.373,,0.41
149959,3853802284605103917,easy,images/00149/0149959_ref.png,images/00149/0149959_search.png,506.9973,723.2954,506.69262539783057,723.1924150122302,0.3216092674551561,0.6166729194169903,0.2950636519618342,0.8581196416879412,0.8208724856376648,-0.30467460216942754,-0.10298498776978704,hit,3.1173763275146484,0.2504633069038391,0.0,10.0,False,-0.0809,10.046,82.03123,85.65678,90.845,6.74,405.16,,0.222
45506,1248820467101313706,medium,images/00045/0045506_ref.png,images/00045/0045506_search.png,893.451,875.5475,893.1130242674914,875.5220101212227,0.33893558338546037,0.30121501523391975,-0.03772056815154062,0.31258802885548154,0.6980420351028442,-0.337975732508653,-0.02548987877730724,hit,4.370184898376465,0.32337647676467896,0.0,10.0,False,1.4756,9.98008,66.53886,88.28514,23.917,3.458,179.873,,0.9172
92929,1668118979123357486,medium,images/00092/0092929_ref.png,images/00092/0092929_search.png,151.1508,447.2294,151.19196750726792,447.1440202533428,0.09478641671624499,0.09376344100548668,-0.0010229757107583087,0.0024070011989966666,0.9167218804359436,0.041167507267914516,-0.08537974665722459,hit,2.845320701599121,0.17081129550933838,0.0,10.0,False,-0.195,10.03594,102.8911,125.13969,81.149,6.37,210.675,,0.2239
125747,4349152497964252109,easy,images/00125/0125747_ref.png,images/00125/0125747_search.png,660.302,160.8891,660.0133149920085,161.08821599600475,0.3506939031463252,0.5267410951453181,0.17604719199899288,0.243111729337585,0.8227513432502747,-0.28868500799148933,0.1991159960047355,hit,8.006163597106934,0.33988675475120544,0.0,10.0,False,2.0096,10.0457,129.76587,148.91448,58.734,5.419,349.96,,1.3841
11643,2511999444226722446,easy,images/00011/0011643_ref.png,images/00011/0011643_search.png,592.7878,655.4504,592.7688107742798,655.4115676122155,0.0432266704071443,0.44615307838870305,0.40292640798155877,0.41587815438811065,0.8472224473953247,-0.018989225720133618,-0.038832387784395905,hit,6.772639274597168,0.23328371345996857,0.0,10.0,False,-1.8437,10.00751,214.07453,159.11119,84.517,6.501,342.339,,0.7999
96339,3235609905294582095,easy,images/00096/0096339_ref.png,images/00096/0096339_search.png,174.9516,744.1829,174.26977693686914,744.1000072379958,0.6868434315110423,1.4700882126369723,0.78324478112593,0.9456075745001329,0.7175385355949402,-0.6818230631308779,-0.08289276200423501,hit,6.09287166595459,0.3294357657432556,0.0,10.0,False,-0.5566,9.98596,167.6241,157.14009,24.11,3.472,327.199,,1.2902
67004,164115355335838199,easy,images/00067/0067004_ref.png,images/00067/0067004_search.png,710.3824,805.529,710.5006315566736,805.5874099955277,0.13187277418412893,0.22485921339100245,0.09298643920687352,0.09302921254563026,0.8692616820335388,0.11823155667366336,0.058409995527654246,hit,6.480195045471191,0.3525563180446625,0.0,10.0,False,1.2621,10.00294,110.02152,117.25185,81.191,6.371,402.257,,0.4252
21597,3103794272197871773,medium,images/00021/0021597_ref.png,images/00021/0021597_search.png,287.6094,342.4511,287.748978162184,342.4618951565413,0.13999499549419753,0.6143435502205287,0.47434855472633114,0.6281697384489534,0.7610536813735962,0.13957816218402286,0.010795156541291817,hit,8.288125038146973,0.2735725939273834,0.0,10.0,False,-1.7093,10.09154,147.59317,122.40579,32.643,4.04,222.52,,0.1341
121591,1299423753621719414,medium,images/00121/0121591_ref.png,images/00121/0121591_search.png,166.1253,753.0838,165.89011284645306,753.1034534756728,0.23600689883886336,0.33503068167930483,0.09902378284044147,0.42991625472794415,0.7036640048027039,-0.23518715354694564,0.019653475672839704,hit,5.8407392501831055,0.38539135456085205,0.0,10.0,False,-0.3546,10.16964,109.24495,119.85589,29.838,3.863,220.236,,0.2634
96094,3023051929260601700,easy,images/00096/0096094_ref.png,images/00096/0096094_search.png,190.491,458.1672,190.89708158776816,458.1496379024122,0.4064611705882582,0.49130604610314293,0.08484487551488473,0.08499305996625545,0.8440079689025879,0.40608158776814207,-0.017562097587756398,hit,5.708467483520508,0.31149429082870483,0.0,10.0,False,1.4433,10.05203,123.71647,104.27431,29.843,3.863,324.793,,1.2161
149323,811404677190358715,easy,images/00149/0149323_ref.png,images/00149/0149323_search.png,605.0798,782.0963,605.5192895087584,782.2604770011586,0.4691536166525682,0.3202220967079793,-0.14893151994458892,0.18037663093224945,0.7979382872581482,0.43948950875847004,0.1641770011585777,hit,8.737432479858398,0.5053938031196594,0.0,10.0,False,-0.7794,9.84335,126.97816,101.28367,88.962,6.669,305.63,,0.6021
21692,298481342965904960,easy,images/00021/0021692_ref.png,images/00021/0021692_search.png,611.9054,759.192,611.6367709211464,759.0863148484767,0.288670977512834,0.13028527987560953,-0.15838569763722446,0.32577316469141115,0.8568109273910522,-0.26862907885356435,-0.10568515152328928,hit,5.896628379821777,0.230773463845253,0.0,10.0,False,-1.7246,10.03766,121.85403,93.62659,68.507,5.853,388.358,,0.7604
50911,1370905268450814706,medium,images/00050/0050911_ref.png,images/00050/0050911_search.png,822.8305,280.7771,822.7903546572629,280.81222116923,0.05333990130811676,0.49339514688184843,0.44005524557373166,0.5341319237260338,0.7617877721786499,-0.04014534273710524,0.03512116922996711,hit,2.841787338256836,0.3012900948524475,0.0,10.0,False,-0.1626,10.22802,94.62851,96.02927,92.587,6.804,298.885,,0.2171
96788,68829889097781103,easy,images/00096/0096788_ref.png,images/00096/0096788_search.png,883.2705,536.0279,883.6073186824374,536.0974976883695,0.3439340969796964,0.34049825802851413,-0.0034358389511822685,0.6636430045344677,0.8820666074752808,0.33681868243741064,0.06959768836941294,hit,7.630617141723633,0.2618443965911865,0.0,10.0,False,0.8254,10.03941,124.71328,112.78485,39.392,4.438,310.642,,0.983
39151,2661269688699671587,easy,images/00039/0039151_ref.png,images/00039/0039151_search.png,539.7351,677.089,538.8775559999726,677.0993833271707,0.8576068595026848,0.6826319800476861,-0.17497487945499868,0.18040527298519418,0.8572710752487183,-0.8575440000273602,0.010383327170643497,hit,7.4009904861450195,0.32771438360214233,0.0,10.0,False,-1.5363,9.94404,123.93177,94.44011,39.116,4.422,339.117,,1.7702
110974,3603196870638889570,hard,images/00110/0110974_ref.png,images/00110/0110974_search.png,696.058,717.6771,696.087946476933,717.648523420678,0.041393385539792944,0.12282524053044704,0.08143185499065408,0.10578181461988571,0.7983611822128296,0.029946476932991573,-0.028576579322020734,hit,5.354334831237793,0.29735589027404785,0.0,10.0,False,-0.9694,9.95905,131.19452,108.28125,71.774,5.991,,15.25,0.6939
119901,3282108739224199790,medium,images/00119/0119901_ref.png,images/00119/0119901_search.png,768.18,579.9855,768.8505918084542,580.0737326379483,0.6763714748311129,1.140292505962798,0.46392103113168504,0.9950485801103917,0.8041766881942749,0.6705918084542191,0.08823263794829472,hit,5.068737983703613,0.334797203540802,0.0,10.0,False,-0.7475,9.85838,74.43887,91.70498,43.016,4.638,222.32,,1.0989
146081,2651233099425955451,easy,images/00146/0146081_ref.png,images/00146/0146081_search.png,841.4428,654.9847,842.1956031238211,654.9985146057774,0.7529298682928995,0.779101933377206,0.026172065084306473,0.26185301256587507,0.7858306169509888,0.7528031238210815,0.013814605777383804,hit,6.328676223754883,0.2716711461544037,0.0,10.0,False,2.537,9.92218,102.71894,85.24544,48.696,4.934,420.383,,0.6793
103335,1158859618634119305,easy,images/00103/0103335_ref.png,images/00103/0103335_search.png,745.4949,602.4069,744.8682020270111,602.5184619721788,0.6365504088325522,0.5090554562159413,-0.12749495261661092,0.23399498977531485,0.7090955972671509,-0.6266979729889499,0.11156197217883346,hit,3.312877655029297,0.32841524481773376,0.0,10.0,False,-0.8152,9.8053,102.04476,90.02504,24.525,3.502,377.026,,0.3578
164183,4374892043285043567,hard,images/00164/0164183_ref.png,images/00164/0164183_search.png,209.5663,470.5936,209.63838498980468,470.57016922176166,0.07579740842530215,0.7518927759117644,0.6760953674864623,0.6940073806897813,0.8954555988311768,0.07208498980466516,-0.02343077823832118,hit,4.288041114807129,0.2489391416311264,0.0,10.0,False,1.3406,9.96736,184.88745,146.56272,48.486,4.924,,25.304,0.2494
41649,209267239709621246,easy,images/00041/0041649_ref.png,images/00041/0041649_search.png,668.9126,208.3778,668.6536142402377,208.37051589076998,0.2590881741934721,0.26966937318952555,0.010581198996053476,0.21914840360195936,0.8724873065948486,-0.258985759762254,-0.00728410923002798,hit,7.378371238708496,0.38492920994758606,0.0,10.0,False,-1.6584,10.00571,164.8838,136.33206,74.376,6.098,305.124,,1.0066
18573,3304465460693362556,medium,images/00018/0018573_ref.png,images/00018/0018573_search.png,259.8188,487.2271,259.36159202341247,487.2314851809811,0.45722900571541786,0.5754806000297878,0.11825159431436999,0.1806729469275621,0.9232785105705261,-0.4572079765875401,0.004385180981103076,hit,2.581930160522461,0.22278903424739838,0.0,10.0,False,0.8822,10.12959,147.57952,167.53804,51.259,5.063,231.319,,0.6619
99475,4145386986282666356,easy,images/00099/0099475_ref.png,images/00099/0099475_search.png,456.6357,452.2345,456.5313592709791,452.16368631224526,0.1261014119906444,0.016984807706745375,-0.10911660428389902,0.1252605484311403,0.905596137046814,-0.104340729020862,-0.07081368775476449,hit,5.219122886657715,0.3389962315559387,0.0,10.0,False,1.9727,10.09032,120.36595,137.39378,89.151,6.676,375.318,,0.6298
93435,4529309678056788920,easy,images/00093/0093435_ref.png,images/00093/0093435_search.png,136.337,329.5888,136.05666346171876,329.8445854380263,0.3794927733196091,0.7059722230430044,0.3264794497233953,0.37065563186360273,0.8047880530357361,-0.28033653828123306,0.25578543802629383,hit,5.373903274536133,0.3061874210834503,0.0,10.0,False,0.6134,9.91375,105.63328,107.07674,31.213,3.951,400.601,,0.2643
19275,4465755628329959614,medium,images/00019/0019275_ref.png,images/00019/0019275_search.png,729.2367,605.4481,729.1985285190067,605.3623876643768,0.09382785534798706,0.6810041819093386,0.5871763265613515,0.7037008134872141,0.8167585134506226,-0.038171480993355544,-0.08571233562315683,hit,5.3851776123046875,0.3395780324935913,0.0,10.0,False,1.8206,9.93889,128.51974,167.71556,25.727,3.587,258.542,,1.0104
125486,4087989230570713707,easy,images/00125/0125486_ref.png,images/00125/0125486_search.png,470.1045,814.234,470.07500462688625,814.0834023443008,0.15345889005601923,0.5172257246007906,0.36376683454477143,0.36779956030291644,0.8270535469055176,-0.029495373113718415,-0.15059765569924366,hit,3.7353429794311523,0.3847959339618683,0.0,10.0,False,0.8803,10.23745,144.79608,141.17731,44.512,4.718,305.615,,1.037
85581,3315393788821924599,easy,images/00085/0085581_ref.png,images/00085/0085581_search.png,134.3521,792.404,134.63578240973624,792.3037459262765,0.30087636811804674,0.7235903020246116,0.42271393390656486,0.8892829677527002,0.8624875545501709,0.2836824097362296,-0.10025407372347672,hit,8.850687980651855,0.409305214881897,0.0,10.0,False,1.822,10.03363,126.74786,131.61085,52.98,5.147,316.054,,1.2404
43068,3211946597960174527,easy,images/00043/0043068_ref.png,images/00043/0043068_search.png,122.2014,477.0453,122.19452987259129,477.1293424848394,0.0843228196195746,0.07478650717067599,-0.009536312448898604,0.15045972784697362,0.8715789914131165,-0.006870127408717508,0.08404248483941501,hit,5.672127723693848,0.39926964044570923,0.0,10.0,False,-1.368,9.86789,84.98971,73.58798,82.877,6.437,353.024,,0.8995
67450,238577793138333508,easy,images/00067/0067450_ref.png,images/00067/0067450_search.png,711.0739,646.5336,710.9962921553462,646.5831395456868,0.09207140782384406,0.3594028587105002,0.26733145088665616,0.26890263382685486,0.8890465497970581,-0.07760784465381221,0.04953954568679819,hit,2.784539222717285,0.2315375953912735,0.0,10.0,False,0.4023,10.09528,157.73274,159.27524,55.537,5.27,405.052,,0.6426
105982,3991413954340919819,medium,images/00105/0105982_ref.png,images/00105/0105982_search.png,734.1841,153.4573,734.27091597584,153.4158783722263,0.09619129330914683,0.6509316143636582,0.5547403210545114,0.7247755433975336,0.8246847987174988,0.08681597584006795,-0.041421627773701175,hit,2.775486946105957,0.27998602390289307,0.0,10.0,False,-2.1069,10.07177,147.28753,116.21305,25.546,3.574,295.63,,0.0756
33465,1498224494437451796,easy,images/00033/0033465_ref.png,images/00033/0033465_search.png,851.0173,395.217,851.3572401230949,395.3061908592378,0.35144600817392774,0.5870284290903703,0.2355824209164426,0.415296848177498,0.7138022184371948,0.3399401230949479,0.08919085923781722,hit,5.461132049560547,0.2845592796802521,0.0,10.0,False,0.4311,9.92004,58.25254,72.31503,73.738,6.072,390.57,,0.2753
86093,4528186361376722320,easy,images/00086/0086093_ref.png,images/00086/0086093_search.png,459.6572,380.144,459.43795136822513,380.1806656536455,0.22229334828645025,0.547773998018764,0.3254806497323138,0.3402862414671912,0.6743230819702148,-0.21924863177486031,0.036665653645513885,hit,8.454732894897461,0.31820595264434814,0.0,10.0,False,1.5991,10.12955,100.39678,88.9187,51.099,5.055,349.86,,1.3204
56782,426768981696225297,medium,images/00056/0056782_ref.png,images/00056/0056782_search.png,194.8932,148.0509,194.77872002815258,148.13253485654343,0.14060552534325485,0.61457788006907,0.4739723547258151,0.5332586887173489,0.8554847240447998,-0.1144799718474303,0.08163485654341684,hit,2.486508369445801,0.2586134672164917,0.0,10.0,False,-2.2974,10.13699,149.06876,158.25749,56.581,5.319,271.58,,0.5844
147138,2649865015343754110,medium,images/00147/0147138_ref.png,images/00147/0147138_search.png,610.3126,236.7535,402.4441241440248,592.929429365337,412.3961637963521,411.02032985480963,-1.375833941542453,1.4125765735388818,0.7204856276512146,-207.8684758559752,356.17592936533697,gross-miss,0.1113290786743164,0.010702284052968025,0.0,10.0,False,-1.906,9.83969,110.43612,110.84567,38.441,4.384,254.789,,0.1989
96581,3021249163821127037,easy,images/00096/0096581_ref.png,images/00096/0096581_search.png,277.5029,210.83,277.5344163049667,210.90415411747406,0.0805736347517627,0.6701815745555849,0.5896079398038222,0.7089335845415635,0.8475205898284912,0.03151630496671487,0.07415411747405187,hit,7.406761169433594,0.39396563172340393,0.0,10.0,False,2.1727,9.92017,116.02751,132.1867,96.66,6.952,379.838,,0.5687
53181,600729316087543705,medium,images/00053/0053181_ref.png,images/00053/0053181_search.png,364.5432,803.3986,364.2077583327988,803.3109871973935,0.3466945561662304,0.390186078676966,0.04349152251073557,0.7210409767137569,0.7792573571205139,-0.3354416672012235,-0.08761280260648618,hit,7.913566589355469,0.34772562980651855,0.0,10.0,False,0.4891,9.97815,82.86149,71.09503,74.411,6.1,257.336,,1.4242
18655,107980880542493769,easy,images/00018/0018655_ref.png,images/00018/0018655_search.png,231.4641,497.216,231.57408318751675,497.2352984434811,0.11166347414054759,0.40733996506521974,0.2956764909246722,0.35049811131593106,0.7925010323524475,0.10998318751674674,0.019298443481091,hit,5.556001663208008,0.2783259153366089,0.0,10.0,False,-2.1165,10.09209,128.91783,139.19449,69.03,5.875,300.345,,0.4927
137034,917304732154994860,easy,images/00137/0137034_ref.png,images/00137/0137034_search.png,234.6333,541.8598,233.8213966839898,541.8172682617744,0.8130165701293082,0.6867504293201591,-0.1262661408091491,0.25121923951971786,0.843650221824646,-0.8119033160101878,-0.042531738225534355,hit,2.541104316711426,0.30126458406448364,0.0,10.0,False,0.251,10.02019,157.98235,142.18957,74.712,6.112,302.914,,0.6734
46,3757058238249764302,easy,images/00000/0000046_ref.png,images/00000/0000046_search.png,452.1,787.9521,452.25054591955205,787.9793497727849,0.15299223513170515,0.1800752887592423,0.027083053627537157,0.17465976279553497,0.7635610103607178,0.15054591955203023,0.027249772784898596,hit,9.036961555480957,0.3876182734966278,0.0,10.0,False,-1.2057,9.73225,94.26918,81.96327,53.838,5.188,326.877,,0.0375
38523,445788744704872376,easy,images/00038/0038523_ref.png,images/00038/0038523_search.png,886.5109,309.4274,886.5900420996843,309.56160441594744,0.1558021091071641,0.6762912687712946,0.5204891596641306,0.682953524771713,0.8353217840194702,0.07914209968430441,0.13420441594746535,hit,7.33553409576416,0.425913006067276,0.0,10.0,False,3.548,9.90493,107.47571,108.46563,34.144,4.132,326.313,,0.287
12033,1595683789784401728,hard,images/00012/0012033_ref.png,images/00012/0012033_search.png,481.56,542.0829,481.5608828078168,542.0328342777345,0.050073504926292436,0.14672157010208614,0.0966480651757937,0.1951343803350159,0.8206979632377625,0.0008828078168221509,-0.050065722265458135,hit,3.926175117492676,0.25394493341445923,0.0,10.0,False,-0.7418,10.08538,153.49521,121.30898,22.32,3.341,,29.64,0.3274
29225,2457555985550368557,easy,images/00029/0029225_ref.png,images/00029/0029225_search.png,435.251,766.3356,435.1893939866839,766.3329925805997,0.06166116697426651,0.845744729992502,0.7840835630182356,0.9057170313008326,0.6343936920166016,-0.061606013316065855,-0.0026074194003058437,hit,6.726812362670898,0.26711300015449524,0.0,10.0,False,-3.2704,9.95214,173.14773,168.7181,76.128,6.17,411.461,,1.0028
6669,3379729247681559187,easy,images/00006/0006669_ref.png,images/00006/0006669_search.png,187.186,279.9768,187.2973264386882,279.97434075683464,0.11135359818139237,0.04515406878032155,-0.06619952940107082,0.10252392477156434,0.8662069439888,0.11132643868819514,-0.002459243165390035,hit,5.294197082519531,0.22692812979221344,0.0,10.0,False,0.5991,9.97902,137.83245,141.855,22.445,3.35,404.01,,0.3091
122232,322510382809969987,medium,images/00122/0122232_ref.png,images/00122/0122232_search.png,508.9378,884.2576,509.30158584288216,884.2090155712956,0.36701578466604684,0.49511222381161535,0.1280964391455685,0.16743083468319053,0.8711639046669006,0.3637858428821801,-0.04858442870443014,hit,7.86423397064209,0.42246097326278687,0.0,10.0,False,2.1408,9.92359,138.11443,140.70034,71.714,5.988,198.446,,1.6707
9582,26229231939571407,easy,images/00009/0009582_ref.png,images/00009/0009582_search.png,162.1154,298.1561,161.07875803664794,298.3346178319398,1.0519007446061117,0.05064546930202677,-1.0012552753040849,1.100383031758316,0.6827041506767273,-1.0366419633520536,0.1785178319398142,near-miss,6.726595878601074,0.40867242217063904,0.0,10.0,False,1.5909,9.91223,113.14115,142.37691,34.619,4.16,346.446,,0.8069
129261,3273138069989970116,easy,images/00129/0129261_ref.png,images/00129/0129261_search.png,732.3674,595.222,732.3819787973396,595.1040315015368,0.11886592430767268,0.20087593318729616,0.08201000887962348,0.2600460448790175,0.8082142472267151,0.01457879733959544,-0.11796849846314217,hit,5.186490058898926,0.262474924325943,0.0,10.0,False,0.1208,9.93308,125.27458,131.97851,48.024,4.9,350.022,,0.7192
41406,1443736919871809496,medium,images/00041/0041406_ref.png,images/00041/0041406_search.png,287.1175,167.5135,287.1152682611451,167.35854826080606,0.1549678100043399,0.19311840524003693,0.03815059523569703,0.3292582297893284,0.8465293049812317,-0.0022317388549026873,-0.15495173919393324,hit,6.278160095214844,0.22659356892108917,0.0,10.0,False,-1.332,10.03548,113.57709,87.31309,67.649,5.816,288.937,,0.3278
3651,1081497386980665340,medium,images/00003/0003651_ref.png,images/00003/0003651_search.png,659.0306,224.0747,658.4810333804927,224.23953537571828,0.5737544512811332,0.3740174438801487,-0.19973700740098455,0.7033476011394045,0.7700786590576172,-0.5495666195073454,0.164835375718269,hit,8.547259330749512,0.2500889301300049,0.0,10.0,False,1.7965,10.23143,121.44132,110.41478,47.503,4.874,248.095,,0.898
71504,663913365403449033,medium,images/00071/0071504_ref.png,images/00071/0071504_search.png,258.3417,652.6401,259.4305850150628,652.6142807350443,1.089191080789364,0.5235001815605199,-0.5656908992288442,0.9478254454699137,0.8513915538787842,1.0888850150627718,-0.025819264955657673,near-miss,5.609292984008789,0.3532012701034546,0.0,10.0,False,-0.8376,9.91142,118.01729,143.49222,106.417,7.294,224.709,,0.556
30386,1952480665393516693,hard,images/00030/0030386_ref.png,images/00030/0030386_search.png,206.1367,785.916,206.13638961042585,785.8496817757512,0.06631895060399783,0.7771249331305463,0.7108059825265485,0.7351481733931147,0.8503307700157166,-0.0003103895741389806,-0.06631822424890288,hit,3.6396026611328125,0.3231773376464844,0.0,10.0,False,1.6694,10.03802,123.36589,124.52008,50.942,5.047,,18.919,0.4647
148994,1479042257379229208,easy,images/00148/0148994_ref.png,images/00148/0148994_search.png,112.09,221.6012,113.37399328321487,221.65592708668476,1.2851590583884545,1.55300853227177,0.2678494738833155,0.3066740118106542,0.7228699922561646,1.283993283214869,0.05472708668474979,near-miss,6.291224479675293,0.43430599570274353,0.0,10.0,False,1.9232,9.89538,149.8296,159.74998,31.881,3.993,329.822,,1.1276
116864,696508186056797541,hard,images/00116/0116864_ref.png,images/00116/0116864_search.png,391.9407,351.9787,392.8941981848375,351.81799461353546,0.9669462289740302,1.3671319019411723,0.40018567296714214,0.9090581282012516,0.6319893598556519,0.9534981848374855,-0.16070538646454224,hit,5.812220573425293,0.28501906991004944,0.0,10.0,False,-2.2027,9.90984,149.01669,129.14872,22.786,3.375,,21.44,0.9632
119219,3171325869481750043,easy,images/00119/0119219_ref.png,images/00119/0119219_search.png,864.7276,445.3093,864.7648727634761,445.30083581594545,0.03822173869475656,0.7573080663231315,0.719086327628375,0.7944287297308484,0.9051441550254822,0.03727276347603947,-0.008464184054560064,hit,6.732731819152832,0.3515561819076538,0.0,10.0,False,0.3553,10.04724,161.45615,154.0558,107.033,7.315,304.417,,0.7303
101841,720235788420056344,easy,images/00101/0101841_ref.png,images/00101/0101841_search.png,514.5655,849.0384,514.518974587235,849.0381375516363,0.04652615299056943,0.5932397025621805,0.5467135495716111,0.5549438784645294,0.8520909547805786,-0.04652541276504962,-0.0002624483637418962,hit,8.059991836547852,0.46687477827072144,0.0,10.0,False,-1.3158,9.78711,108.81117,133.00246,61.481,5.544,367.732,,0.6073
95552,3006774559683871341,easy,images/00095/0095552_ref.png,images/00095/0095552_search.png,877.2268,263.1698,877.4809557321385,263.18355690128743,0.25452777552136174,0.7624343718716982,0.5079065963503364,1.0159782397587336,0.8895382285118103,0.2541557321384289,0.013756901287422352,hit,5.616507530212402,0.2944015860557556,0.0,10.0,False,-0.9608,9.90795,131.22251,101.89025,46.239,4.808,389.318,,0.1999
23698,745207610083241333,medium,images/00023/0023698_ref.png,images/00023/0023698_search.png,251.8556,242.0269,252.08388280286275,242.1023902835855,0.24044088878284256,0.3776618355147716,0.13722094673192906,0.34312141581308353,0.7401520013809204,0.2282828028627364,0.07549028358548071,hit,3.123204231262207,0.287990927696228,0.0,10.0,False,-0.7879,9.81568,84.95325,111.59544,34.229,4.137,291.195,,0.8005
94771,2305431921420511933,easy,images/00094/0094771_ref.png,images/00094/0094771_search.png,139.5452,542.6065,139.53008020507664,542.6580295392857,0.053701970331879643,0.6485778657984801,0.5948758954666005,0.676671598818686,0.8066465258598328,-0.015119794923350582,0.051529539285752435,hit,7.158561706542969,0.3413424789905548,0.0,10.0,False,0.3485,10.05018,70.67579,73.58408,95.731,6.918,426.102,,0.0729
27731,4222138591900623873,medium,images/00027/0027731_ref.png,images/00027/0027731_search.png,165.5428,524.0715,165.33918729324114,523.980103326605,0.22318487014434174,0.7775993531992004,0.5544144830548586,0.9110044801327948,0.9054281711578369,-0.2036127067588609,-0.09139667339502466,hit,6.466736793518066,0.24014082551002502,0.0,10.0,False,-1.2001,10.08719,179.97593,169.93492,61.436,5.542,279.908,,0.2969
148645,1914091055544534822,hard,images/00148/0148645_ref.png,images/00148/0148645_search.png,606.6049,265.0104,606.296649000209,265.02203459464283,0.3084704891309803,0.24074606741803226,-0.06772442171294804,0.11979091166654135,0.7815335392951965,-0.3082509997910847,0.011634594642828233,hit,4.949584007263184,0.3511127829551697,0.0,10.0,False,-0.64,10.05762,147.51534,121.20028,31.758,3.985,,17.932,0.0965
19491,166639231205813985,medium,images/00019/0019491_ref.png,images/00019/0019491_search.png,156.2932,117.9132,156.95316660117516,117.95228489600925,0.6611229414887391,0.2893807694309917,-0.37174217205774734,0.40873973395996355,0.8151955008506775,0.6599666011751424,0.0390848960092427,hit,6.697263717651367,0.35839763283729553,0.0,10.0,False,-0.2226,9.84436,135.09608,119.96907,75.258,6.134,247.035,,0.4254
58809,4164306812291020617,medium,images/00058/0058809_ref.png,images/00058/0058809_search.png,165.2631,888.7486,167.25299447071743,888.6311462255381,1.9933578187889616,2.470867188714746,0.47750936992578463,0.5341424008642045,0.815470278263092,1.9898944707174167,-0.11745377446186467,near-miss,4.556114196777344,0.2959493398666382,0.0,10.0,False,1.1096,10.07892,105.63967,115.81954,77.791,6.237,299.823,,2.0096
46412,1940831929703322512,easy,images/00046/0046412_ref.png,images/00046/0046412_search.png,779.67,767.4634,779.7116739702982,767.4496207953905,0.043892895553699074,0.3422729666923946,0.2983800711386955,0.3044930741784713,0.8672718405723572,0.04167397029823405,-0.013779204609477347,hit,5.506829261779785,0.23399364948272705,0.0,10.0,False,0.4083,9.96546,118.26445,125.52533,39.216,4.428,328.994,,0.5302
13225,2362960819180547958,easy,images/00013/0013225_ref.png,images/00013/0013225_search.png,560.0797,191.7592,560.2857570662229,191.88591252035758,0.2418999325253415,1.0358286062102604,0.7939286736849189,0.8979560717951451,0.8688411116600037,0.2060570662229111,0.12671252035758584,hit,5.228193283081055,0.25543344020843506,0.0,10.0,False,-2.9603,9.98786,140.44325,129.26911,52.373,5.117,422.203,,0.2104
65246,2320340718214964128,easy,images/00065/0065246_ref.png,images/00065/0065246_search.png,785.5423,530.5019,784.54977391939,530.4187930275734,0.9959993923476752,0.9289653316465113,-0.06703406070116391,0.07386015228425832,0.8070302605628967,-0.9925260806099914,-0.08310697242654896,hit,9.615878105163574,0.3585754930973053,0.0,10.0,False,0.8149,9.9236,136.94518,137.62699,62.766,5.602,390.948,,1.2502
139653,4516818567992804919,medium,images/00139/0139653_ref.png,images/00139/0139653_search.png,701.7262,717.3897,702.0524452182009,717.4545053505515,0.3326194159382217,0.6753357288548842,0.34271631291666255,0.5339204166005319,0.8187496662139893,0.3262452182009383,0.06480535055152359,hit,7.696589469909668,0.4801231920719147,0.0,10.0,False,-0.2904,10.08074,147.53192,130.66395,25.449,3.567,260.372,,0.8752
8393,4466939348754306069,medium,images/00008/0008393_ref.png,images/00008/0008393_search.png,206.3062,589.695,205.80739027765134,589.8277345019504,0.5161681771647264,0.6694865539460972,0.15331837678137084,0.15418991653566955,0.8913435339927673,-0.4988097223486534,0.13273450195038095,hit,3.412759780883789,0.3640781044960022,0.0,10.0,False,1.1101,9.97372,198.29757,165.90097,41.721,4.567,201.833,,1.6531
76037,3830703215345208231,hard,images/00076/0076037_ref.png,images/00076/0076037_search.png,827.7503,463.1041,828.1582834102752,463.07903939382265,0.4087523664050524,0.597647076848178,0.18889471044312556,0.7143105450407957,0.8209584951400757,0.4079834102751647,-0.025060606177362388,hit,3.3105688095092773,0.16392098367214203,0.0,10.0,False,-2.7854,9.8947,99.70997,126.22564,65.39,5.718,,14.344,0.4149
17796,1075023546194379204,medium,images/00017/0017796_ref.png,images/00017/0017796_search.png,414.8937,619.1912,414.7918386025256,619.1795740541122,0.10252271413313654,0.3880469716195409,0.2855242574864043,0.30526130662344164,0.8329365253448486,-0.10186139747440848,-0.011625945887772104,hit,7.622225761413574,0.3862346112728119,0.0,10.0,False,-0.4416,10.13734,95.39991,115.69441,106.354,7.292,178.197,,0.4627
168763,382846785261273972,hard,images/00168/0168763_ref.png,images/00168/0168763_search.png,490.4951,467.7487,646.2219631552829,466.8725779808624,155.72932767457974,154.15443608840658,-1.5748915861731518,1.5825145560936584,0.8376833200454712,155.7268631552829,-0.8761220191375969,periodic-lock,0.1767253875732422,0.04429067298769951,0.0,10.0,False,1.0708,10.1123,194.38352,147.52513,87.187,6.603,,15.669,0.7589
121846,2384404542376690139,medium,images/00121/0121846_ref.png,images/00121/0121846_search.png,526.9228,611.458,526.0158032128924,611.4910997486826,0.9076005537605842,0.5574266675229389,-0.35017388623764534,0.4153241038205317,0.7624601721763611,-0.9069967871076869,0.03309974868261634,hit,5.581284523010254,0.2593822181224823,0.0,10.0,False,-0.3029,10.10819,152.4038,130.98134,66.046,5.747,270.186,,0.6829
122315,1943371011082080572,easy,images/00122/0122315_ref.png,images/00122/0122315_search.png,740.8148,456.9148,740.2414211485917,456.95544293660174,0.5748174975919655,0.8234143498236649,0.24859685223169936,0.2615534331161578,0.9160462021827698,-0.5733788514082789,0.0406429366017278,hit,5.178474426269531,0.3358035683631897,0.0,10.0,False,-2.0645,10.05887,113.79024,111.40296,80.467,6.343,317.626,,0.8566
59222,4375408459996117527,easy,images/00059/0059222_ref.png,images/00059/0059222_search.png,481.9465,642.8521,482.5853157448229,642.9634060014232,0.6484401142637807,0.4784566959735258,-0.16998341829025487,0.2960783690848377,0.8962574005126953,0.638815744822864,0.11130600142325875,hit,8.476398468017578,0.3068898320198059,0.0,10.0,False,2.1695,9.91269,144.47306,114.28711,37.144,4.31,384.161,,0.6684
72840,3877942337378097002,medium,images/00072/0072840_ref.png,images/00072/0072840_search.png,524.5495,650.7856,525.5002404728617,650.8785758892025,0.9552758568656337,0.790348294594453,-0.16492756227118066,0.3535807072825167,0.8325499296188354,0.950740472861753,0.09297588920242106,hit,4.840843200683594,0.29438313841819763,0.0,10.0,False,0.3625,10.01152,163.05355,149.47629,77.386,6.22,246.151,,1.1092
10568,2912669750145231958,medium,images/00010/0010568_ref.png,images/00010/0010568_search.png,272.3476,248.7509,272.29450960357457,248.62739589573624,0.13443159584935008,0.25118127968841014,0.11674968383906006,0.26844071749351955,0.7786710858345032,-0.05309039642543212,-0.12350410426375902,hit,6.668669700622559,0.3833999037742615,0.0,10.0,False,-0.8123,10.22487,70.62153,71.11933,109.889,7.412,293.871,,0.2733
100002,491683429680413994,medium,images/00100/0100002_ref.png,images/00100/0100002_search.png,302.1297,456.6613,303.17129040334044,456.7945314756739,1.0500767564521736,0.4317697024931661,-0.6183070539590074,0.6244187585942049,0.8437818288803101,1.0415904033404217,0.1332314756739379,near-miss,3.3385190963745117,0.2751914858818054,0.0,10.0,False,2.1715,10.02571,180.49401,135.63169,88.018,6.634,251.584,,0.9034
58456,4234742300242594841,medium,images/00058/0058456_ref.png,images/00058/0058456_search.png,794.558,817.9123,794.2759347348245,817.907939434159,0.2820989690745947,0.7105456123496797,0.428446643275085,0.5432605167573449,0.6972477436065674,-0.28206526517544717,-0.004360565841011521,hit,5.659259796142578,0.39117753505706787,0.0,10.0,False,-0.9257,10.04245,88.02488,108.71137,30.268,3.89,231.509,,0.8361
101225,1567935018850508180,medium,images/00101/0101225_ref.png,images/00101/0101225_search.png,789.3037,712.2147,788.8898795579066,712.2607158198131,0.41637100519544695,0.0060762841670476825,-0.41029472102839926,0.41896405851967716,0.8618906736373901,-0.4138204420934244,0.04601581981307845,hit,3.0971975326538086,0.32297036051750183,0.0,10.0,False,0.4674,10.14931,168.29763,131.70321,108.995,7.382,234.912,,0.7381
2339,3165061615094701184,medium,images/00002/0002339_ref.png,images/00002/0002339_search.png,127.7446,412.0381,127.63337448870843,412.02314240981394,0.1122267520079182,0.4188738733061898,0.3066471212982716,0.30717383066270076,0.8365526795387268,-0.11122551129157898,-0.014957590186043035,hit,2.138446807861328,0.2288440763950348,0.0,10.0,False,-0.721,10.00758,115.77597,118.29446,28.618,3.783,296.129,,0.763
2889,1982180509212519916,easy,images/00002/0002889_ref.png,images/00002/0002889_search.png,176.4716,502.7323,176.5497348197355,502.58765208269176,0.16440215946487566,0.6365289142753848,0.47212675481050914,0.6905891138172879,0.7447097897529602,0.07813481973551006,-0.144647917308248,hit,7.240857124328613,0.27904102206230164,0.0,10.0,False,-1.9019,10.04813,144.03244,108.53351,51.436,5.071,347.582,,0.3478
23147,2945901896443645584,medium,images/00023/0023147_ref.png,images/00023/0023147_search.png,827.5644,808.212,827.7711353485328,808.1880236911852,0.2081210410250614,0.42771047487584846,0.21958943385078705,0.26803575152430353,0.8015294671058655,0.20673534853278852,-0.023976308814781078,hit,5.328607559204102,0.2196255624294281,0.0,10.0,False,-0.5802,10.07558,118.8971,88.66635,42.52,4.611,246.085,,0.7824
168936,4401118599049735661,hard,images/00168/0168936_ref.png,images/00168/0168936_search.png,811.7869,746.0278,812.1573322831658,746.1435543552631,0.3880968270597769,0.4944910976263819,0.106394270566605,0.39468508755673604,0.8208172917366028,0.37043228316588284,0.11575435526310685,hit,9.029640674591064,0.36193788051605225,0.0,10.0,False,-0.7154,9.96845,126.23162,105.45657,58.196,5.394,,24.543,0.6937
9956,1854589431795617094,easy,images/00009/0009956_ref.png,images/00009/0009956_search.png,403.4983,236.6094,403.56656941681973,236.50327822727357,0.1261845629207833,0.6148449280611471,0.4886603651403638,0.6972372321394564,0.8536510467529297,0.06826941681975995,-0.10612177272642498,hit,4.813298225402832,0.3537483811378479,0.0,10.0,False,1.706,10.04682,76.00426,74.00511,79.635,6.31,427.769,,0.4842
24825,819729351588738932,hard,images/00024/0024825_ref.png,images/00024/0024825_search.png,312.4345,843.7863,311.783691977464,843.8841108893016,0.6581170505793092,1.113742293336577,0.4556252427572678,0.5066429882308037,0.8589795231819153,-0.6508080225360118,0.09781088930162696,hit,2.831662178039551,0.17116540670394897,0.0,10.0,False,-0.162,9.83595,175.49641,163.51066,89.857,6.703,,24.528,0.8064
115685,4214835394460728753,easy,images/00115/0115685_ref.png,images/00115/0115685_search.png,620.8828,751.4521,621.304522739752,751.4005931879847,0.424856470949793,0.41193271359663786,-0.012923757353155152,0.1167255496482547,0.8760022521018982,0.42172273975199914,-0.051506812015304604,hit,5.9831647872924805,0.27339574694633484,0.0,10.0,False,-2.7019,10.2542,176.17037,148.90489,62.507,5.59,423.914,,0.4552
4048,1134493305427218824,medium,images/00004/0004048_ref.png,images/00004/0004048_search.png,443.3078,150.0293,443.6103095869073,150.14379674904654,0.323452555582829,1.0671241320670586,0.7436715764842297,0.8541567565281456,0.7592170238494873,0.30250958690731977,0.11449674904653762,hit,7.132633209228516,0.3292599320411682,0.0,10.0,False,-1.8961,9.78879,179.41565,155.12069,22.535,3.357,208.53,,0.4385
153447,3595859273828484408,hard,images/00153/0153447_ref.png,images/00153/0153447_search.png,633.5569,581.9038,633.8084958518507,582.0379125543996,0.28510813723220224,1.3188846882503353,1.0337765510181331,1.1224425267851428,0.6224026679992676,0.25159585185065225,0.13411255439950764,hit,1.7325401306152344,0.07679878175258636,0.0,10.0,False,1.8703,10.03414,82.89505,70.71663,29.651,3.85,,19.637,0.8565
176837,1689336730332924640,hard,images/00176/0176837_ref.png,images/00176/0176837_search.png,403.0885,778.0216,403.0394940015335,777.9235632304855,0.1096029017068118,0.12746762162622685,0.017864719919415045,0.22306333445547935,0.7845034003257751,-0.04900599846649811,-0.09803676951457874,hit,6.05849552154541,0.2730928659439087,0.0,10.0,False,-2.939,9.88209,134.74195,129.62443,85.536,6.54,,33.427,0.5713
142143,3129369499607677874,easy,images/00142/0142143_ref.png,images/00142/0142143_search.png,713.1614,144.2741,713.7281015472752,144.3164299049632,0.5682802693551101,0.3926896900039513,-0.1755905793511588,0.811537110459514,0.8472404479980469,0.5667015472752155,0.04232990496319644,hit,3.1204757690429688,0.3201308846473694,0.0,10.0,False,-2.378,9.8866,203.0256,151.02324,25.85,3.595,342.993,,0.7203
81427,4434846320656575081,medium,images/00081/0081427_ref.png,images/00081/0081427_search.png,477.8347,781.7836,478.163109815009,781.7456429350095,0.33059604561602207,0.48515603804023794,0.15455999242421586,0.7685475352889763,0.7328382730484009,0.32840981500902444,-0.03795706499045082,hit,6.058801651000977,0.39477601647377014,0.0,10.0,False,1.3333,9.89577,91.95217,85.26159,46.083,4.8,287.329,,0.4186
91827,3383396887762089350,easy,images/00091/0091827_ref.png,images/00091/0091827_search.png,456.0904,451.5132,455.7855606859837,451.81830507139387,0.43129585200903303,0.6520825377423931,0.22078668573336008,0.337415615034659,0.6416603922843933,-0.3048393140163057,0.3051050713938821,hit,6.298092842102051,0.24745897948741913,0.0,10.0,False,-1.1005,10.0432,97.72639,113.22982,28.641,3.784,333.843,,0.5874
92974,2627913473653553984,medium,images/00092/0092974_ref.png,images/00092/0092974_search.png,810.3608,511.2548,810.5263798762151,511.1895446563284,0.1779745916839795,0.6474644992125161,0.46948990752853664,0.4749693346812466,0.8473910689353943,0.1655798762150198,-0.0652553436715948,hit,5.945761680603027,0.2558944821357727,0.0,10.0,False,-0.5781,10.00969,132.80235,169.81036,40.08,4.477,284.951,,0.6814
3914,4031681555973725480,easy,images/00003/0003914_ref.png,images/00003/0003914_search.png,781.0251,562.9439,780.6986900758232,563.003105675506,0.3317359652091316,0.453894308794134,0.12215834358500238,0.6137470292734334,0.7393629550933838,-0.3264099241768008,0.059205675506063926,hit,5.569248199462891,0.3099066913127899,0.0,10.0,False,-3.4971,9.90905,78.57026,89.41308,29.197,3.821,382.308,,0.4217
147448,3591431859979728004,easy,images/00147/0147448_ref.png,images/00147/0147448_search.png,206.3171,374.7822,206.1236257273146,374.93484050683674,0.24643745356282915,0.20175242141266678,-0.04468503215016237,0.39666140574087133,0.7640877366065979,-0.19347427268542106,0.15264050683674668,hit,7.273077011108398,0.33011454343795776,0.0,10.0,False,0.2177,10.17486,121.79015,140.2713,50.265,5.013,400.601,,0.2494
27711,3647891093627474801,medium,images/00027/0027711_ref.png,images/00027/0027711_search.png,716.6968,205.1048,716.6703394276489,205.20789436589322,0.10643594396667258,0.42650881158080833,0.3200728676141358,0.3717244473218182,0.7002726793289185,-0.026460572351197698,0.10309436589321308,hit,7.001918792724609,0.4375828206539154,0.0,10.0,False,-0.3248,10.14824,78.16236,71.79321,104.281,7.221,223.567,,0.0606
3963,2520806710909060019,hard,images/00003/0003963_ref.png,images/00003/0003963_search.png,332.8638,249.3319,333.05440004714603,249.34633360687954,0.19114577416101336,0.2852750398758185,0.09412926571480512,0.41131047093904133,0.6759265065193176,0.1906000471460061,0.014433606879549643,hit,5.703483581542969,0.28914394974708557,0.0,10.0,False,-0.7839,10.06032,52.9681,70.3361,69.933,5.913,,17.303,0.5515
150737,3546112540327334513,hard,images/00150/0150737_ref.png,images/00150/0150737_search.png,696.9258,630.5445,529.0728869797434,258.0196539731363,408.59437259551714,406.77887854082275,-1.8154940546943976,1.8529445809645098,0.8390710949897766,-167.85291302025655,-372.52484602686366,periodic-lock,0.3094921112060547,0.005325898993760347,0.0,10.0,False,-0.2173,9.94674,169.1152,149.27347,102.847,7.171,,23.258,0.6085
37619,3828404669040583229,easy,images/00037/0037619_ref.png,images/00037/0037619_search.png,505.6603,179.3752,505.68960349657857,179.3305867186202,0.053376397285729266,0.20590413517992412,0.15252773789419485,0.2361832222140077,0.9037700891494751,0.02930349657856368,-0.04461328137981013,hit,5.478004455566406,0.29955804347991943,0.0,10.0,False,-1.785,9.98702,128.71425,110.71313,92.774,6.811,403.065,,0.077
133822,96067207705076823,easy,images/00133/0133822_ref.png,images/00133/0133822_search.png,860.3919,174.4149,860.5294775287971,174.37134522064596,0.14430729446047147,0.13375757940453362,-0.010549715055937853,0.011672409978407261,0.8976950645446777,0.1375775287971237,-0.043554779354025186,hit,3.9024505615234375,0.3507768511772156,0.0,10.0,False,0.5088,9.96907,161.25532,145.41169,99.738,7.062,428.683,,0.0643
36047,1104131756889983217,easy,images/00036/0036047_ref.png,images/00036/0036047_search.png,675.9743,759.008,674.9434425004598,758.8224878505906,1.0474167947558872,1.8714882354968185,0.8240714407409313,0.876454844602813,0.7146337032318115,-1.0308574995401614,-0.18551214940941918,near-miss,8.458895206451416,0.3498402535915375,0.0,10.0,False,-1.09,10.14504,91.59991,73.19204,25.68,3.583,373.065,,0.9798
23626,2135377966053902508,easy,images/00023/0023626_ref.png,images/00023/0023626_search.png,784.6393,784.2466,784.7067320696281,784.3445093007318,0.11888362033570389,0.2916629601914463,0.1727793398557424,0.18022592162475548,0.827232837677002,0.06743206962801196,0.0979093007318852,hit,5.225083351135254,0.34542831778526306,0.0,10.0,False,2.1501,9.98714,164.54433,132.83093,33.651,4.102,317.217,,1.9201
20392,1343108875025055349,easy,images/00020/0020392_ref.png,images/00020/0020392_search.png,677.5431,774.336,677.5228242987228,774.1573619962559,0.17978498392239245,0.38395413332539285,0.2041691494030004,0.26593398213850566,0.8001605272293091,-0.02027570127722811,-0.1786380037441404,hit,4.958932876586914,0.3885616958141327,0.0,10.0,False,-2.4123,9.96639,77.62211,73.81296,23.931,3.459,399.569,,1.5351
61763,3606284426030566340,easy,images/00061/0061763_ref.png,images/00061/0061763_search.png,520.0192,501.7923,519.4240858127517,501.80195471500474,0.595192497756755,1.3355821996359707,0.7403897018792157,0.7403925125015993,0.8226016163825989,-0.595114187248214,0.009654715004728587,hit,2.06093692779541,0.2928960621356964,0.0,10.0,False,-2.7245,10.21286,83.08437,98.24958,76.086,6.168,400.879,,0.0894
74633,3877578063578425686,easy,images/00074/0074633_ref.png,images/00074/0074633_search.png,769.7175,755.332,769.8048360829782,755.379484322395,0.09941002094003147,0.592173103712582,0.49276308277255054,0.6312744584298535,0.808423638343811,0.08733608297825413,0.04748432239500744,hit,5.6091508865356445,0.35497814416885376,0.0,10.0,False,0.1769,10.13531,126.55347,109.37094,26.74,3.657,349.153,,1.1838
149100,3441968446788793340,easy,images/00149/0149100_ref.png,images/00149/0149100_search.png,163.2759,413.9709,163.17990813605252,413.8241253432367,0.17537741534215068,0.10707145784475072,-0.06830595749739996,0.07790558370124503,0.6665873527526855,-0.09599186394748926,-0.14677465676328438,hit,6.500823020935059,0.26391664147377014,0.0,10.0,False,-0.9143,10.18298,136.67065,103.95754,26.427,3.635,355.502,,0.2116
74240,1119430392271655665,medium,images/00074/0074240_ref.png,images/00074/0074240_search.png,718.5039,638.8523,718.4592934714144,638.9305715291124,0.09008981441901046,0.1292863172658479,0.039196502846837455,0.05781168998491053,0.8958991765975952,-0.04460652858563208,0.078271529112385,hit,6.414463996887207,0.3181074559688568,0.0,10.0,False,-1.2558,10.01369,132.14457,128.70706,85.959,6.556,199.455,,0.4716
115761,2441091817470748139,easy,images/00115/0115761_ref.png,images/00115/0115761_search.png,874.1536,866.8731,874.2610454435687,866.8301930561955,0.11569584767970101,0.3123670313408055,0.1966711836611045,0.20006420719544193,0.7432417273521423,0.10744544356873575,-0.04290694380449622,hit,5.003859519958496,0.2944802939891815,0.0,10.0,False,0.5793,9.72834,107.46909,88.20369,65.511,5.723,406.178,,0.6793
177408,2536722967928320558,hard,images/00177/0177408_ref.png,images/00177/0177408_search.png,404.7147,145.6223,404.8390181775821,119.60472883552039,26.017868173776996,26.008403371346837,-0.009464802430159125,0.06882674883922389,0.8174697756767273,0.12431817758209718,-26.017571164479605,periodic-lock,0.07474708557128906,0.012180769816040993,0.0,10.0,False,-2.1805,10.15477,117.11329,129.08439,81.715,6.392,,19.777,0.2291
56976,1310934268050127459,easy,images/00056/0056976_ref.png,images/00056/0056976_search.png,828.8121,125.6187,827.8103597576138,125.58590416199438,1.002276947857431,0.7203525946595037,-0.2819243531979272,0.282173210125861,0.7421076893806458,-1.0017402423861768,-0.03279583800562591,near-miss,6.825604438781738,0.4457964599132538,0.0,10.0,False,-0.3483,9.99474,77.27468,71.39349,75.854,6.158,333.64,,0.8329
63954,4079147559089813615,medium,images/00063/0063954_ref.png,images/00063/0063954_search.png,390.1733,665.7154,391.80310840441126,665.7162651930319,1.6298086340575753,1.9729498760425122,0.3431412419849369,0.48123662208375856,0.8009577393531799,1.6298084044112784,0.0008651930318137602,near-miss,7.928760528564453,0.35084670782089233,0.0,10.0,False,0.8841,9.911,117.53833,92.72959,27.701,3.722,173.634,,1.4764
121721,134496097435252846,hard,images/00121/0121721_ref.png,images/00121/0121721_search.png,752.2049,806.0589,329.74932401515787,809.5323573964962,422.46985524054844,423.55626337847303,1.0864081379245931,1.2605241778937322,0.8777504563331604,-422.4555759848421,3.473457396496201,gross-miss,0.9430961608886719,0.05932067707180977,0.0,10.0,False,0.0944,9.98149,141.17276,167.60318,70.685,5.945,,20.629,0.5628
186566,2325856647878654839,hard,images/00186/0186566_ref.png,images/00186/0186566_search.png,704.1624,156.4803,704.1720079547744,156.53921023800672,0.05968859972350909,0.2696947128200526,0.2100061130965435,0.21453271031396548,0.9294841885566711,0.009607954774310201,0.058910238006717464,hit,6.343120574951172,0.3102721869945526,0.0,10.0,False,1.6867,9.99993,116.74222,127.47987,86.598,6.58,,29.969,0.0767
165461,4342805779278979363,hard,images/00165/0165461_ref.png,images/00165/0165461_search.png,417.1257,238.6896,417.179566008585,238.63292056331377,0.07819274534093347,0.6254492912012681,0.5472565458603347,0.5489064923909737,0.6246060729026794,0.05386600858503243,-0.056679436686238205,hit,2.517393112182617,0.09167642146348953,0.0,10.0,False,1.9983,10.05661,70.32786,71.85678,37.261,4.316,,30.954,0.163
25396,2597626315452204586,easy,images/00025/0025396_ref.png,images/00025/0025396_search.png,788.5951,476.4709,788.3175649682976,476.4432288050649,0.27891107696038536,0.18806998116338053,-0.09084109579700483,0.09846951190602866,0.7997017502784729,-0.27753503170242766,-0.02767119493506698,hit,7.009302139282227,0.42273062467575073,0.0,10.0,False,0.7456,9.95977,83.84713,77.49191,54.737,5.231,388.88,,1.3524
46004,3107295704476898276,easy,images/00046/0046004_ref.png,images/00046/0046004_search.png,533.6809,128.3987,534.2413468532086,128.30573004983393,0.5681057004689831,1.1196376308088811,0.551531930339898,0.9235529938835143,0.7019832134246826,0.5604468532086457,-0.09296995016606502,hit,6.723752021789551,0.33213478326797485,0.0,10.0,False,1.0251,10.058,83.6166,97.77926,46.049,4.798,369.184,,1.2424
189823,347750107775326399,hard,images/00189/0189823_ref.png,images/00189/0189823_search.png,642.7566,725.3011,834.2238358295501,314.25250979053925,453.4541276792987,452.5268550021071,-0.9272726771916382,1.068952922360238,0.7789512276649475,191.46723582955008,-411.04859020946077,gross-miss,0.11133098602294922,0.014036248438060284,0.0,10.0,False,2.7376,10.0231,175.5596,136.88062,27.519,3.709,,21.216,1.213
19692,957943204138363612,easy,images/00019/0019692_ref.png,images/00019/0019692_search.png,638.513,492.2853,638.5848536365958,492.21160812422096,0.10292442687655012,0.14178178251441512,0.03885735563786499,0.0630542676793733,0.7439405918121338,0.0718536365957334,-0.07369187577904768,hit,6.490551948547363,0.40745171904563904,0.0,10.0,False,-0.0605,10.24101,85.45107,82.61755,86.66,6.583,370.274,,0.0408
92551,3076441373459896579,easy,images/00092/0092551_ref.png,images/00092/0092551_search.png,756.9311,750.5905,757.0695694596657,750.401233591558,0.23451133154845866,0.6468293771028153,0.41231804555435664,0.5498774294841945,0.7338767051696777,0.13846945966565727,-0.18926640844199483,hit,5.230775833129883,0.3452832102775574,0.0,10.0,False,1.5769,9.92061,166.34769,160.05242,31.995,4.0,340.345,,0.7988
1463,3830000841620581252,easy,images/00001/0001463_ref.png,images/00001/0001463_search.png,257.541,212.0379,257.50678078163804,212.034267613755,0.034411468075862546,0.2539085703608079,0.21949710228494534,0.22847558014001185,0.8340978026390076,-0.03421921836195452,-0.0036323862450160505,hit,0.42363739013671875,0.16091446578502655,0.0,10.0,False,-1.7898,10.009,179.19535,169.2193,30.725,3.92,399.925,,0.5475
112881,1319096559795897833,easy,images/00112/0112881_ref.png,images/00112/0112881_search.png,766.6417,226.2824,766.4102008464222,226.37978858902514,0.2511501450916555,0.6418017401099588,0.3906515950183033,0.40200514521635644,0.8773901462554932,-0.23149915357782902,0.0973885890251438,hit,8.147351741790771,0.31824105978012085,0.0,10.0,False,-1.273,9.97428,167.60185,155.83147,49.109,4.955,405.96,,0.6545
135730,3256222640249771679,medium,images/00135/0135730_ref.png,images/00135/0135730_search.png,652.141,723.4894,652.2202049314122,723.4854060282005,0.0793055670855414,0.834150615513005,0.7548450484274636,0.8300770596043447,0.8356444835662842,0.0792049314122778,-0.003993971799559404,hit,2.315074920654297,0.19132892787456512,0.0,10.0,False,1.6851,9.90279,166.92931,128.45969,29.971,3.871,211.519,,1.2703
6001,1157342850016920306,medium,images/00006/0006001_ref.png,images/00006/0006001_search.png,116.5555,453.738,115.65696128954296,453.6750755808668,0.9007393056334537,1.122949671782842,0.22221036614938827,0.22411550783399595,0.6717037558555603,-0.8985387104570322,-0.06292441913319635,hit,4.7784833908081055,0.2748740613460541,0.0,10.0,False,-0.2569,9.86279,92.60778,114.66752,77.327,6.218,206.414,,1.4652
8720,1436992349568683678,easy,images/00008/0008720_ref.png,images/00008/0008720_search.png,655.0903,674.1,655.290836641891,674.4937762146967,0.4418989160450554,0.41606899246607965,-0.025829923578975733,0.6702470077056238,0.8633500933647156,0.20053664189106257,0.3937762146966861,hit,5.000837326049805,0.28486940264701843,0.0,10.0,False,-0.9432,9.89835,117.02331,141.90241,59.9,5.473,388.239,,0.6318
44259,3496090785123724122,easy,images/00044/0044259_ref.png,images/00044/0044259_search.png,552.0385,564.4234,551.8322255162886,564.4061143833974,0.20699747624480594,0.4260533175854531,0.21905584134064718,0.5103891376122458,0.8773388862609863,-0.20627448371135415,-0.017285616602634946,hit,8.271925926208496,0.3196704685688019,0.0,10.0,False,-0.2941,9.87731,170.83364,162.40138,30.53,3.907,376.951,,0.6502
55953,1296057458001822376,easy,images/00055/0055953_ref.png,images/00055/0055953_search.png,270.2229,467.7989,270.1031794684025,467.73053967941263,0.13786275463949024,0.3899760882355969,0.25211333359610666,0.4467606030064169,0.8326994776725769,-0.11972053159746565,-0.06836032058737374,hit,7.757357597351074,0.32219254970550537,0.0,10.0,False,-1.4913,10.07096,105.36037,121.16622,22.168,3.329,405.395,,0.3388
86936,844067336341962575,easy,images/00086/0086936_ref.png,images/00086/0086936_search.png,473.3448,563.859,473.4380503258013,563.9485112852493,0.1292590168964109,0.2276147041578141,0.0983556872614032,0.10031747242307781,0.9183937907218933,0.0932503258013071,0.08951128524927299,hit,6.556767463684082,0.310446172952652,0.0,10.0,False,0.6223,10.0094,133.97747,142.60588,93.232,6.828,321.695,,0.3527
72334,3062131935827342005,easy,images/00072/0072334_ref.png,images/00072/0072334_search.png,767.7325,533.1543,766.1335763909495,533.3393588622645,1.6095973068073326,1.1766953798739808,-0.43290192693335183,0.4401554363162289,0.7124596238136292,-1.5989236090504164,0.1850588622644409,near-miss,5.120326042175293,0.380705863237381,0.0,10.0,False,-0.4132,10.09636,124.63324,116.61652,31.497,3.968,344.672,,1.134
119512,1248502385116368353,easy,images/00119/0119512_ref.png,images/00119/0119512_search.png,781.7353,280.8822,781.0590205000528,280.82279745458766,0.6788833658665676,0.36449676993066993,-0.3143865959358977,1.001275921724155,0.8423076868057251,-0.6762794999472135,-0.0594025454123539,hit,1.8653144836425781,0.19698785245418549,0.0,10.0,False,-0.6994,10.01871,104.4818,119.83479,50.607,5.03,353.577,,0.167
101056,4457872042763115693,easy,images/00101/0101056_ref.png,images/00101/0101056_search.png,684.7572,645.5412,684.4599533610331,645.4506373758228,0.31073646917446446,0.6905670559892462,0.3798305868147817,0.3866361858915162,0.825518786907196,-0.29724663896695347,-0.09056262417720973,hit,7.480151176452637,0.3156508207321167,0.0,10.0,False,1.5026,9.89876,190.98273,150.51822,100.851,7.101,374.969,,1.6894
131300,1410135080050520363,medium,images/00131/0131300_ref.png,images/00131/0131300_search.png,812.2482,419.6842,812.722257312034,419.6761792069569,0.47412516091634194,0.11673530014028437,-0.35738986077605756,0.38248618029072123,0.7071369886398315,0.4740573120340059,-0.008020793043101548,hit,5.085458755493164,0.2694232165813446,0.0,10.0,False,2.4204,9.93412,57.37213,70.9266,32.974,4.06,273.094,,1.0024
111727,653535623238436697,easy,images/00111/0111727_ref.png,images/00111/0111727_search.png,547.2636,681.067,547.3605751532859,681.0912508800528,0.09996142024885186,0.31534427662469994,0.2153828563758481,0.2263621971836635,0.7774497270584106,0.09697515328593909,0.024250880052818502,hit,8.214306831359863,0.3137691020965576,0.0,10.0,False,1.1634,10.02408,86.73447,94.4401,43.129,4.644,331.484,,0.544
60185,2701951761657383084,easy,images/00060/0060185_ref.png,images/00060/0060185_search.png,851.0672,573.7416,850.9650452804274,573.8055527890725,0.12052197293901974,0.5255440403459294,0.40502206740690966,0.516958653633275,0.9157835841178894,-0.1021547195725816,0.06395278907257307,hit,6.558704376220703,0.3211049735546112,0.0,10.0,False,-1.2945,10.02012,201.19503,157.94251,51.873,5.093,339.199,,0.995
16773,3087928156326880609,medium,images/00016/0016773_ref.png,images/00016/0016773_search.png,770.0477,696.6454,769.7293679720934,696.7684954317419,0.3413030402835918,0.29623348939083916,-0.04506955089275266,0.20206445857388142,0.8420222997665405,-0.3183320279065356,0.1230954317419446,hit,5.499760627746582,0.4292312562465668,0.0,10.0,False,1.2652,10.08655,124.6542,95.62657,53.229,5.159,183.551,,1.2148
152141,2815133774583886738,hard,images/00152/0152141_ref.png,images/00152/0152141_search.png,481.6464,203.6624,480.84162188875877,203.73960744385002,0.8084731273944167,0.7746291124167721,-0.033844014977644554,0.2568456028798106,0.8733227849006653,-0.8047781112412622,0.07720744385002831,hit,4.294277191162109,0.2506553530693054,0.0,10.0,False,1.4504,9.99211,193.51921,150.62644,48.566,4.928,,14.451,1.2361
92012,535404886892270623,easy,images/00092/0092012_ref.png,images/00092/0092012_search.png,481.6826,398.8687,481.06600467977506,398.61086670035866,0.6683321025711736,1.1845582081487325,0.5162261055775589,0.7029714713907735,0.84288090467453,-0.616595320224917,-0.2578332996413337,hit,3.0647220611572266,0.3101620376110077,0.0,10.0,False,-2.0776,9.98217,166.39771,136.02867,31.379,3.961,308.289,,1.2913
165446,132144163746924944,hard,images/00165/0165446_ref.png,images/00165/0165446_search.png,165.4242,457.7812,166.67875423302436,457.6902471395201,1.2578468692288385,1.194983861076992,-0.06286300815184642,0.13300520517666858,0.8786575198173523,1.2545542330243507,-0.09095286047988793,near-miss,7.106481552124023,0.4229501187801361,0.0,10.0,False,-0.5438,10.1026,94.92566,96.12812,103.005,7.177,,29.428,0.9333
29586,2473157021285676809,hard,images/00029/0029586_ref.png,images/00029/0029586_search.png,666.9247,308.6688,667.0154525607276,308.6571021342104,0.09150337339484557,0.28490764085838405,0.19340426746353848,0.20333094539085586,0.8422858715057373,0.09075256072753746,-0.011697865789585649,hit,7.1476030349731445,0.36288461089134216,0.0,10.0,False,0.271,9.81699,147.30258,115.65272,105.733,7.271,,18.033,0.3951
44835,2864959028416164567,medium,images/00044/0044835_ref.png,images/00044/0044835_search.png,782.4008,704.5009,782.1368237072054,704.5117984944699,0.2642011739930297,1.4694322616127582,1.2052310876197285,1.7330851572807877,0.7891522645950317,-0.26397629279460944,0.010898494469870457,hit,4.422989845275879,0.26518529653549194,0.0,10.0,False,1.6589,9.84739,106.38762,86.62747,32.521,4.032,173.284,,0.3745
170585,4478784611128542773,hard,images/00170/0170585_ref.png,images/00170/0170585_search.png,458.7272,618.0555,458.5453697484683,617.8386764214166,0.282974741985569,0.3522918897996298,0.06931714781406079,0.4868900903725192,0.7710492014884949,-0.18183025153166454,-0.21682357858344403,hit,7.399469375610352,0.35222750902175903,0.0,10.0,False,-0.5225,9.99324,165.28077,160.90914,58.247,5.397,,21.181,0.886
105149,1974482226890862232,medium,images/00105/0105149_ref.png,images/00105/0105149_search.png,539.5467,877.9022,539.7926999286015,877.9422610309384,0.249240548610725,0.2588903439061074,0.009649795295382374,0.4928782944463881,0.785578191280365,0.24599992860146358,0.04006103093843194,hit,6.644238471984863,0.3178151249885559,0.0,10.0,False,-0.3173,10.07123,109.7986,84.32353,42.187,4.593,250.846,,0.6979
54722,1836819659866316187,easy,images/00054/0054722_ref.png,images/00054/0054722_search.png,811.5936,539.3355,811.4899019831801,539.4182968044869,0.13269736065812152,0.6593258589059561,0.5266284982478345,0.5323309950420357,0.9282820820808411,-0.10369801681997615,0.08279680448686122,hit,4.19264030456543,0.21017934381961823,0.0,10.0,False,1.6882,9.96152,143.86988,127.54578,106.442,7.295,411.944,,0.6225
2363,3751630964012978507,easy,images/00002/0002363_ref.png,images/00002/0002363_search.png,328.7808,149.4402,329.5864631086576,149.4880041124178,0.8070800938047455,0.6974351169706945,-0.10964497683405106,1.4379639109462177,0.7827535271644592,0.8056631086575976,0.047804112417793476,hit,7.165390968322754,0.33529138565063477,0.0,10.0,False,0.292,9.94904,74.97343,98.03942,58.21,5.395,308.497,,0.8261
63010,2973626609046625683,medium,images/00063/0063010_ref.png,images/00063/0063010_search.png,249.5179,677.1937,250.222845986433,677.1406119076636,0.7069421400198913,1.2875083290397813,0.58056618901989,0.5866550194894635,0.8283100724220276,0.704945986432989,-0.053088092336452064,hit,5.905056953430176,0.33172357082366943,0.0,10.0,False,-3.7325,9.96763,138.95898,159.52026,51.729,5.086,241.069,,1.1701
23547,2453132547831884422,medium,images/00023/0023547_ref.png,images/00023/0023547_search.png,170.5337,156.1076,170.10923887042216,155.95196553893211,0.45209438836861543,0.19918721325393765,-0.25290717511467775,0.5031862692502445,0.7564347386360168,-0.42446112957784976,-0.15563446106787637,hit,3.818345069885254,0.27074652910232544,0.0,10.0,False,-2.3306,9.86952,117.91655,148.76771,54.459,5.218,189.524,,0.534
171107,3214604372944617842,hard,images/00171/0171107_ref.png,images/00171/0171107_search.png,146.6912,841.1829,146.04286973707386,841.2236967260155,0.6496125789110597,0.6841933148739703,0.03458073596291056,0.6277038430356603,0.7801595330238342,-0.6483302629261516,0.04079672601551465,hit,4.551657676696777,0.31820815801620483,0.0,10.0,False,2.3079,9.97605,126.21581,103.33565,31.489,3.968,,33.807,2.2628
69929,4294896376043725467,hard,images/00069/0069929_ref.png,images/00069/0069929_search.png,130.648,151.7806,131.05874604924279,151.9102296857397,0.43071588360952434,1.2181046523671164,0.787388768757592,0.9045855418679155,0.8317260146141052,0.410746049242789,0.12962968573970102,hit,4.39849853515625,0.23094698786735535,0.0,10.0,False,1.5949,10.04802,124.13679,103.64768,72.264,6.011,,23.612,0.537
24238,1590457602678138779,medium,images/00024/0024238_ref.png,images/00024/0024238_search.png,709.6809,883.567,709.7244743344983,883.5875591351737,0.04818091599442241,0.5466679729322668,0.49848705693784434,0.5343868832941642,0.891521692276001,0.0435743344983166,0.02055913517369845,hit,1.6719779968261719,0.22661526501178741,0.0,10.0,False,1.2898,10.10682,152.48544,128.43118,81.393,6.379,291.176,,1.1125
119814,1267289087129727594,easy,images/00119/0119814_ref.png,images/00119/0119814_search.png,632.5368,173.9606,632.2992677149164,174.06298783536454,0.25865972877058735,0.6581555995057353,0.399495870735148,0.4226815552671368,0.8741583228111267,-0.2375322850836028,0.10238783536453866,hit,7.762458801269531,0.3255981504917145,0.0,10.0,False,2.2883,9.94134,163.88796,146.28947,31.118,3.945,386.551,,0.1368
28392,4273254451050839725,hard,images/00028/0028392_ref.png,images/00028/0028392_search.png,499.5508,750.6198,526.5391047669109,51.81276893615723,699.3279883276904,702.257024646415,2.9290363187245703,3.5257532218877135,0.9060231447219849,26.988304766910915,-698.8070310638428,gross-miss,0.4590721130371094,0.1587415486574173,0.0,10.0,False,1.6702,9.85212,206.07799,158.66645,52.111,5.104,,25.973,0.4169
17969,4431788882575213321,hard,images/00017/0017969_ref.png,images/00017/0017969_search.png,562.3571,493.7153,562.5847973904823,493.54468539319845,0.28452670469840974,0.5971889996341402,0.31266229493573044,0.37982192432872747,0.8336917161941528,0.22769739048237625,-0.17061460680156415,hit,5.112444877624512,0.39008402824401855,0.0,10.0,False,-0.9488,10.15117,87.33421,84.27843,98.338,7.012,,18.642,0.2111
8494,3321113347895525258,easy,images/00008/0008494_ref.png,images/00008/0008494_search.png,199.9416,807.12,199.74852682055203,807.0394336731642,0.20920847411601906,0.6455577432643184,0.4363492691482993,0.4363572099080714,0.8189879059791565,-0.1930731794479641,-0.08056632683576481,hit,4.364102363586426,0.1576237827539444,0.0,10.0,False,1.8345,10.0553,118.39026,114.70791,88.589,6.655,337.473,,0.7933
8200,149816579933633881,easy,images/00008/0008200_ref.png,images/00008/0008200_search.png,552.8277,171.9421,552.6518480610719,171.95598286853303,0.1763990886130337,0.20275360671478773,0.026354518101754043,0.2298521122917229,0.894054651260376,-0.17585193892819007,0.01388286853301679,hit,6.398930549621582,0.2802506983280182,0.0,10.0,False,-0.9609,10.10809,160.68919,155.74001,91.767,6.774,405.74,,0.2329
90718,2076922018728341753,easy,images/00090/0090718_ref.png,images/00090/0090718_search.png,407.1477,316.7212,407.69748879933866,316.635922665554,0.556363143682679,1.1513512748332995,0.5949881311506204,0.9167151764882903,0.864947497844696,0.5497887993386712,-0.08527733444600472,hit,7.1858062744140625,0.2807212173938751,0.0,10.0,False,-1.4741,10.06291,199.39536,166.17877,85.212,6.527,414.907,,0.8874
7051,3555900477420051014,hard,images/00007/0007051_ref.png,images/00007/0007051_search.png,268.0034,754.5287,267.6874827329155,754.5551536425583,0.3170228932533768,0.27936413048115194,-0.03765876277222485,0.512933337625757,0.811571478843689,-0.31591726708450096,0.026453642558294632,hit,4.04044246673584,0.3103717863559723,0.0,10.0,False,-0.0984,10.10901,124.09728,163.13371,27.815,3.729,,23.34,1.1567
116197,1033491399993347991,medium,images/00116/0116197_ref.png,images/00116/0116197_search.png,151.0802,336.8454,151.0759132398695,336.8014752068871,0.04413347666368919,0.12905922644562892,0.08492574978193973,0.1703055914555978,0.8258692026138306,-0.004286760130497669,-0.04392479311286479,hit,1.2588958740234375,0.1930638998746872,0.0,10.0,False,-0.0992,10.10485,88.46763,110.15993,28.803,3.795,261.996,,0.2072
129825,2232537964478220307,easy,images/00129/0129825_ref.png,images/00129/0129825_search.png,286.2606,528.6772,286.42318595007424,528.7454439776574,0.17632762587877254,0.6847785264335983,0.5084509005548257,0.5245794986131932,0.8652531504631042,0.16258595007423082,0.06824397765740287,hit,6.662463188171387,0.2636336386203766,0.0,10.0,False,-0.9362,10.1623,173.89869,165.35466,32.525,4.033,403.062,,0.4107
57235,571004248283515443,easy,images/00057/0057235_ref.png,images/00057/0057235_search.png,871.2211,141.944,871.4187509697894,141.90938118867348,0.20065983144701002,0.30939972957127376,0.10873989812426374,0.11077588265695919,0.6567993760108948,0.1976509697893789,-0.03461881132651001,hit,4.112662315368652,0.2651359736919403,0.0,10.0,False,-1.853,10.09913,97.88796,110.16403,32.439,4.027,403.075,,0.07
46684,516667430946032550,medium,images/00046/0046684_ref.png,images/00046/0046684_search.png,285.6942,533.7525,285.6733228593032,533.7237730056067,0.0355119023786151,0.41013703862829487,0.37462513624967975,0.40417561318013023,0.8265680074691772,-0.020877140696825336,-0.028726994393309724,hit,6.993494987487793,0.49981003999710083,0.0,10.0,False,1.7281,10.2084,110.7963,92.51864,44.057,4.693,186.262,,0.6464
179179,4291416230124869681,hard,images/00179/0179179_ref.png,images/00179/0179179_search.png,416.9487,274.7464,416.87427111996146,274.7161089544833,0.08035673974398772,0.6217627960600545,0.5414060563160668,0.6652525305326703,0.895171582698822,-0.07442888003851067,-0.03029104551671935,hit,5.87266731262207,0.30541226267814636,0.0,10.0,False,1.8172,10.0028,132.33851,109.03064,51.537,5.076,,30.758,0.3119
85857,1337047683749759280,hard,images/00085/0085857_ref.png,images/00085/0085857_search.png,181.8416,492.3772,181.89247315746545,492.5710714654234,0.20043508489264122,0.29252700476902815,0.09209191987638693,0.13867577099102943,0.8530962467193604,0.050873157465446184,0.19387146542339906,hit,0.540125846862793,0.09767618030309677,0.0,10.0,False,0.1505,9.90826,179.47086,150.69776,95.207,6.9,,14.049,0.7199
63534,2879484030060228036,medium,images/00063/0063534_ref.png,images/00063/0063534_search.png,511.9979,731.7877,512.1466372041764,731.5349124451573,0.29329900066239645,0.03364160770743198,-0.2596573929549645,0.3190852162240417,0.7263208031654358,0.1487372041763706,-0.25278755484271187,hit,5.406489372253418,0.213418647646904,0.0,10.0,False,-1.5083,10.10536,135.12274,117.16415,36.752,4.287,265.652,,0.5782
129443,2145908488282590873,medium,images/00129/0129443_ref.png,images/00129/0129443_search.png,429.4845,701.8168,429.63687867516694,701.9016866439453,0.17442764392699367,0.3269483639435232,0.15252072001652955,0.2638475172949109,0.7974291443824768,0.15237867516691495,0.08488664394531042,hit,7.708199501037598,0.4712425172328949,0.0,10.0,False,-0.4644,10.04153,88.67136,78.58028,34.922,4.179,254.664,,0.4409
61505,4161259276519985475,hard,images/00061/0061505_ref.png,images/00061/0061505_search.png,661.7559,559.6796,660.5040830230569,933.7673938864983,374.089888369909,374.3444363453093,0.25454797540032814,0.5141132537573065,0.8973410129547119,-1.2518169769431324,374.0877938864983,periodic-lock,0.1075286865234375,0.01692741923034191,0.0,10.0,False,-4.8947,9.90875,141.71314,133.85715,62.929,5.609,,33.923,1.2825
75961,700608818688451082,hard,images/00075/0075961_ref.png,images/00075/0075961_search.png,511.5732,296.9616,511.52635871814726,297.1230145603989,0.16807369215428955,0.920280014799012,0.7522063226447224,0.7942392238894804,0.8372659683227539,-0.046841281852721295,0.1614145603988959,hit,4.3772783279418945,0.19576743245124817,0.0,10.0,False,2.2162,10.08617,217.3627,164.31709,29.962,3.871,,22.552,0.4026
3782,2664803466177097116,easy,images/00003/0003782_ref.png,images/00003/0003782_search.png,203.2089,603.8938,201.36986451089902,603.8722910532864,1.839161266708716,1.6060403102086926,-0.2331209565000234,0.4021136140128671,0.7726057767868042,-1.8390354891009792,-0.02150894671365222,near-miss,0.5541820526123047,0.17613928020000458,0.0,10.0,False,-3.0204,10.06337,182.73734,143.17479,26.294,3.626,371.15,,0.9265
133113,2447630001261612546,hard,images/00133/0133113_ref.png,images/00133/0133113_search.png,718.4147,726.6162,718.3534775340001,726.7184167350648,0.11914886180911084,0.04246886313193293,-0.07667999867717791,0.0938028621193408,0.6873446106910706,-0.06122246599989012,0.10221673506475781,hit,2.1589622497558594,0.10305693000555038,0.0,10.0,False,0.0809,9.94354,97.76646,98.54277,22.457,3.351,,32.591,0.9345
69687,1461550228460273929,easy,images/00069/0069687_ref.png,images/00069/0069687_search.png,188.4247,245.2362,188.70935442162934,244.95847860289498,0.3976899724195899,0.09368226002905082,-0.3040077123905391,0.4810628898460704,0.8109935522079468,0.28465442162934096,-0.27772139710501165,hit,5.678788185119629,0.3708786368370056,0.0,10.0,False,-1.0298,10.14459,176.56435,154.26201,22.511,3.355,417.521,,0.6389
104881,4482483323246874666,easy,images/00104/0104881_ref.png,images/00104/0104881_search.png,290.9861,822.8672,290.99060397256795,822.9009981248063,0.03409690615454366,0.3481654552845944,0.3140685491300508,0.35400720424587634,0.8224936127662659,0.004503972567931669,0.03379812480625333,hit,7.29400634765625,0.285738468170166,0.0,10.0,False,0.5963,9.76229,155.63074,143.89764,88.111,6.637,390.374,,0.687
40518,3363748701815888564,easy,images/00040/0040518_ref.png,images/00040/0040518_search.png,346.0954,562.9877,345.96172910745594,562.9934450131361,0.13379429243975985,0.5658215193661508,0.43202722692639095,0.5922452926935369,0.7590899467468262,-0.13367089254404618,0.005745013136106536,hit,8.05698013305664,0.30104997754096985,0.0,10.0,False,-2.1179,9.96449,155.2418,135.71498,23.746,3.446,407.793,,0.2317
99327,3225556697337664348,easy,images/00099/0099327_ref.png,images/00099/0099327_search.png,445.3829,517.1216,445.26099670981046,517.1749070989852,0.1330490847817346,0.36970862589756104,0.23665954111582643,0.33995785560052666,0.8924048542976379,-0.12190329018955026,0.05330709898521491,hit,5.156683921813965,0.44790908694267273,0.0,10.0,False,0.0177,10.12078,131.5112,112.2412,35.083,4.188,377.734,,0.402
15415,2978132807103265810,easy,images/00015/0015415_ref.png,images/00015/0015415_search.png,404.0085,251.5571,404.62868490024505,251.56598765348414,0.6202485799067837,0.17390129364472132,-0.44634728626206244,0.44654499938004305,0.8585014343261719,0.6201849002450217,0.00888765348415177,hit,4.757815361022949,0.24270941317081451,0.0,10.0,False,-0.5165,9.95869,179.18541,147.51383,92.889,6.815,422.44,,0.8559
56530,2881929518345833630,easy,images/00056/0056530_ref.png,images/00056/0056530_search.png,223.7595,733.0123,225.56240891937554,733.1882430027848,1.8114735746879722,1.754510297727885,-0.056963276960087184,0.24760345426429503,0.5998658537864685,1.8029089193755397,0.17594300278483388,near-miss,5.2363786697387695,0.4717417359352112,0.0,10.0,False,-0.3582,10.008,67.21541,86.33823,38.947,4.413,314.501,,1.9591
87564,2457849297773511333,easy,images/00087/0087564_ref.png,images/00087/0087564_search.png,660.3881,566.4818,662.0961892157304,566.661997015764,1.7175679705283173,1.7172290136354367,-0.00033895689288065967,2.007993570949911,0.6834533214569092,1.7080892157304106,0.18019701576395164,near-miss,5.07705020904541,0.20776483416557312,0.0,10.0,False,-4.1468,10.12223,122.00751,161.18079,55.209,5.254,313.564,,1.9291
135337,2654732508281748042,easy,images/00135/0135337_ref.png,images/00135/0135337_search.png,762.6285,578.0086,762.5765255882135,578.0648209963604,0.07656461266348671,0.5033059220064693,0.4267413093429826,0.5790113356867976,0.7732554078102112,-0.051974411786545716,0.05622099636036637,hit,4.917387962341309,0.3612091839313507,0.0,10.0,False,3.3326,10.0622,104.42653,98.29515,23.945,3.46,374.201,,0.4752
150232,565686675902882548,hard,images/00150/0150232_ref.png,images/00150/0150232_search.png,119.0901,737.8834,119.53103837607252,737.8504229833835,0.4421698034900045,0.8858867140919676,0.4437169106019631,0.944451591820385,0.6643435955047607,0.4409383760725092,-0.03297701661654173,hit,3.142683982849121,0.15533550083637238,0.0,10.0,False,-1.5338,9.98247,138.66637,141.63406,26.163,3.617,,17.626,1.1183
53631,2459100871759110355,easy,images/00053/0053631_ref.png,images/00053/0053631_search.png,302.0511,783.7565,300.7236918500013,783.902029154579,1.3353617979842014,1.4784276803065208,0.14306588232231943,1.405330936683485,0.5907961130142212,-1.327408149998746,0.1455291545790942,near-miss,4.832013130187988,0.23916341364383698,0.0,10.0,False,-2.1472,10.06213,65.33198,77.28019,37.429,4.326,341.863,,1.4699
15431,1517606813311701028,easy,images/00015/0015431_ref.png,images/00015/0015431_search.png,454.8302,479.3266,454.7400744672591,479.02224259526037,0.31742092160358176,0.8254088747037843,0.5079879531002025,0.6408847094166139,0.6373026967048645,-0.09012553274089896,-0.30435740473961914,hit,7.0888566970825195,0.29605770111083984,0.0,10.0,False,-1.2734,9.92552,99.53567,102.10781,23.03,3.393,320.212,,0.7752
114494,3134690624820855669,easy,images/00114/0114494_ref.png,images/00114/0114494_search.png,498.087,482.8813,498.0650744475104,482.821477084104,0.06371429288843489,0.8844593008041524,0.8207450079157175,0.938700323035031,0.8377566337585449,-0.02192555248956296,-0.059822915896006634,hit,7.0629425048828125,0.3031744658946991,0.0,10.0,False,2.8571,10.12331,148.62815,157.62634,45.099,4.749,309.92,,0.7746
25601,57618274086464735,easy,images/00025/0025601_ref.png,images/00025/0025601_search.png,309.1618,661.1668,309.2189519581169,661.3242579916943,0.1675092996373419,0.21066156941599753,0.04315226977865563,0.06141191888616112,0.8757973313331604,0.05715195811689,0.15745799169428665,hit,7.7904157638549805,0.4214755594730377,0.0,10.0,False,2.4762,9.88141,143.09096,133.18415,58.519,5.409,365.267,,0.6167
173839,87225543748977463,hard,images/00173/0173839_ref.png,images/00173/0173839_search.png,606.9272,519.2481,607.0333667878806,519.1882308169588,0.1218839855227518,0.9105466474304463,0.7886626619076945,0.7910424278897212,0.7828494906425476,0.10616678788062472,-0.05986918304120081,hit,2.9453954696655273,0.04316512122750282,0.0,10.0,False,-1.5544,9.91459,68.99493,76.85809,28.255,3.759,,29.191,0.4933
36573,1290262705903173150,easy,images/00036/0036573_ref.png,images/00036/0036573_search.png,506.4036,756.1573,506.4446804791224,756.2061399563645,0.06381964511508395,0.16354224756665262,0.09972260245156866,0.18061506907720662,0.8774034380912781,0.04108047912239954,0.048839956364531645,hit,4.4131927490234375,0.3664078712463379,0.0,10.0,False,1.5285,9.87265,119.4286,108.89008,51.751,5.087,380.243,,1.6842
52013,1279643757091382753,medium,images/00052/0052013_ref.png,images/00052/0052013_search.png,613.6387,189.5023,613.8458233808553,189.49541169290268,0.2072378914957957,0.13898902999859106,-0.06824886149720463,0.09916656676855924,0.8196930289268494,0.2071233808553643,-0.006888307097312918,hit,2.54158878326416,0.30926623940467834,0.0,10.0,False,0.1011,9.95048,132.04196,152.91072,90.863,6.74,196.201,,0.4082
140039,1606878566248928872,medium,images/00140/0140039_ref.png,images/00140/0140039_search.png,759.1504,601.5122,758.8837465975947,601.5524200926421,0.2696695994480048,0.6373614778412638,0.36769187839325906,0.36909578810675775,0.6672473549842834,-0.266653402405268,0.04022009264213011,hit,10.496118545532227,0.46214136481285095,0.0,10.0,False,1.1978,9.80072,108.42623,89.59618,32.308,4.019,211.925,,0.1598
42290,3370801521891483392,easy,images/00042/0042290_ref.png,images/00042/0042290_search.png,113.9792,110.715,112.94536667810837,110.7124107385463,1.0338365643216378,0.8353683218606814,-0.1984682424609564,0.45222739337410855,0.8371967077255249,-1.0338333218916347,-0.0025892614537070813,near-miss,3.242569923400879,0.29346269369125366,0.0,10.0,False,1.6091,10.2239,147.26744,111.22788,75.333,6.137,326.566,,0.067
39648,1600597569972296744,medium,images/00039/0039648_ref.png,images/00039/0039648_search.png,380.2059,823.2632,380.25691725946143,823.2759381556066,0.05258347051321749,0.33551765670053313,0.28293418618731564,0.2853704679621564,0.8854722380638123,0.051017259461445974,0.012738155606598411,hit,6.135296821594238,0.27584129571914673,0.0,10.0,False,-0.1949,9.87411,175.29334,131.04296,48.755,4.937,287.658,,1.0888
76797,2601539962693145968,medium,images/00076/0076797_ref.png,images/00076/0076797_search.png,844.8791,541.8689,845.3524982604899,541.9477458378409,0.47991934653619617,0.7674229304819564,0.28750358394576025,0.34822217801925165,0.8484148979187012,0.4733982604899438,0.07884583784084498,hit,7.528040885925293,0.42240697145462036,0.0,10.0,False,0.3218,9.92072,116.49678,97.44499,98.728,7.026,220.997,,0.1756
8595,4521913813589497199,medium,images/00008/0008595_ref.png,images/00008/0008595_search.png,662.7842,286.5974,662.8536897157225,286.56756130381507,0.07562518351181624,0.732574169180653,0.6569489856688367,0.6943726357973441,0.9234926700592041,0.0694897157223977,-0.02983869618492463,hit,2.664653778076172,0.305153489112854,0.0,10.0,False,1.3435,10.0244,124.17624,144.11954,59.791,5.468,244.677,,0.3001
142159,1210665626550321527,medium,images/00142/0142159_ref.png,images/00142/0142159_search.png,417.7728,356.1106,417.87535900749623,356.0378312469997,0.1257523018947286,0.34593105039527877,0.22017874850055016,0.2230245953400031,0.8744503855705261,0.10255900749621105,-0.07276875300027541,hit,6.829489707946777,0.33684611320495605,0.0,10.0,False,-0.9343,9.90802,114.7559,125.99216,31.311,3.957,248.423,,0.4241
44340,2930078530226287387,easy,images/00044/0044340_ref.png,images/00044/0044340_search.png,790.143,646.5378,790.0641627748114,646.6317897493731,0.12267591883766764,0.2750336866920151,0.15235776785434746,0.3003701638319269,0.8559305667877197,-0.07883722518863578,0.09398974937312232,hit,8.474347114562988,0.3709903359413147,0.0,10.0,False,-0.7411,10.0912,120.04849,111.91633,27.524,3.71,303.029,,0.7546
44700,1212687075191821608,medium,images/00044/0044700_ref.png,images/00044/0044700_search.png,293.4363,460.7176,293.3651651407985,769.3952219486237,308.67763014514935,311.6779824253886,3.0003522802392695,3.026933291238597,0.7451656460762024,-0.07113485920149287,308.67762194862365,gross-miss,0.22706985473632812,0.03220256045460701,0.0,10.0,False,1.8216,9.99216,129.73907,161.78474,43.163,4.646,199.944,,0.7046
22673,2811953488976601180,easy,images/00022/0022673_ref.png,images/00022/0022673_search.png,575.2411,252.3327,575.1666934016167,252.33178133894972,0.07441226929135539,0.48222867450448237,0.407816405213127,0.515951110407974,0.8830903768539429,-0.07440659838323427,-0.0009186610502638359,hit,7.021134376525879,0.24760355055332184,0.0,10.0,False,-0.3744,9.94943,112.64328,112.00866,51.765,5.088,425.076,,0.1319
139541,1570374222667970726,easy,images/00139/0139541_ref.png,images/00139/0139541_search.png,567.9116,721.9838,567.9969144279067,721.9203728516861,0.10630877081538744,0.0817682995405753,-0.02454047127481214,0.1438726852373147,0.8564707040786743,0.08531442790672372,-0.0634271483138491,hit,7.716419219970703,0.35669514536857605,0.0,10.0,False,-1.1828,10.16834,94.78219,84.32466,32.827,4.051,336.538,,0.6286
60711,3814636814343776752,easy,images/00060/0060711_ref.png,images/00060/0060711_search.png,576.3424,144.449,576.1710408351007,144.56556569752746,0.20724749753625826,0.2544902300410432,0.047242732504784946,0.13874424686335277,0.8387367725372314,-0.17135916489928604,0.11656569752744872,hit,4.233966827392578,0.3541053533554077,0.0,10.0,False,-0.1387,9.86306,158.26964,119.75443,38.742,4.401,362.683,,0.2609
9243,1683470281677820004,medium,images/00009/0009243_ref.png,images/00009/0009243_search.png,187.0049,855.9227,187.07716198250748,856.0222819865985,0.12303806797419707,0.46823600560916473,0.34519793763496764,0.34542237739720955,0.8510602116584778,0.07226198250748439,0.09958198659853679,hit,6.498004913330078,0.28141307830810547,0.0,10.0,False,-1.2342,10.17962,173.20186,132.17325,86.766,6.587,256.493,,0.626
58479,2684890356997318560,easy,images/00058/0058479_ref.png,images/00058/0058479_search.png,437.6549,788.6683,437.85860521862276,788.6924429394284,0.2051309279908447,0.29741118243966,0.09228025444881532,0.11704753142957948,0.851593554019928,0.20370521862275837,0.024142939428315913,hit,8.69239616394043,0.3779948055744171,0.0,10.0,False,-2.3122,10.13768,208.24301,159.20919,33.812,4.112,302.686,,0.1157
144553,4250583079651239696,medium,images/00144/0144553_ref.png,images/00144/0144553_search.png,228.8453,834.7128,228.99741150387473,834.6630685518858,0.16003476666827446,0.3240863376126187,0.16405157094434422,0.1730201350078623,0.8277746438980103,0.15211150387472117,-0.049731448114243904,hit,9.12613582611084,0.3974400758743286,0.0,10.0,False,-0.536,9.81721,178.16512,155.61677,34.758,4.169,245.731,,0.7483
133654,860408551415284549,easy,images/00133/0133654_ref.png,images/00133/0133654_search.png,743.2608,502.1583,743.3468414472878,502.12501733158683,0.09225435853162704,0.12818999184335456,0.03593563331172751,0.0717929863583523,0.7440097332000732,0.08604144728781193,-0.03328266841316463,hit,6.188300132751465,0.3003840446472168,0.0,10.0,False,-0.4108,9.97217,86.09849,80.46763,36.436,4.268,423.555,,0.5347
78699,1135549150189811898,easy,images/00078/0078699_ref.png,images/00078/0078699_search.png,742.9402,740.7723,743.1011274416393,740.8949723771252,0.20235155937654437,0.5495417139384052,0.34719015456186086,0.7282722450660425,0.8864653706550598,0.16092744163927364,0.12267237712524093,hit,7.3356122970581055,0.24320845305919647,0.0,10.0,False,-0.8053,10.10959,205.10483,156.96511,100.615,7.093,368.953,,0.4028
119285,175362758453172368,medium,images/00119/0119285_ref.png,images/00119/0119285_search.png,682.3856,258.2805,682.3871596258468,258.34327767813727,0.06279704853802157,0.05559340604674467,-0.007203642491276897,0.012307306883078385,0.7890064120292664,0.001559625846880408,0.06277767813725177,hit,1.6266593933105469,0.2824475169181824,0.0,10.0,False,-0.4421,9.82935,93.81673,105.77286,95.224,6.9,248.504,,0.0606
68082,3941663260759589651,easy,images/00068/0068082_ref.png,images/00068/0068082_search.png,141.041,573.0995,140.85803275443925,573.1654655430592,0.19449541336283183,0.48252650302124667,0.28803108965841484,0.29227578826812595,0.8680621981620789,-0.1829672455607465,0.06596554305917834,hit,6.488550186157227,0.38459086418151855,0.0,10.0,False,1.7089,9.92264,109.10448,86.10255,100.505,7.089,392.407,,0.7405
99216,1036471831421356857,easy,images/00099/0099216_ref.png,images/00099/0099216_search.png,401.7635,433.362,401.6239631864275,433.4302382239297,0.15532861148883553,0.49715457512108646,0.34182596363225093,0.6412613495161562,0.8578982353210449,-0.13953681357253345,0.0682382239296544,hit,7.7275896072387695,0.32785940170288086,0.0,10.0,False,3.1759,9.89314,128.80073,114.55019,30.696,3.918,323.415,,0.5395
107873,636570028131898111,medium,images/00107/0107873_ref.png,images/00107/0107873_search.png,186.6245,279.4581,187.26795621741002,279.4115428064888,0.6451383386462407,0.7682701181464054,0.12313177950016474,0.16383358948804602,0.7399255037307739,0.6434562174100051,-0.04655719351120524,hit,4.991040229797363,0.2203071266412735,0.0,10.0,False,0.8849,9.83566,104.0286,119.02807,70.314,5.929,241.729,,0.9948
66179,1823127457162655965,easy,images/00066/0066179_ref.png,images/00066/0066179_search.png,877.7913,876.0393,879.0488975612014,876.0362895845271,1.2576011643367664,0.19180830358662973,-1.0657928607501366,1.0936807294180833,0.677170991897583,1.2575975612014645,-0.003010415472886052,near-miss,2.145620346069336,0.3055739998817444,0.0,10.0,False,0.5628,9.78408,70.65495,81.84758,89.712,6.697,325.568,,0.9383
73187,55887968541519246,easy,images/00073/0073187_ref.png,images/00073/0073187_search.png,827.2256,339.711,826.3610214363272,339.64880871302796,0.8668124646875907,0.5576583038941179,-0.3091541607934728,0.36591235115219534,0.7969154715538025,-0.8645785636728078,-0.062191286972051785,hit,6.002113342285156,0.24443849921226501,0.0,10.0,False,2.7281,9.94297,119.64392,91.8137,34.191,4.135,403.017,,0.417
31640,3179065724644007645,medium,images/00031/0031640_ref.png,images/00031/0031640_search.png,604.9857,113.3791,605.0460472422886,113.37205990471442,0.06075650247898785,0.4424818789398687,0.38172537646088084,0.388625472044999,0.7747612595558167,0.060347242288685266,-0.007040095285574921,hit,7.281861305236816,0.4502738416194916,0.0,10.0,False,-2.2563,10.0871,121.23818,144.80205,33.082,4.067,231.551,,0.4167
68899,110056000206237001,easy,images/00068/0068899_ref.png,images/00068/0068899_search.png,493.8189,358.844,494.1896909723756,358.8033099481567,0.3730169238979306,0.2993644260003667,-0.0736524978975639,0.1322172585422201,0.8132473826408386,0.3707909723756302,-0.04069005184328489,hit,7.057382583618164,0.3669121563434601,0.0,10.0,False,0.5106,9.85162,108.01722,112.1548,32.424,4.026,427.946,,0.6103
169338,3023237383259783401,hard,images/00169/0169338_ref.png,images/00169/0169338_search.png,511.8314,672.1689,512.0314571013329,671.8227290394614,0.3998214322844261,0.6308201119865658,0.23099867970213972,1.0253995482123652,0.5915634632110596,0.20005710133290222,-0.34617096053864316,hit,3.432499885559082,0.21309714019298553,0.0,10.0,False,0.4831,9.85833,67.54672,80.11078,30.005,3.873,,29.558,0.8824
161046,3688095032501738064,hard,images/00161/0161046_ref.png,images/00161/0161046_search.png,871.3853,768.7956,241.77573255385084,867.1886471940707,637.2514410779012,637.3359225598617,0.08448148196055172,0.3992059566080996,0.8157769441604614,-629.6095674461492,98.39304719407062,gross-miss,0.36910247802734375,0.007423651870340109,0.0,10.0,False,0.1238,10.03056,130.97339,136.90245,22.859,3.381,,16.521,1.382
153934,373593974213318429,hard,images/00153/0153934_ref.png,images/00153/0153934_search.png,844.8317,843.5756,511.8156037763247,117.73228280678131,798.5914108341709,799.3122104468799,0.7207996127090155,0.7763799864251127,0.8192297220230103,-333.0160962236753,-725.8433171932187,periodic-lock,0.8615818023681641,0.029434558004140854,0.0,10.0,False,-0.3668,10.07124,127.90883,118.49348,58.356,5.402,,16.945,2.0144
188233,322113442432654123,hard,images/00188/0188233_ref.png,images/00188/0188233_search.png,215.9554,273.5167,216.14041326287963,273.5990265785778,0.20250326659512674,0.42744752600045094,0.2249442594053242,0.39470666326957804,0.7314954400062561,0.18501326287963593,0.08232657857780623,hit,2.3108253479003906,0.14378412067890167,0.0,10.0,False,0.9852,9.8504,145.37656,128.12358,23.596,3.435,,29.868,0.2966
29822,4128682909856758171,medium,images/00029/0029822_ref.png,images/00029/0029822_search.png,288.0425,278.4441,288.1111281578633,278.44309240533175,0.06863555418818905,0.4588717019429148,0.39023614775472576,0.5264768448341774,0.8774979710578918,0.06862815786325882,-0.0010075946682377435,hit,4.6695146560668945,0.24722138047218323,0.0,10.0,False,-0.4441,10.01768,202.07064,168.36866,72.453,6.019,269.52,,0.2951
118003,3886445141590695801,hard,images/00118/0118003_ref.png,images/00118/0118003_search.png,535.3864,184.0862,535.2975963479107,184.04450860435017,0.09810331847405414,0.391588933557112,0.29348561508305787,0.3083484434010938,0.9157662987709045,-0.08880365208926833,-0.041691395649820606,hit,5.287517547607422,0.22369849681854248,0.0,10.0,False,-0.6264,10.03476,75.37171,89.63311,100.987,7.106,,14.863,0.3576
21778,1735900026494840489,easy,images/00021/0021778_ref.png,images/00021/0021778_search.png,771.2891,351.4102,771.1556357644695,351.3726924506058,0.13863447777263274,0.16230254960748733,0.023668071834854587,0.02372130313304321,0.8848574161529541,-0.13346423553048226,-0.037507549394149464,hit,5.718778610229492,0.2125128209590912,0.0,10.0,False,-0.6751,10.02474,156.19233,152.38481,61.733,5.556,339.135,,0.4323
143848,1602620954139851079,easy,images/00143/0143848_ref.png,images/00143/0143848_search.png,536.2958,699.9139,536.3813505712752,699.9744915897662,0.10483435026705232,0.6429670902939478,0.5381327400268955,0.5425236931974198,0.7372215986251831,0.08555057127523469,0.06059158976620438,hit,8.749807357788086,0.3491631746292114,0.0,10.0,False,-1.508,9.99925,82.15869,73.86803,87.828,6.627,391.063,,0.7055
49646,267812679755604231,easy,images/00049/0049646_ref.png,images/00049/0049646_search.png,168.8015,298.0095,169.1089377350469,298.15296127597895,0.3392625806602882,0.4238528439920825,0.08459026333179431,0.27447274763181057,0.8249509930610657,0.3074377350469035,0.1434612759789502,hit,4.829862594604492,0.49848639965057373,0.0,10.0,False,-0.0765,10.10789,81.66514,108.42726,101.8,7.134,413.196,,0.3057
66855,1339587133463212967,medium,images/00066/0066855_ref.png,images/00066/0066855_search.png,291.7753,799.3418,291.2293700351716,799.2736983084608,0.550161218996818,0.20736936953343998,-0.34279184946337804,0.7107729479935343,0.8161049485206604,-0.5459299648284173,-0.06810169153925472,hit,4.731019973754883,0.19800719618797302,0.0,10.0,False,-0.2519,10.03117,142.16292,167.59483,31.325,3.958,189.065,,0.2374
115416,3306383535683411503,medium,images/00115/0115416_ref.png,images/00115/0115416_search.png,696.1465,185.6989,696.3350586040665,185.6469939362819,0.1955724587415953,0.10955174683299017,-0.08602071190860512,0.27825198998902667,0.7998502850532532,0.188558604066543,-0.05190606371812123,hit,9.595207214355469,0.4346991181373596,0.0,10.0,False,1.3432,9.95013,87.84695,90.90625,35.075,4.188,176.43,,0.4124
182548,537082322641909901,hard,images/00182/0182548_ref.png,images/00182/0182548_search.png,383.5776,200.6723,383.35550762132334,200.76917176941305,0.24229974076642816,0.10527221064156521,-0.13702753012486296,0.33180713118008304,0.7600010633468628,-0.22209237867667753,0.09687176941304187,hit,4.355342864990234,0.2492026537656784,0.0,10.0,False,-2.2648,10.07388,76.71317,88.39352,77.885,6.24,,28.148,0.257
91376,1056905830565037633,easy,images/00091/0091376_ref.png,images/00091/0091376_search.png,765.5557,839.7269,765.098941213421,839.5056344645218,0.5075303205795758,0.3332659128787702,-0.1742644077008056,0.38751851949907296,0.7352912425994873,-0.45675878657903013,-0.22126553547821004,hit,1.1423377990722656,0.1494845747947693,0.0,10.0,False,0.5009,10.12928,117.31418,104.86248,22.968,3.389,428.616,,1.0781
51712,2424191549329404472,medium,images/00051/0051712_ref.png,images/00051/0051712_search.png,788.2736,287.3565,788.236333381228,287.30575207868543,0.06296151516957321,0.3201635998727913,0.2572020847032181,0.28647984041528496,0.8705143928527832,-0.037266618772036963,-0.05074792131455297,hit,3.9194936752319336,0.26581594347953796,0.0,10.0,False,0.0816,9.90353,156.11233,167.8149,47.839,4.891,188.11,,0.1156
125070,2936808278862254427,easy,images/00125/0125070_ref.png,images/00125/0125070_search.png,284.1833,322.6525,284.22773361845475,322.5465151583649,0.11492229159477274,0.4967619705212594,0.3818396789264867,0.44978419477397247,0.6468772888183594,0.044433618454775115,-0.10598484163506328,hit,4.183238983154297,0.2514166235923767,0.0,10.0,False,0.2107,9.85944,71.16744,75.77042,25.183,3.548,422.162,,0.2608
15952,4156583295538234294,hard,images/00015/0015952_ref.png,images/00015/0015952_search.png,356.6874,427.7068,356.9116290137983,427.6562106194102,0.2298650387888491,0.4837510691954081,0.253886030406559,0.5517772308063511,0.7200879454612732,0.224229013798265,-0.05058938058976992,hit,3.711846351623535,0.20286397635936737,0.0,10.0,False,1.6156,10.16935,79.74185,81.97977,42.395,4.604,,21.596,0.3032
112367,3974716470708463340,medium,images/00112/0112367_ref.png,images/00112/0112367_search.png,394.9358,470.684,395.10651069664846,470.63815893638713,0.1767584370358953,0.9117536291124756,0.7349951920765803,0.7587391902217,0.6995826959609985,0.17071069664848437,-0.045841063612897415,hit,6.152139663696289,0.258815735578537,0.0,10.0,False,-1.4953,9.93486,75.31166,79.50752,37.285,4.318,258.772,,0.0902
10404,812438294073134550,hard,images/00010/0010404_ref.png,images/00010/0010404_search.png,687.0964,857.843,687.3090287021498,857.8495651697095,0.2127300318037487,0.26167947942654635,0.048949447622797654,0.06224482944829371,0.8222009539604187,0.21262870214980012,0.006565169709574548,hit,0.9156007766723633,0.11963457614183426,0.0,10.0,False,-0.7728,10.2323,143.54807,142.51753,67.795,5.822,,17.317,0.636
10430,4522665151957731972,easy,images/00010/0010430_ref.png,images/00010/0010430_search.png,439.198,442.4924,439.0299198130828,442.52860694318287,0.1719357204561009,0.3923015121744304,0.22036579171832948,0.2210355829751233,0.7089307904243469,-0.16808018691716597,0.03620694318288997,hit,7.121799468994141,0.32865673303604126,0.0,10.0,False,-1.2612,9.91199,109.38413,132.53239,29.961,3.87,363.722,,0.24
76472,1961891456180264553,easy,images/00076/0076472_ref.png,images/00076/0076472_search.png,682.9293,655.6796,683.4398785523678,655.6597644973249,0.5109637025311293,0.1477061038560779,-0.3632575986750514,0.522821831182599,0.7758703827857971,0.5105785523677469,-0.019835502675164207,hit,3.6935338973999023,0.22650499641895294,0.0,10.0,False,1.8136,10.02691,161.17157,144.06933,25.27,3.555,343.586,,0.914
82841,456032952337578496,hard,images/00082/0082841_ref.png,images/00082/0082841_search.png,296.2248,666.5362,296.06588907919274,666.5378354062983,0.15891933584550325,0.627067226414007,0.4681478905685038,0.7379881496088726,0.7210648059844971,-0.15891092080727276,0.0016354062983054973,hit,4.5913238525390625,0.30688536167144775,0.0,10.0,False,-1.2885,10.14132,85.92535,103.46416,47.473,4.872,,30.382,0.847
94226,4464593192322066236,medium,images/00094/0094226_ref.png,images/00094/0094226_search.png,221.5843,730.7949,222.42488233148262,730.7564593147703,0.8414608382341195,0.13861039274372836,-0.7028504454903912,0.9760791894969767,0.781758189201355,0.840582331482608,-0.03844068522971611,hit,3.9171934127807617,0.27344754338264465,0.0,10.0,False,-2.1563,10.05945,209.90293,169.30965,28.963,3.805,266.179,,1.6187
37720,2619359357609310407,medium,images/00037/0037720_ref.png,images/00037/0037720_search.png,487.8988,426.3225,488.2188189137924,426.40799175209634,0.33124152043694166,0.3316808434132343,0.00043932297629262207,0.4958672257147527,0.8119006752967834,0.3200189137924099,0.08549175209634541,hit,4.975248336791992,0.33135172724723816,0.0,10.0,False,2.2008,10.01568,114.56708,115.23568,75.455,6.142,242.108,,1.5585
14153,3916375668819139099,easy,images/00014/0014153_ref.png,images/00014/0014153_search.png,138.3237,328.4299,137.89821054759943,328.5712236205382,0.4483454469782982,0.5739295142123049,0.12558406723400667,0.20758593913050058,0.7974746227264404,-0.42548945240056923,0.14132362053823044,hit,3.993610382080078,0.40981778502464294,0.0,10.0,False,-0.6284,9.91076,83.69785,100.92734,28.344,3.765,415.991,,1.2706
530,4597159785117642185,medium,images/00000/0000530_ref.png,images/00000/0000530_search.png,241.6412,382.678,241.45081132183654,382.6468643308164,0.19291780288075666,0.7396497782491759,0.5467319753684192,0.6421953402601267,0.8997178673744202,-0.19038867816345828,-0.031135669183584014,hit,4.184266090393066,0.3762508034706116,0.0,10.0,False,-0.6536,10.01432,149.80683,145.82056,70.506,5.937,170.204,,0.3652
108401,771722949177651389,easy,images/00108/0108401_ref.png,images/00108/0108401_search.png,267.9712,190.0145,268.3766466486993,189.98796341631453,0.4063141336640736,0.574634470475305,0.16832033681123143,0.1690313752627936,0.850700318813324,0.4054466486992965,-0.02653658368546985,hit,5.791574478149414,0.39488083124160767,0.0,10.0,False,-1.0423,9.99126,98.26904,82.49036,80.557,6.347,411.265,,0.594
76979,274302592030219381,easy,images/00076/0076979_ref.png,images/00076/0076979_search.png,625.9245,199.0116,626.2420335805705,199.0148960537448,0.3175506869150472,0.6057758347348393,0.28822514781979214,0.5621614290655309,0.7519792914390564,0.31753358057051173,0.0032960537448047944,hit,4.932574272155762,0.32708853483200073,0.0,10.0,False,0.2993,10.04127,155.58553,169.58972,31.847,3.99,362.212,,0.3193
6684,2953552977510621467,hard,images/00006/0006684_ref.png,images/00006/0006684_search.png,648.284,331.9774,647.7944823634041,331.9331654062832,0.49151217260585855,0.6407277975703304,0.14921562496447183,0.5525465770435862,0.804892897605896,-0.48951763659590597,-0.04423459371679428,hit,5.019560813903809,0.20893073081970215,0.0,10.0,False,-0.7513,10.03902,144.69467,155.51297,25.251,3.553,,33.383,0.5494
106375,2405163544278416490,medium,images/00106/0106375_ref.png,images/00106/0106375_search.png,697.4191,594.9533,697.1478318439291,594.932392148595,0.2720726938677438,0.831509401074863,0.5594367072071192,0.995140655417201,0.8708001375198364,-0.2712681560708461,-0.02090785140501339,hit,6.66768741607666,0.26971709728240967,0.0,10.0,False,-2.116,9.93547,186.46799,141.71122,41.466,4.553,199.111,,0.8022
36635,1453253940281799863,medium,images/00036/0036635_ref.png,images/00036/0036635_search.png,132.6353,872.6152,132.71657058246515,872.6686934931561,0.09729574186092582,0.7682158251048797,0.6709200832439539,0.719239450851676,0.7724229693412781,0.08127058246515162,0.05349349315611107,hit,3.7594308853149414,0.3039727509021759,0.0,10.0,False,-1.4357,9.954,177.61537,145.14974,28.754,3.792,212.343,,0.4282
166645,1531090069386384992,hard,images/00166/0166645_ref.png,images/00166/0166645_search.png,173.9342,801.6017,174.15537383715005,801.6029462921996,0.22117734848741247,0.18190215317489547,-0.039275195312517,0.07240746373133476,0.46281617879867554,0.22117383715004735,0.0012462921995393117,hit,4.71669864654541,0.27811065316200256,0.0,10.0,False,-0.7106,10.00889,60.65187,74.43275,32.522,4.033,,25.02,1.0317
130069,790606199696524653,easy,images/00130/0130069_ref.png,images/00130/0130069_search.png,446.7952,641.5567,447.0775823319069,641.5009939034758,0.28782451348544963,1.041081293359781,0.7532567798743315,0.7936893483856824,0.6625237464904785,0.2823823319068879,-0.05570609652420444,hit,6.365938186645508,0.30143386125564575,0.0,10.0,False,0.3232,10.06843,67.89834,71.39837,44.872,4.737,391.983,,1.5111
71489,246743108888461481,easy,images/00071/0071489_ref.png,images/00071/0071489_search.png,450.1144,338.8669,449.81110394760685,339.01958770806664,0.33956152843322374,0.31408134593754666,-0.025480182495677073,0.2861715582697882,0.9331401586532593,-0.3032960523931365,0.15268770806665088,hit,4.663959503173828,0.3607005476951599,0.0,10.0,False,0.7962,10.07836,169.77868,158.94911,69.566,5.898,379.795,,0.205
199811,4135462031097917146,hard,images/00199/0199811_ref.png,images/00199/0199811_search.png,332.8573,543.9473,333.62652239248285,409.88993747955817,134.05956940489654,134.39954525592492,0.33997585102838457,0.49333015445656747,0.8065300583839417,0.7692223924828454,-134.05736252044187,periodic-lock,0.3991355895996094,0.09951084852218628,0.0,10.0,False,-0.9358,10.09991,144.81208,134.43502,28.0,3.742,,21.87,0.6822
175610,4244075021572756565,hard,images/00175/0175610_ref.png,images/00175/0175610_search.png,301.431,264.5237,301.2685821013584,264.40528369483286,0.20100247542901656,0.3328846636235545,0.13188218819453795,0.1354086732294872,0.796402633190155,-0.16241789864159273,-0.11841630516715895,hit,5.198858261108398,0.3456822335720062,0.0,10.0,False,0.3547,9.80123,101.50076,94.11587,78.593,6.269,,27.015,0.6042
3395,1952289787500359942,easy,images/00003/0003395_ref.png,images/00003/0003395_search.png,545.5458,130.526,545.7686141774313,130.46651365135398,0.2306182632396031,0.38863130724710054,0.15801304400749744,0.15832936700095301,0.8782694339752197,0.2228141774313599,-0.05948634864603264,hit,8.619417190551758,0.4078023135662079,0.0,10.0,False,0.5897,10.0882,149.97887,152.38054,79.05,6.287,405.192,,0.3708
121916,2057253401597597876,medium,images/00121/0121916_ref.png,images/00121/0121916_search.png,132.3789,878.7656,132.88643469984402,878.6193745469228,0.5281792826999019,0.6858026730290878,0.15762339032918593,0.30443637162869486,0.8772472143173218,0.5075346998440295,-0.14622545307713608,hit,4.163225173950195,0.30106616020202637,0.0,10.0,False,-0.1508,10.01417,120.67117,137.05414,83.655,6.467,295.497,,0.1361
90697,4321115662406188776,easy,images/00090/0090697_ref.png,images/00090/0090697_search.png,271.384,841.7243,270.98218377370296,841.5139189528142,0.453559769744419,0.713337497789924,0.259777728045505,0.6484236751332807,0.775801420211792,-0.4018162262970577,-0.21038104718581963,hit,6.469895362854004,0.3713783919811249,0.0,10.0,False,-2.8706,10.16624,85.71894,93.62381,40.119,4.479,365.748,,0.3108
83016,4478559238057697074,medium,images/00083/0083016_ref.png,images/00083/0083016_search.png,870.9436,788.2053,870.143620268526,788.1793633381972,0.8004000757087889,1.117123709484097,0.316723633775308,0.32518264810473585,0.8796030879020691,-0.7999797314739681,-0.02593666180280252,hit,5.552384376525879,0.38625356554985046,0.0,10.0,False,0.9025,9.98688,111.3315,119.61684,48.988,4.949,213.289,,1.1269
84356,671573765226490744,easy,images/00084/0084356_ref.png,images/00084/0084356_search.png,218.5309,540.6697,218.33758914182727,540.7388047713507,0.2052913960956712,0.7204908253454897,0.5151994292498185,0.728544986941546,0.7634353041648865,-0.19331085817273674,0.0691047713506805,hit,7.568944931030273,0.35822468996047974,0.0,10.0,False,-0.3856,9.69322,146.11051,123.24414,70.91,5.954,380.916,,0.1573
96463,1550531050833646599,easy,images/00096/0096463_ref.png,images/00096/0096463_search.png,184.132,815.8782,184.88227870041015,815.8885266032806,0.7503497631268089,1.0576911470663382,0.30734138393952926,0.7613411099227263,0.7589470148086548,0.7502787004101492,0.01032660328064594,hit,5.687994003295898,0.24089951813220978,0.0,10.0,False,1.8215,9.87883,94.16133,114.8519,61.817,5.56,350.207,,0.474
8551,3390668590321767021,easy,images/00008/0008551_ref.png,images/00008/0008551_search.png,700.7085,514.7889,700.5825772520366,514.7662423775487,0.12794493467815646,0.3700437473023033,0.24209881262414687,0.329239960183031,0.7419939637184143,-0.12592274796338643,-0.022657622451333737,hit,6.155416488647461,0.32902148365974426,0.0,10.0,False,1.8421,10.05142,164.85775,129.51752,22.47,3.352,347.325,,0.5577
148035,2460393541949380257,easy,images/00148/0148035_ref.png,images/00148/0148035_search.png,308.6369,236.8671,308.547921520892,236.8793490900089,0.08981764832385689,0.13677600613743904,0.04695835781358215,0.061587122159139016,0.8754304647445679,-0.08897847910805012,0.012249090008907615,hit,9.01473331451416,0.45820993185043335,0.0,10.0,False,0.7681,10.11146,93.02469,118.12086,63.923,5.653,419.039,,0.17
17758,1521607119221205939,easy,images/00017/0017758_ref.png,images/00017/0017758_search.png,564.6168,718.2024,564.5838198096451,718.1482111308852,0.06343600311957893,0.31717305170105203,0.2537370485814731,0.3014843380833825,0.8812595009803772,-0.032980190354919614,-0.054188869114796034,hit,9.304939270019531,0.4377050995826721,0.0,10.0,False,1.0658,10.2053,131.89294,141.38565,46.722,4.833,357.867,,0.901
46212,917019329100614166,easy,images/00046/0046212_ref.png,images/00046/0046212_search.png,857.6864,744.1554,857.2118186526978,744.2099411307647,0.4777051288737354,0.4589124417862684,-0.018792687087467008,0.0938321337010935,0.8181629180908203,-0.47458134730220536,0.05454113076473277,hit,3.031863212585449,0.3505924344062805,0.0,10.0,False,0.7872,9.90851,87.31059,90.30287,36.58,4.277,339.059,,0.6286
33588,2208050827034750512,easy,images/00033/0033588_ref.png,images/00033/0033588_search.png,770.1435,396.2023,770.7397565002107,396.13019198709304,0.6006008487913014,0.5423895931436111,-0.05821125564769025,0.1872821507836084,0.8374735116958618,0.596256500210643,-0.0721080129069378,hit,6.38862419128418,0.2925938367843628,0.0,10.0,False,1.4971,10.05191,89.77746,96.52407,104.348,7.223,391.336,,0.4554
116749,91605552420478618,easy,images/00116/0116749_ref.png,images/00116/0116749_search.png,362.9496,423.0689,362.24798165973726,423.0758443568792,0.7016527057494104,0.2634848401499068,-0.4381678655995036,0.45403257830031657,0.8590258955955505,-0.7016183402627121,0.006944356879216684,hit,5.26779842376709,0.296437531709671,0.0,10.0,False,0.7648,9.97831,128.22992,96.00101,82.66,6.429,324.153,,1.3598
28368,2264914757025055037,easy,images/00028/0028368_ref.png,images/00028/0028368_search.png,677.1826,299.6726,677.0318639474823,299.6134538031237,0.16192476689358307,0.2115030585013556,0.04957829160777252,0.19043097348353757,0.8191008567810059,-0.1507360525176864,-0.059146196876270096,hit,6.769940376281738,0.3199840486049652,0.0,10.0,False,-0.6669,9.80637,93.59808,118.74919,56.043,5.294,421.449,,0.235
168029,2856824595891708675,hard,images/00168/0168029_ref.png,images/00168/0168029_search.png,482.7386,598.4332,483.568853521586,598.4501332679661,0.8304261831553237,1.116750438304058,0.2863242551487344,0.6637622250157545,0.8551431894302368,0.8302535215859734,0.016933267966010135,hit,2.422952651977539,0.18182753026485443,0.0,10.0,False,0.6706,10.05994,124.56909,155.86493,58.857,5.425,,19.573,0.3504
126175,1138919127614500778,easy,images/00126/0126175_ref.png,images/00126/0126175_search.png,785.2033,297.9361,785.1720837555882,298.00938701430556,0.07965827252079843,1.070546515117915,0.9908882425971166,1.0024990066406951,0.8096147775650024,-0.03121624441178028,0.07328701430554929,hit,7.419462203979492,0.3325923681259155,0.0,10.0,False,-0.1621,9.87298,119.2291,136.40424,107.679,7.338,306.826,,0.1898
68146,3712760786021466563,medium,images/00068/0068146_ref.png,images/00068/0068146_search.png,780.7878,623.2911,780.8453226821695,623.1140330362194,0.18617617631279296,0.4848557765879488,0.29867960027515583,0.3014690597069562,0.8514124751091003,0.05752268216951961,-0.1770669637805895,hit,1.2188091278076172,0.2600613534450531,0.0,10.0,False,-0.24,10.07389,170.73973,130.43077,54.384,5.215,195.205,,0.3989
78244,3790846727483711423,easy,images/00078/0078244_ref.png,images/00078/0078244_search.png,429.2878,717.8689,429.7243619662578,717.7904197163315,0.4435600357421323,1.3621252075657049,0.9185651718235726,0.9432304503749519,0.8104380965232849,0.4365619662577842,-0.07848028366856852,hit,5.523770332336426,0.3783712089061737,0.0,10.0,False,5.9931,10.03473,97.26506,112.73353,40.071,4.476,400.617,,1.1122
44293,3987683788972194880,medium,images/00044/0044293_ref.png,images/00044/0044293_search.png,171.2114,165.851,171.27369068498228,165.9550677987861,0.12128576247749621,0.3345773157523741,0.21329155327487787,0.21359810048996794,0.8467073440551758,0.06229068498228685,0.1040677987861045,hit,8.446757316589355,0.35752105712890625,0.0,10.0,False,0.0766,10.05139,83.36138,90.4025,65.642,5.729,299.96,,1.006
155560,1845412117272951320,hard,images/00155/0155560_ref.png,images/00155/0155560_search.png,793.6434,281.9494,793.6619447892816,281.96465499553074,0.024012998524551517,0.5031632617364726,0.4791502632119211,0.4988219499404805,0.8052235245704651,0.018544789281577323,0.015254995530710858,hit,3.60416316986084,0.2735244631767273,0.0,10.0,False,1.5824,9.89089,136.43139,104.50057,25.332,3.559,,27.356,0.9594
93122,1265939592917563409,hard,images/00093/0093122_ref.png,images/00093/0093122_search.png,420.2646,727.643,419.891754807782,727.6941630698225,0.3763392048056249,0.779853447400786,0.4035142425951611,0.5179405812763442,0.7194011807441711,-0.3728451922179943,0.05116306982245078,hit,7.437158584594727,0.24374225735664368,0.0,10.0,False,0.2932,10.08065,115.91459,138.6333,24.005,3.464,,24.241,1.1356
187113,4084692550534586971,hard,images/00187/0187113_ref.png,images/00187/0187113_search.png,822.4635,263.8616,822.8897998421556,263.7914966818804,0.4320254976657529,0.36577590164192203,-0.06624959602383085,0.7969226947020396,0.5938564538955688,0.42629984215568584,-0.07010331811960668,hit,0.3884620666503906,0.04563373327255249,0.0,10.0,False,-0.0462,9.84817,126.58734,117.50438,67.068,5.791,,15.918,0.5059
31604,242177898458177464,medium,images/00031/0031604_ref.png,images/00031/0031604_search.png,245.263,853.2507,245.9147081403797,853.1343838147477,0.6620067637032268,0.5711332356083405,-0.09087352809488625,1.1693508345952086,0.8475177884101868,0.6517081403796965,-0.11631618525234444,hit,6.603943824768066,0.43087315559387207,0.0,10.0,False,1.369,10.04723,116.64295,111.22024,36.117,4.25,211.032,,1.1059
92355,4579933027785621406,easy,images/00092/0092355_ref.png,images/00092/0092355_search.png,212.7721,526.3602,212.85210348503858,526.3780142662998,0.0819628312231963,0.8395985621494675,0.7576357309262712,0.7581853077291073,0.878720223903656,0.08000348503858845,0.017814266299865267,hit,5.700806617736816,0.3175934851169586,0.0,10.0,False,-0.7836,10.00313,176.48108,147.45975,90.237,6.717,428.701,,0.0229
95352,2710226757705926926,medium,images/00095/0095352_ref.png,images/00095/0095352_search.png,390.6946,278.942,390.7589153781259,279.05371373939056,0.12890472230333233,0.4307804023088043,0.301875680005472,0.5565118905728048,0.7578606009483337,0.0643153781259116,0.11171373939055229,hit,3.71511173248291,0.2704685926437378,0.0,10.0,False,1.2848,9.97457,154.84362,126.69959,51.25,5.062,275.833,,0.7047
166311,2620510236349778825,hard,images/00166/0166311_ref.png,images/00166/0166311_search.png,417.7508,484.082,417.79291730833586,484.038504760736,0.0605450534733417,0.745922226831941,0.6853771733585993,0.7787805555853501,0.825366199016571,0.042117308335832604,-0.04349523926401844,hit,2.1645584106445312,0.15738165378570557,0.0,10.0,False,-0.2841,10.08818,116.99578,92.66634,45.201,4.754,,22.015,0.3317
130477,3303194098795023826,easy,images/00130/0130477_ref.png,images/00130/0130477_search.png,287.7407,767.5613,287.8714305040611,767.5987352646048,0.13598479226773919,0.6903890201757324,0.5544042279079933,0.7414187907555068,0.7817690968513489,0.13073050406109132,0.037435264604823715,hit,6.424145698547363,0.23370301723480225,0.0,10.0,False,-1.2885,10.10304,108.44373,83.9194,26.039,3.608,357.871,,0.384
30047,4020018734500399261,easy,images/00030/0030047_ref.png,images/00030/0030047_search.png,521.5936,424.1108,521.8239561212105,424.227294771873,0.25813751074352526,0.977270572881791,0.7191330621382657,0.8334606250179096,0.8808233141899109,0.23035612121043414,0.11649477187302182,hit,4.35836124420166,0.3216346204280853,0.0,10.0,False,1.9594,9.90526,109.30515,139.57991,74.489,6.103,352.901,,0.3418
47077,1140089204600716122,easy,images/00047/0047077_ref.png,images/00047/0047077_search.png,824.5464,199.3222,824.8088417908278,199.3425869046545,0.2632324437723105,0.3975743002140802,0.1343418564417697,0.1813782518034691,0.7988761067390442,0.2624417908278929,0.02038690465448667,hit,6.781635284423828,0.3369738459587097,0.0,10.0,False,0.0197,10.02023,72.07332,70.95539,89.503,6.69,301.538,,0.798
54172,2854878739185180291,medium,images/00054/0054172_ref.png,images/00054/0054172_search.png,464.454,620.9489,464.41937781789954,621.0239505196854,0.08265153355170815,0.49341289252146736,0.4107613589697592,0.4767836599459852,0.8092395663261414,-0.034622182100463306,0.0750505196854192,hit,6.0640363693237305,0.3615601062774658,0.0,10.0,False,-0.9699,10.12625,128.43678,119.07758,26.001,3.606,180.65,,0.1491
76660,863095956841676453,easy,images/00076/0076660_ref.png,images/00076/0076660_search.png,831.6685,318.1577,831.6984594480435,318.0943784715888,0.07005129897011,0.7727478640672886,0.7026965650971786,0.7664188552110855,0.6919098496437073,0.02995944804354167,-0.06332152841116567,hit,0.9415321350097656,0.09537403285503387,0.0,10.0,False,0.5394,9.85703,109.51295,84.06445,25.612,3.579,399.212,,0.5214
83930,304135502797998824,medium,images/00083/0083930_ref.png,images/00083/0083930_search.png,207.8786,848.9149,207.97967357762093,848.9979355444298,0.13080814092342324,0.6436395853768682,0.512831444453445,0.7721940833518727,0.8282133340835571,0.10107357762092306,0.08303554442977656,hit,6.498270034790039,0.2895335257053375,0.0,10.0,False,-1.3971,9.93197,131.12108,126.27257,35.801,4.231,276.341,,0.1021
34036,130602810106042210,easy,images/00034/0034036_ref.png,images/00034/0034036_search.png,445.485,612.4158,446.36083626651754,612.5125170727007,0.8811602339524565,0.5166720111942806,-0.36448822275817583,0.3728365055473822,0.8165618777275085,0.8758362665175241,0.09671707270069874,hit,8.171855926513672,0.338448703289032,0.0,10.0,False,1.3537,9.91425,125.23921,116.97786,68.662,5.859,348.823,,1.3095
59548,4159737102057631881,easy,images/00059/0059548_ref.png,images/00059/0059548_search.png,779.5357,252.9079,779.6009618632008,253.09156895068102,0.19491894272416305,0.22134772223265015,0.0264287795084871,0.34068658315762246,0.8918964862823486,0.06526186320081706,0.1836689506810103,hit,4.069104194641113,0.2975000739097595,0.0,10.0,False,1.4806,10.11349,163.10316,165.98353,48.68,4.934,418.151,,0.3686
94053,549091540378273585,easy,images/00094/0094053_ref.png,images/00094/0094053_search.png,765.9209,739.486,765.5129491006476,739.3016391796123,0.4476749360601452,0.4483121458728391,0.0006372098126938841,0.27643796942910964,0.8867566585540771,-0.40795089935238593,-0.18436082038772383,hit,7.367629051208496,0.3079417943954468,0.0,10.0,False,1.61,10.00179,195.39311,164.01595,66.628,5.772,388.617,,1.3317
65495,1703837333919324741,medium,images/00065/0065495_ref.png,images/00065/0065495_search.png,334.2322,371.5067,333.51023349096175,371.2960896891084,0.7520587365536777,0.9140340092082766,0.16197527265459888,0.24652604927902488,0.8940134644508362,-0.721966509038225,-0.21061031089163862,hit,7.054537773132324,0.3287610709667206,0.0,10.0,False,4.6314,9.97147,118.03095,107.85157,57.086,5.343,178.516,,0.1312
67905,3078059337593249582,medium,images/00067/0067905_ref.png,images/00067/0067905_search.png,800.2632,281.3295,800.3398313959143,281.22262485431423,0.13150919209367112,0.3584562035426092,0.22694701144893809,0.26903513728366724,0.9133521914482117,0.076631395914319,-0.10687514568576262,hit,6.029326438903809,0.3434355556964874,0.0,10.0,False,-0.5985,9.94474,153.89302,169.06656,63.412,5.631,260.437,,0.3254
109229,57765963472717193,easy,images/00109/0109229_ref.png,images/00109/0109229_search.png,352.8834,511.6014,352.908870514184,511.3966191182447,0.2063588055433563,0.7873842803517338,0.5810254748083775,0.6971032203951469,0.7705070972442627,0.025470514184007698,-0.20478088175531184,hit,5.715206146240234,0.26129600405693054,0.0,10.0,False,-0.1811,10.15499,159.35593,143.36411,49.35,4.967,314.333,,0.557
49379,2647893388028933796,hard,images/00049/0049379_ref.png,images/00049/0049379_search.png,696.2253,435.893,696.224646382062,435.90433629698487,0.01135512420621143,0.6519245651990587,0.6405694409928473,0.6631131924799085,0.8746779561042786,-0.0006536179379281748,0.011336296984893579,hit,7.446915626525879,0.23688024282455444,0.0,10.0,False,-3.0323,10.17667,109.84332,125.43479,71.087,5.962,,15.065,1.1368
106045,2803811788050339898,medium,images/00106/0106045_ref.png,images/00106/0106045_search.png,455.492,818.957,454.89576563324556,818.9678314543759,0.5963327431082307,0.6161869715848648,0.019854228476634095,0.20396995032938608,0.8095217943191528,-0.5962343667544587,0.010831454375875182,hit,2.9609603881835938,0.21598711609840393,0.0,10.0,False,-4.6277,9.93158,113.49138,147.82514,23.636,3.438,247.798,,0.5628
121977,4577009406726843979,medium,images/00121/0121977_ref.png,images/00121/0121977_search.png,679.4542,193.7557,679.2512673563773,193.88473697968115,0.24048326339465015,0.19063982898976214,-0.049843434404888004,0.053833991796734024,0.9078280329704285,-0.20293264362271657,0.12903697968116035,hit,7.0069990158081055,0.27243587374687195,0.0,10.0,False,-0.4694,9.88937,208.28638,169.86406,40.507,4.5,224.91,,0.5963
134175,2418324269946536323,medium,images/00134/0134175_ref.png,images/00134/0134175_search.png,251.9993,817.8089,252.27451284269515,817.9270682506723,0.2995093391720659,0.8866830310825004,0.5871736919104344,0.5878907170585235,0.7767286896705627,0.2752128426951401,0.11816825067228365,hit,2.337296485900879,0.21440882980823517,0.0,10.0,False,0.4791,9.91463,94.02036,109.87376,35.141,4.192,183.175,,0.9184
61874,922752320085260481,easy,images/00061/0061874_ref.png,images/00061/0061874_search.png,240.7384,391.4017,240.58585435668448,391.4839425363703,0.17330322583024987,0.5493837587460895,0.3760805329158396,0.4190780107761731,0.5654839873313904,-0.1525456433155341,0.08224253637030188,hit,5.890241622924805,0.2993834316730499,0.0,10.0,False,1.8198,9.69404,64.20861,79.83348,100.689,7.095,310.48,,0.5584
141640,3170492825317838699,medium,images/00141/0141640_ref.png,images/00141/0141640_search.png,240.7256,191.3642,240.9534233096379,191.449932046054,0.24342030345675736,0.5319053253309973,0.28848502187423997,0.2938241410024115,0.7052351832389832,0.22782330963792674,0.08573204605397677,hit,5.136878967285156,0.29975175857543945,0.0,10.0,False,0.311,9.87429,115.26316,115.80832,27.695,3.721,258.506,,0.331
124127,1342123311339614316,easy,images/00124/0124127_ref.png,images/00124/0124127_search.png,557.6814,221.2609,557.8263987434875,221.08146495759203,0.23069800618316866,0.05357617541792853,-0.17712183076524013,0.28012089066987295,0.8737443089485168,0.1449987434874629,-0.1794350424079596,hit,5.893545150756836,0.43206822872161865,0.0,10.0,False,0.3481,9.96272,150.41414,154.97008,91.997,6.782,411.869,,0.3602
19092,672204141054078653,easy,images/00019/0019092_ref.png,images/00019/0019092_search.png,743.142,403.1119,743.1811342926055,403.2160821919867,0.1112898107864457,0.5192314542203491,0.4079416434339034,0.5852532530838375,0.7711358666419983,0.039134292605467635,0.10418219198669476,hit,3.0400686264038086,0.2243298590183258,0.0,10.0,False,0.5149,9.93081,100.25852,79.10014,26.137,3.615,362.702,,0.5857
39549,2362739062854948508,medium,images/00039/0039549_ref.png,images/00039/0039549_search.png,735.3438,357.9467,735.1863785517519,357.8788557331765,0.1714186597466791,0.3930297990292595,0.2216111392825804,0.4388400712886964,0.8596221804618835,-0.15742144824810111,-0.06784426682349931,hit,8.6839017868042,0.34714508056640625,0.0,10.0,False,0.0436,9.87122,171.11988,135.93732,78.96,6.283,235.545,,1.2606
6416,4445147672090488433,medium,images/00006/0006416_ref.png,images/00006/0006416_search.png,457.3868,357.3905,456.896993623819,357.40925300324983,0.49016523874957946,0.5349315962621027,0.04476635751252328,0.11663182019896347,0.7486337423324585,-0.48980637618097944,0.018753003249855738,hit,0.9786491394042969,0.23131801187992096,0.0,10.0,False,0.6682,9.91537,173.85621,158.92565,25.435,3.566,273.074,,0.9683
107779,1438814793918306003,medium,images/00107/0107779_ref.png,images/00107/0107779_search.png,454.7715,268.3443,454.6076792401666,268.43316585851863,0.18637162381289493,0.6143293530007004,0.4279577291878054,0.7800289282608713,0.8216252326965332,-0.16382075983341338,0.08886585851865902,hit,4.903879165649414,0.2969302833080292,0.0,10.0,False,-2.0989,10.2312,120.61371,90.92855,103.979,7.21,193.456,,0.8085
20327,2354120750392082181,easy,images/00020/0020327_ref.png,images/00020/0020327_search.png,736.7722,589.9378,736.196887704493,590.0030366578623,0.5789991872970282,0.6091655850336447,0.030166397736616557,0.3443885036361835,0.7315977811813354,-0.5753122955070467,0.065236657862215,hit,6.881655693054199,0.3685385584831238,0.0,10.0,False,-3.743,9.91601,86.47942,104.33648,63.924,5.653,300.267,,0.948
640,1632326489668240124,easy,images/00000/0000640_ref.png,images/00000/0000640_search.png,159.5468,560.195,159.60429147685804,560.0953866333357,0.1150134458640686,0.6012155999810277,0.4862021541169591,0.5936294097865559,0.7669259905815125,0.05749147685804701,-0.09961336666435727,hit,6.110037803649902,0.2658565044403076,0.0,10.0,False,-1.8618,10.04289,80.09034,72.36527,48.027,4.9,360.98,,0.3312
104608,1512787430703647413,easy,images/00104/0104608_ref.png,images/00104/0104608_search.png,117.6023,539.1639,118.03383992893619,539.2098103665575,0.4339751974752597,0.46078672213495653,0.026811524659696828,0.23209915489703342,0.876837968826294,0.4315399289361892,0.04591036655745029,hit,5.71876335144043,0.27417638897895813,0.0,10.0,False,-1.0283,10.10598,158.31426,119.46296,32.072,4.004,316.218,,0.9147
184490,3609171093523579006,hard,images/00184/0184490_ref.png,images/00184/0184490_search.png,468.3394,410.6298,466.3557106165851,410.59638256735366,1.9839708401782792,1.396523569340515,-0.5874472708377643,0.7983439291572503,0.6973001956939697,-1.9836893834149123,-0.033417432646331235,near-miss,3.0219497680664062,0.14208169281482697,0.0,10.0,False,0.9129,10.11498,99.08848,102.63974,45.535,4.772,,15.585,2.0939
133294,3004421523926388544,medium,images/00133/0133294_ref.png,images/00133/0133294_search.png,393.7935,385.9473,393.2360574006508,386.2987703970845,0.6589944549053192,0.4987701759188169,-0.16022427898650227,0.6151753563989599,0.8067013621330261,-0.5574425993492014,0.3514703970845403,hit,7.660826683044434,0.36182641983032227,0.0,10.0,False,0.0314,9.87459,200.72877,155.00432,48.837,4.941,218.614,,0.9082
55540,1082099652445812010,easy,images/00055/0055540_ref.png,images/00055/0055540_search.png,190.5705,398.0492,190.10851432955192,398.09517404699073,0.4642675658454679,0.1330523674812301,-0.33121519836423785,0.3709386252392725,0.7896153926849365,-0.4619856704480867,0.04597404699075014,hit,1.8039531707763672,0.31386297941207886,0.0,10.0,False,0.4803,9.98174,91.59204,73.81841,38.298,4.376,405.461,,0.78
161179,113144854496121475,hard,images/00161/0161179_ref.png,images/00161/0161179_search.png,532.0316,528.7453,531.8564690752352,529.1026232912245,0.3979331291316232,0.565969861186598,0.16803673205497477,0.7219730506999369,0.7884833812713623,-0.1751309247648578,0.3573232912244748,hit,7.8855085372924805,0.27729305624961853,0.0,10.0,False,0.4806,10.04051,135.07055,101.58219,26.591,3.646,,29.787,0.4765
138379,39060243682416863,easy,images/00138/0138379_ref.png,images/00138/0138379_search.png,562.0327,489.1213,562.0199591268793,489.06211723206985,0.06053866423827269,0.4032604802364138,0.3427218159981411,0.430033175620528,0.6994166970252991,-0.012740873120719698,-0.0591827679301673,hit,6.354877471923828,0.3557732105255127,0.0,10.0,False,-1.1229,10.20531,123.39075,162.90018,34.504,4.154,318.985,,0.5493
1696,554465920018147112,medium,images/00001/0001696_ref.png,images/00001/0001696_search.png,340.1173,626.8608,342.00195970030086,626.9550888915893,1.8870168470406543,1.010377441931715,-0.8766394051089392,0.8769905204609771,0.888565719127655,1.8846597003008583,0.09428889158925813,near-miss,0.4272336959838867,0.1046842634677887,0.0,10.0,False,-0.9964,10.01795,154.0081,129.39788,58.211,5.395,199.184,,1.3049
2587,1938903201655460498,medium,images/00002/0002587_ref.png,images/00002/0002587_search.png,429.4775,677.9767,429.6539864139995,677.9846889157676,0.17666713645028448,0.2535422882937547,0.07687515184347021,0.33332002979646536,0.8746423721313477,0.17648641399949838,0.007988915767555227,hit,5.551614761352539,0.34991946816444397,0.0,10.0,False,-2.3195,10.18068,190.89181,142.33908,79.564,6.307,222.145,,1.116
179019,4366906848672531446,hard,images/00179/0179019_ref.png,images/00179/0179019_search.png,324.7757,561.8715,324.3563289232468,561.7807470215436,0.4290783181609513,0.6428275122370943,0.213749194076143,0.3406344347634057,0.7896043658256531,-0.41937107675317975,-0.09075297845640762,hit,6.721160888671875,0.33003634214401245,0.0,10.0,False,-0.0884,10.02125,93.74074,89.89851,32.246,4.015,,21.244,1.2155
194704,1643802496136331251,hard,images/00194/0194704_ref.png,images/00194/0194704_search.png,346.1428,116.838,346.1810014117711,116.81492440460309,0.04462993350011202,0.9597312595592665,0.9151013260591545,0.9193294115700195,0.8725487589836121,0.038201411771069615,-0.023075595396903736,hit,3.3051605224609375,0.1866745948791504,0.0,10.0,False,0.2688,9.91335,101.86375,105.1047,74.669,6.11,,27.534,0.642
113665,4542156357869497273,easy,images/00113/0113665_ref.png,images/00113/0113665_search.png,593.0838,716.3026,592.5869507974759,716.2875654394722,0.4970766219197135,0.4899525442166947,-0.007124077703018816,0.07841472969044236,0.8919835686683655,-0.4968492025241176,-0.015034560527737995,hit,6.961007118225098,0.35166871547698975,0.0,10.0,False,-0.9332,10.04193,138.51069,137.2729,38.67,4.397,429.813,,1.0137
67604,2438079458125274895,easy,images/00067/0067604_ref.png,images/00067/0067604_search.png,465.4268,799.2209,465.5061467783829,799.3367285148322,0.1403999860682755,0.8768535744899605,0.736453588421685,0.8418320421190768,0.8879696726799011,0.07934677838289872,0.11582851483217382,hit,5.935713768005371,0.2412976324558258,0.0,10.0,False,0.1566,10.00718,103.24636,94.37113,63.868,5.651,307.975,,0.1611
71297,387949937878264916,hard,images/00071/0071297_ref.png,images/00071/0071297_search.png,571.0328,183.3071,570.949471351108,183.41845931864106,0.1390847280414688,0.8184548216070711,0.6793700935656023,0.9516044507021088,0.7966638803482056,-0.08332864889200664,0.11135931864106396,hit,3.852447509765625,0.22235819697380066,0.0,10.0,False,2.4152,10.03977,112.87205,131.76056,30.24,3.888,,30.172,0.0936
8313,3691460182261492143,medium,images/00008/0008313_ref.png,images/00008/0008313_search.png,791.996,817.0951,792.041956816208,817.1846407193985,0.10064576188982549,0.2886880614057556,0.1880422995159301,0.3887791788700021,0.8357990980148315,0.045956816207990414,0.08954071939854202,hit,7.319258689880371,0.3628493547439575,0.0,10.0,False,1.2478,9.77712,124.05246,111.74142,88.816,6.664,209.957,,0.3127
3318,2632252178100063911,easy,images/00003/0003318_ref.png,images/00003/0003318_search.png,794.1168,163.939,793.957947537274,163.80518488815093,0.20770312725932077,0.7183835204885167,0.5106803932291959,0.5162507771556138,0.8430713415145874,-0.15885246272603126,-0.13381511184906003,hit,7.138126373291016,0.275071382522583,0.0,10.0,False,1.7183,10.15903,88.28145,91.32234,79.639,6.31,427.892,,0.5133
177168,4358447577293091127,hard,images/00177/0177168_ref.png,images/00177/0177168_search.png,364.2245,588.3585,364.1460503574332,588.3621275099594,0.07853346577964565,0.8986593937877823,0.8201259280081366,0.8387531657302529,0.6127321720123291,-0.07844964256679532,0.0036275099593012783,hit,6.665804862976074,0.27776217460632324,0.0,10.0,False,2.1787,10.0898,73.16177,89.6269,33.533,4.095,,29.571,0.3668
196154,862688369361758446,hard,images/00196/0196154_ref.png,images/00196/0196154_search.png,144.1355,516.0578,144.2725459902222,515.7120305275486,0.37193834370141954,0.7133696845964342,0.3414313408950147,0.546716541121962,0.5200204253196716,0.137045990222191,-0.3457694724514795,hit,4.3790283203125,0.2563982605934143,0.0,10.0,False,-0.9478,9.86684,90.8885,103.35664,29.799,3.86,,15.851,0.2463
34840,2207867171535856697,easy,images/00034/0034840_ref.png,images/00034/0034840_search.png,376.338,137.1643,376.4439009003317,137.20028404136892,0.11184744934194837,0.41773005225745946,0.30588260291551106,0.4410224691687416,0.7434892058372498,0.10590090033167598,0.03598404136891986,hit,5.766628265380859,0.30499744415283203,0.0,10.0,False,1.7225,10.1327,104.29896,115.44189,64.771,5.691,342.007,,0.3109
50010,72965272707926343,easy,images/00050/0050010_ref.png,images/00050/0050010_search.png,454.0081,726.7504,453.33012182170125,726.7651803532378,0.6781392696866462,0.6717703961402572,-0.006368873546388931,0.10234829134772146,0.8328490853309631,-0.6779781782987584,0.014780353237824784,hit,7.137065887451172,0.3557295501232147,0.0,10.0,False,-3.4086,10.10653,93.74899,70.06455,64.776,5.691,300.01,,0.2595
20120,3810659570979812690,easy,images/00020/0020120_ref.png,images/00020/0020120_search.png,195.258,222.9159,195.4580054856473,222.8501639853658,0.21053127537018373,0.40199504178480616,0.19146376641462243,0.37298756239423,0.8580482602119446,0.2000054856472957,-0.065736014634183,hit,3.272104263305664,0.2115725576877594,0.0,10.0,False,0.074,10.02885,210.04276,169.98243,45.837,4.787,403.511,,0.2054
135888,2193894633337252763,hard,images/00135/0135888_ref.png,images/00135/0135888_search.png,661.6457,876.8517,662.3981091731946,876.8551080669926,0.7524168916418302,0.49344315646712167,-0.25897373517470856,0.5534127346420498,0.8574029207229614,0.7524091731945646,0.0034080669925060647,hit,6.883711814880371,0.4120294749736786,0.0,10.0,False,3.1487,10.00574,92.50173,104.35816,106.782,7.307,,21.428,0.547
117453,953879429582144055,easy,images/00117/0117453_ref.png,images/00117/0117453_search.png,628.7101,555.4479,628.8754831253477,555.4139239688624,0.16883704819038825,0.8295617353180935,0.6607246871277053,0.897133779663606,0.8094147443771362,0.1653831253477165,-0.033976031137626705,hit,7.2010393142700195,0.3030373454093933,0.0,10.0,False,1.2019,9.89857,147.98796,166.50666,24.828,3.523,395.799,,0.4594
168601,1756971405092246441,hard,images/00168/0168601_ref.png,images/00168/0168601_search.png,190.9838,214.3644,189.74612682202766,214.35988579989566,1.2376814103293035,0.9025244152144566,-0.33515699511484687,0.9806320546483664,0.6343914866447449,-1.23767317797234,-0.004514200104324573,near-miss,0.2243032455444336,0.08411240577697754,0.0,10.0,False,-1.233,9.89693,96.26953,95.61558,62.53,5.591,,22.566,1.2278
11678,2806992496518932608,medium,images/00011/0011678_ref.png,images/00011/0011678_search.png,702.8957,314.3845,702.8584631276609,314.5440787609527,0.1638656938129328,0.4889151680794253,0.3250494742664925,0.3381458051902544,0.8415209054946899,-0.037236872339121874,0.15957876095268375,hit,5.581700325012207,0.2886515259742737,0.0,10.0,False,1.9389,9.92673,139.87957,162.76457,30.092,3.879,260.865,,0.3495
129713,187913143741313721,medium,images/00129/0129713_ref.png,images/00129/0129713_search.png,673.8997,657.1101,674.0459449981939,656.9521601027644,0.21525011181299863,0.3755329138147731,0.16028280200177447,0.5260668150911124,0.8493464589118958,0.14624499819387893,-0.15793989723556479,hit,6.313236236572266,0.3808352053165436,0.0,10.0,False,0.9022,10.06711,196.49814,157.39723,36.396,4.266,280.824,,0.4577
139531,224625010428932300,easy,images/00139/0139531_ref.png,images/00139/0139531_search.png,377.5792,222.3283,377.28822061201066,222.30136155264458,0.2922236886027205,0.7494506226607156,0.4572269340579951,0.4630588719728232,0.9016404151916504,-0.29097938798935274,-0.026938447355433937,hit,7.855587959289551,0.38670817017555237,0.0,10.0,False,2.0489,9.93963,112.21092,106.05489,108.994,7.382,400.567,,0.3019
109605,1930255836620823857,easy,images/00109/0109605_ref.png,images/00109/0109605_search.png,607.1691,494.9611,606.0217811488818,494.91260852113527,1.1483431410748026,1.0228642890966428,-0.12547885197815978,0.2621239785764442,0.7768211960792542,-1.1473188511181434,-0.04849147886471883,near-miss,6.019931793212891,0.36655735969543457,0.0,10.0,False,3.306,10.08965,98.59036,93.75687,27.343,3.697,411.226,,1.3458
129877,3513116147578868299,easy,images/00129/0129877_ref.png,images/00129/0129877_search.png,521.0244,620.662,521.0522359937883,620.656798864566,0.02831773931623944,0.14161126898626092,0.11329352967002149,0.15665668163633825,0.9089041948318481,0.027835993788244195,-0.00520113543404932,hit,7.918724060058594,0.4182789623737335,0.0,10.0,False,0.27,9.9737,88.07544,93.67045,29.848,3.863,423.282,,0.4348
56679,1698486273723264818,easy,images/00056/0056679_ref.png,images/00056/0056679_search.png,329.3793,839.0092,328.925505800252,839.0515820059297,0.4557690315846113,0.3477250928118752,-0.1080439387727361,0.6368587257910968,0.8052205443382263,-0.4537941997480175,0.04238200592976682,hit,2.763650894165039,0.2541842460632324,0.0,10.0,False,-2.7468,9.94141,118.73881,120.343,73.344,6.056,384.171,,0.4769
112233,4491479650556768442,easy,images/00112/0112233_ref.png,images/00112/0112233_search.png,579.1965,149.5898,578.9784320622758,149.64791720401476,0.2256794958913482,0.31470294899724033,0.08902345310589213,0.1586640817502984,0.8076619505882263,-0.21806793772418587,0.0581172040147635,hit,8.292616844177246,0.39932313561439514,0.0,10.0,False,-0.8409,10.13113,69.77189,75.90412,56.77,5.328,421.532,,0.1141
33334,3653327160579660656,easy,images/00033/0033334_ref.png,images/00033/0033334_search.png,115.0818,651.7532,114.9073143191549,651.7935710154347,0.17909514707888813,0.6044295249034122,0.42533437782452405,0.4255227866590094,0.8313003182411194,-0.17448568084509475,0.04037101543474364,hit,7.7294921875,0.3325205147266388,0.0,10.0,False,0.2666,9.97356,145.45333,108.09347,78.342,6.259,346.249,,1.1833
149596,359461967561957847,medium,images/00149/0149596_ref.png,images/00149/0149596_search.png,500.2344,381.4442,499.81323766031306,381.43686462276435,0.4212262149127932,0.47696777228268805,0.055741557369894834,0.16627334961015755,0.858108401298523,-0.42116233968692995,-0.007335377235676788,hit,4.244367599487305,0.2726837992668152,0.0,10.0,False,-1.6947,10.0032,99.37173,121.54536,55.724,5.278,208.481,,0.744
147744,2227916122228374076,easy,images/00147/0147744_ref.png,images/00147/0147744_search.png,183.7207,675.2579,183.6531103990422,675.3646974314706,0.12638847070191936,0.6687564555324823,0.5423679848305629,0.7538013722204251,0.6745444536209106,-0.06758960095780253,0.10679743147068166,hit,4.402779579162598,0.24913451075553894,0.0,10.0,False,-3.0064,10.05496,90.73036,79.26659,38.759,4.402,374.028,,0.6665
99453,3848701246145919034,hard,images/00099/0099453_ref.png,images/00099/0099453_search.png,590.0451,549.3555,588.896590883488,549.2225905380731,1.1561739124288442,1.3193226759648966,0.16314876353605245,0.1939064675418217,0.818869411945343,-1.1485091165120593,-0.13290946192694264,near-miss,8.321223258972168,0.4350282549858093,0.0,10.0,False,0.873,9.97218,110.20856,119.05457,43.262,4.651,,28.246,1.7527
77732,1067330915620634350,easy,images/00077/0077732_ref.png,images/00077/0077732_search.png,441.0875,670.5502,441.4357313757605,670.481925588807,0.3548612211665477,0.1971088562597049,-0.15775236490684283,0.1758114597296116,0.689649760723114,0.34823137576051977,-0.06827441119298783,hit,5.269147872924805,0.28534218668937683,0.0,10.0,False,-1.6769,10.08865,106.33924,98.57664,30.776,3.923,320.407,,0.8761
104856,682522043557583942,medium,images/00104/0104856_ref.png,images/00104/0104856_search.png,465.366,462.5603,465.3400892728082,462.5545265790671,0.026546151752662468,0.22722344611699294,0.20067729436433046,0.2009872110399375,0.7464376091957092,-0.025910727191785554,-0.0057734209328828,hit,5.2443037033081055,0.42788180708885193,0.0,10.0,False,-0.4864,10.06903,82.53077,86.99694,73.24,6.051,269.118,,0.5878
85636,3868232622647629933,easy,images/00085/0085636_ref.png,images/00085/0085636_search.png,505.0502,556.7092,505.06376130247605,556.7664692910001,0.05885304254245072,0.15098147252300043,0.09212842998054971,0.11397985211364904,0.8487414121627808,0.013561302476034598,0.05726929100012512,hit,7.164284706115723,0.3429431915283203,0.0,10.0,False,0.6033,9.73269,175.76168,152.17535,51.75,5.087,416.675,,0.4573
100607,2497928749256095289,medium,images/00100/0100607_ref.png,images/00100/0100607_search.png,143.2421,521.4097,143.0919097432296,521.4471699505309,0.1547937673859778,0.23548643310728176,0.08069266572130396,0.1721437219553338,0.8669027090072632,-0.15019025677040077,0.03746995053086266,hit,7.918449401855469,0.38348692655563354,0.0,10.0,False,1.0315,9.9817,99.29392,76.84369,89.057,6.673,270.872,,0.8247
132013,3158642355124885465,easy,images/00132/0132013_ref.png,images/00132/0132013_search.png,569.9696,624.8066,569.4776540561272,624.6990420636185,0.5035667993141821,0.7053877281496304,0.20182092883544822,0.6549597289146601,0.8446143865585327,-0.49194594387279267,-0.10755793638145406,hit,5.626680374145508,0.3806580901145935,0.0,10.0,False,1.527,10.14558,154.32346,117.36841,82.242,6.413,383.999,,0.7539
89962,935972098926434129,easy,images/00089/0089962_ref.png,images/00089/0089962_search.png,141.0803,735.8367,141.30186234504075,735.8002534232451,0.22454003139107928,0.7872501833699195,0.5627101519788402,1.0111353733072408,0.8512399792671204,0.221562345040752,-0.03644657675488361,hit,4.853830337524414,0.2836724817752838,0.0,10.0,False,-2.3028,9.88019,123.4665,140.29664,58.894,5.427,301.75,,0.4952
115557,2381017753424949975,easy,images/00115/0115557_ref.png,images/00115/0115557_search.png,236.0171,783.8205,236.09552782368058,783.811746700283,0.07891478811482996,0.3879034232463484,0.3089886351315184,0.41188762931941864,0.8678135275840759,0.07842782368058465,-0.008753299717000118,hit,7.002182960510254,0.32128360867500305,0.0,10.0,False,-2.0969,10.06842,138.65124,125.53736,29.111,3.815,408.778,,1.1347
24067,4520629447948715818,easy,images/00024/0024067_ref.png,images/00024/0024067_search.png,176.779,448.5879,176.4105840656768,448.65868696334627,0.3751547611893264,0.5090583265925728,0.13390356540324638,0.1370883947578592,0.640487551689148,-0.3684159343231954,0.07078696334627921,hit,6.8684892654418945,0.36526212096214294,0.0,10.0,False,-0.7919,9.86576,98.28027,100.34679,35.808,4.231,360.258,,0.3597
171678,1577693757375572798,hard,images/00171/0171678_ref.png,images/00171/0171678_search.png,748.3932,632.2597,748.2782523837984,632.3366133199393,0.13830622999166706,0.545613574116005,0.4073073441243379,0.4266700408087093,0.7230936288833618,-0.11494761620156169,0.07691331993930817,hit,6.438499450683594,0.31751754879951477,0.0,10.0,False,-1.0039,10.03234,81.06862,91.20177,34.541,4.156,,30.166,0.794
131528,4564349218880185374,easy,images/00131/0131528_ref.png,images/00131/0131528_search.png,816.8138,764.157,816.747529321841,764.0048356984915,0.16596920629210243,1.1625087574541029,0.9965395511620004,1.1557403037622243,0.6031932830810547,-0.0662706781590714,-0.15216430150849192,hit,8.063519477844238,0.26502111554145813,0.0,10.0,False,-2.3615,10.09054,179.11263,153.18856,28.394,3.768,327.174,,0.0596
104292,2106912586003365939,medium,images/00104/0104292_ref.png,images/00104/0104292_search.png,724.8721,160.967,724.1175423210526,160.96214104854408,0.754573323321062,1.5851508443976892,0.8305775210766272,0.9957144366662845,0.6663933992385864,-0.7545576789474353,-0.004858951455929628,hit,0.8529453277587891,0.16972458362579346,0.0,10.0,False,0.5554,9.77625,158.14974,147.49528,37.806,4.348,294.673,,0.7628
71462,2534219699860255568,easy,images/00071/0071462_ref.png,images/00071/0071462_search.png,854.4944,314.6745,854.3799210635159,314.6835245711636,0.11483409677978124,0.5285768214796561,0.4137427246998749,0.6434020915262891,0.7679859399795532,-0.1144789364841472,0.00902457116359301,hit,4.762249946594238,0.3320741355419159,0.0,10.0,False,1.022,9.80049,100.65008,106.02538,38.369,4.38,363.941,,0.7831
48232,2945464506421479297,easy,images/00048/0048232_ref.png,images/00048/0048232_search.png,759.1826,243.0098,758.9550898053033,242.94008186131038,0.23795274226889432,0.7111473867356393,0.473194644466745,0.6689439606895101,0.8022519946098328,-0.22751019469671974,-0.0697181386896375,hit,5.005593299865723,0.2444542497396469,0.0,10.0,False,2.0841,9.91773,75.25598,92.01735,88.468,6.651,300.286,,0.6686
43792,3218504817170243884,easy,images/00043/0043792_ref.png,images/00043/0043792_search.png,301.0351,150.4635,301.36929663886787,150.5013305827878,0.33633100723044035,0.5428697046704845,0.2065386974400441,0.8789528354676456,0.7390609979629517,0.33419663886786566,0.037830582787790945,hit,8.370931625366211,0.35286015272140503,0.0,10.0,False,-0.6652,10.04869,122.19682,151.15246,31.538,3.971,377.916,,0.544
42068,1082507006359848057,medium,images/00042/0042068_ref.png,images/00042/0042068_search.png,616.7095,531.9731,617.0062013627166,532.0793489266872,0.31515160329602393,0.3318828389016385,0.01673123560561457,0.5715637897784968,0.8144797682762146,0.29670136271658976,0.10624892668715802,hit,3.9068803787231445,0.25879743695259094,0.0,10.0,False,0.1153,9.97947,209.8523,168.51575,29.333,3.83,283.589,,0.1977
38503,2544102835528444854,medium,images/00038/0038503_ref.png,images/00038/0038503_search.png,236.2925,267.9447,236.45381801899202,267.8022364127421,0.21521936935579408,0.901049963514769,0.6858305941589748,1.0338814725240606,0.7528725266456604,0.16131801899203424,-0.14246358725790742,hit,2.332643508911133,0.13854330778121948,0.0,10.0,False,0.4005,9.80354,70.65764,80.15778,95.904,6.925,173.183,,0.6865
134761,4525003806500116474,easy,images/00134/0134761_ref.png,images/00134/0134761_search.png,660.2935,157.9569,660.0436522119638,158.0137275371517,0.25622897214267865,0.4291883233210162,0.17295935117833755,0.2124429818438395,0.8733206391334534,-0.24984778803616337,0.05682753715171884,hit,3.711318016052246,0.3146221339702606,0.0,10.0,False,1.3129,9.75548,123.89336,141.93768,100.675,7.095,415.841,,0.451
25071,2273390073895951870,easy,images/00025/0025071_ref.png,images/00025/0025071_search.png,282.7373,868.9354,282.85496080397934,868.6885501032226,0.27345737571338385,0.10504550354331543,-0.16841187217006842,0.19147355660079854,0.7561229467391968,0.11766080397933365,-0.24684989677734848,hit,5.830255508422852,0.3371362090110779,0.0,10.0,False,-0.6011,9.92337,83.90159,85.35818,64.995,5.701,323.877,,0.3345
42730,2110227559999927836,easy,images/00042/0042730_ref.png,images/00042/0042730_search.png,571.8944,641.2982,572.3965739769986,641.281617562775,0.502447689216431,0.6518205338730124,0.1493728446565814,0.20548301600281532,0.8417753577232361,0.5021739769986198,-0.016582437224997193,hit,2.0483388900756836,0.07536760717630386,0.0,10.0,False,-0.5443,9.97626,96.31618,78.51191,64.546,5.681,345.724,,0.5102
178195,3437444959804299170,hard,images/00178/0178195_ref.png,images/00178/0178195_search.png,460.9388,269.8425,460.77364677827717,269.85973630764335,0.16605022416911291,0.32130077988155387,0.15525055571244095,0.44287794795425095,0.8417938947677612,-0.1651532217228464,0.017236307643372584,hit,0.4116830825805664,0.0109535101801157,0.0,10.0,False,1.1468,10.06382,185.50239,152.32442,56.431,5.312,,27.401,0.0936
62003,1943729352892349667,easy,images/00062/0062003_ref.png,images/00062/0062003_search.png,157.8005,716.9267,157.9043004081767,716.7334903237459,0.219327389388276,0.025856866196466516,-0.1934705231918095,0.2047470895652137,0.8702201843261719,0.10380040817670988,-0.19320967625412777,hit,8.345149040222168,0.44084632396698,0.0,10.0,False,1.9847,9.99023,114.19166,98.85788,52.635,5.13,318.166,,0.8845
40444,612584470874293723,medium,images/00040/0040444_ref.png,images/00040/0040444_search.png,510.2956,308.3267,510.38724641304873,308.3062771506039,0.09389439707543526,0.35920162221607665,0.2653072251406414,0.3646093060994475,0.7836615443229675,0.09164641304874976,-0.02042284939614092,hit,5.3111114501953125,0.2775600552558899,0.0,10.0,False,2.3276,9.89894,148.31314,110.22905,47.655,4.881,190.065,,0.1035
189878,4530054557932012033,hard,images/00189/0189878_ref.png,images/00189/0189878_search.png,812.0018,385.5866,811.6903890043841,385.6089451955245,0.3122116524947847,0.18992953654570333,-0.1222821159490814,0.5019974796383421,0.8388606905937195,-0.31141099561591545,0.0223451955245082,hit,1.8460464477539062,0.25963443517684937,0.0,10.0,False,1.292,10.01377,181.62559,163.65645,91.166,6.752,,14.807,1.1335
17227,2384259894257090269,easy,images/00017/0017227_ref.png,images/00017/0017227_search.png,450.7328,524.6189,450.63440385120646,524.5661749041092,0.11163215412282793,0.29356734399930406,0.18193518987647614,0.19245647812620859,0.7668267488479614,-0.0983961487935403,-0.05272509589087804,hit,7.745997428894043,0.3950711190700531,0.0,10.0,False,1.6868,9.86743,158.22103,136.48684,40.773,4.515,304.22,,1.6193
171510,2432550702676470550,hard,images/00171/0171510_ref.png,images/00171/0171510_search.png,871.8849,178.8013,870.8725438369752,178.86625398473478,1.0144377856464581,2.027359382443869,1.012921596797411,1.218660605915601,0.8417302370071411,-1.0123561630248332,0.06495398473478531,near-miss,4.177837371826172,0.21437202394008636,0.0,10.0,False,-1.6034,10.02445,91.89012,72.01929,105.386,7.259,,25.612,1.7912
8767,785806092293536289,easy,images/00008/0008767_ref.png,images/00008/0008767_search.png,455.2514,866.3641,455.55976214190514,866.3146619507567,0.31230006607959515,0.5623963501549787,0.25009628407538353,0.32448547794765786,0.9033944606781006,0.30836214190514966,-0.04943804924334927,hit,2.3216371536254883,0.2843686640262604,0.0,10.0,False,1.0814,9.95018,73.59876,77.22699,96.152,6.934,323.543,,0.2378
119146,1802549728773084285,medium,images/00119/0119146_ref.png,images/00119/0119146_search.png,394.072,588.5733,393.6894164755022,588.6397032936017,0.38830342596778344,0.4299674647547199,0.041664038786936475,0.14011755369776543,0.7449772953987122,-0.38258352449781796,0.06640329360163832,hit,5.161528587341309,0.4835418164730072,0.0,10.0,False,0.3736,9.92575,81.69426,90.09276,36.516,4.273,217.696,,1.6779
68877,360878833973479332,hard,images/00068/0068877_ref.png,images/00068/0068877_search.png,767.2531,400.8743,767.2520329374734,400.93217631992604,0.05788615577680809,0.7676840726027868,0.7097979168259787,0.765019817694158,0.7170881032943726,-0.0010670625266584466,0.05787631992603792,hit,2.1272144317626953,0.09929193556308746,0.0,10.0,False,0.3453,10.14072,139.95953,112.5256,48.543,4.927,,24.69,0.3574
17825,4224004847141803238,easy,images/00017/0017825_ref.png,images/00017/0017825_search.png,133.5814,665.5236,133.7267532698197,665.6195651328197,0.17417485399560875,0.30934413206622696,0.1351692780706182,0.19963796909304427,0.8613452911376953,0.14535326981970798,0.0959651328197424,hit,5.473489761352539,0.41222167015075684,0.0,10.0,False,3.3354,9.95798,118.11323,155.94957,54.686,5.229,380.669,,0.5391
153712,3647644656515461130,hard,images/00153/0153712_ref.png,images/00153/0153712_search.png,613.8411,706.0326,614.0463284148734,705.9380543932165,0.2259592309101945,1.0006023641374313,0.7746431332272368,0.7898004516358313,0.6414957642555237,0.20522841487343157,-0.09454560678352664,hit,4.636874198913574,0.43591514229774475,0.0,10.0,False,1.2325,10.17297,60.52764,72.92976,25.233,3.552,,21.229,0.2068
198771,2501305195328703165,hard,images/00198/0198771_ref.png,images/00198/0198771_search.png,126.814,666.9012,126.84946795417468,666.9724521940797,0.07959177680201539,0.1839435068711987,0.10435173006918332,0.11913333853020809,0.8052929639816284,0.03546795417469184,0.07125219407964778,hit,0.44103050231933594,0.06822887063026428,0.0,10.0,False,-0.5505,9.81788,170.76355,131.74463,22.109,3.325,,18.031,0.6186
63796,3850127309952209140,easy,images/00063/0063796_ref.png,images/00063/0063796_search.png,263.9326,793.3866,263.8746901351179,793.2962186438173,0.10734217249572203,0.3584681886777945,0.2511260161820725,0.2513300022542764,0.8705123662948608,-0.05790986488210592,-0.09038135618277465,hit,5.912035942077637,0.28634706139564514,0.0,10.0,False,1.3597,10.04311,201.70479,157.30145,44.116,4.697,320.276,,0.9515
92737,1168230622648054703,medium,images/00092/0092737_ref.png,images/00092/0092737_search.png,611.8813,387.2885,611.7230825198958,387.37367752793506,0.17968857024211296,0.41440184386715534,0.23471327362504238,0.5063447516912498,0.8102664947509766,-0.15821748010421288,0.08517752793505906,hit,3.7306156158447266,0.22541937232017517,0.0,10.0,False,-1.5708,10.06614,90.20311,86.60898,106.789,7.307,174.534,,0.514
136804,1429650171796606959,medium,images/00136/0136804_ref.png,images/00136/0136804_search.png,804.89,224.1122,804.7300480542599,224.11225539246485,0.1599519553314867,1.2809441877944499,1.120992232462963,1.4210830313087577,0.797965943813324,-0.1599519457400902,5.5392464844317146e-05,hit,2.851243019104004,0.24175122380256653,0.0,10.0,False,1.2122,10.0108,128.58867,119.09816,69.817,5.908,170.693,,0.3473
76566,4168221836152596642,easy,images/00076/0076566_ref.png,images/00076/0076566_search.png,816.7841,512.8281,819.2454394934679,512.8643785474937,2.461606840076842,1.8177520590667853,-0.6438547810100568,0.6568182149018358,0.7410528659820557,2.4613394934679036,0.03627854749379367,near-miss,7.662375450134277,0.3446691036224365,0.0,10.0,False,-1.6599,10.08463,123.66716,132.94208,37.203,4.313,428.281,,3.2899
79611,2443350604718696911,easy,images/00079/0079611_ref.png,images/00079/0079611_search.png,634.0125,799.2992,633.9128148483296,799.1809346762604,0.15467325645626948,0.4569178893188166,0.3022446328625471,0.3623953695797522,0.7859672904014587,-0.09968515167042824,-0.11826532373959253,hit,5.441383361816406,0.28946977853775024,0.0,10.0,False,0.3589,9.78498,120.02505,112.05099,36.691,4.283,336.617,,0.8045
1520,3648707221658867300,easy,images/00001/0001520_ref.png,images/00001/0001520_search.png,539.0712,738.6613,538.1344340806992,738.6227353666806,0.9375593946553618,0.7734380039278633,-0.16412139072749843,0.4301214449013057,0.7821211814880371,-0.9367659193007967,-0.0385646333194245,hit,8.148416519165039,0.36516183614730835,0.0,10.0,False,1.767,10.05395,91.76899,78.48269,31.248,3.953,302.506,,1.1457
4145,1846133812401433316,easy,images/00004/0004145_ref.png,images/00004/0004145_search.png,398.9234,550.428,399.02378506847475,550.4221392263535,0.10055600748047515,0.11240833998712065,0.011852332506645497,0.16235116596819263,0.7820580005645752,0.10038506847473627,-0.005860773646531925,hit,5.44973087310791,0.35772377252578735,0.0,10.0,False,-0.3582,9.97229,118.85642,100.73896,39.017,4.417,336.823,,0.7636
29180,352330958514589449,easy,images/00029/0029180_ref.png,images/00029/0029180_search.png,228.1474,633.87,228.10756279575594,633.9032350378274,0.05188034870130491,0.2133900998035999,0.16150975110229498,0.23543783581765285,0.9079345464706421,-0.03983720424406556,0.03323503782735315,hit,6.759461402893066,0.4112005829811096,0.0,10.0,False,1.6922,10.06707,75.81437,92.75154,89.573,6.692,418.031,,0.7621
197792,914621414716223415,hard,images/00197/0197792_ref.png,images/00197/0197792_search.png,674.1429,309.2338,673.3223069978866,309.0044735426232,0.8520349166381481,1.4762670708609285,0.6242321542227803,0.6860438864573624,0.6050706505775452,-0.8205930021134691,-0.2293264573767715,hit,3.4128923416137695,0.24981199204921722,0.0,10.0,False,0.2102,9.95633,116.75695,122.1996,23.352,3.417,,22.818,0.5764
138343,2481720713493029441,medium,images/00138/0138343_ref.png,images/00138/0138343_search.png,154.2198,782.7128,154.1655655860877,782.778419443772,0.08513097587456746,0.4766711980615155,0.391540222186948,0.4897381604892744,0.8382406234741211,-0.05423441391229744,0.06561944377199325,hit,2.417353630065918,0.22769010066986084,0.0,10.0,False,0.3514,9.88713,198.66809,169.21313,93.394,6.834,277.149,,0.7231
1040,4279574119299881847,hard,images/00001/0001040_ref.png,images/00001/0001040_search.png,653.6566,585.5247,653.5323311786282,585.5313137191349,0.1244446915137212,0.3536396868096605,0.2291949952959393,0.4278037819453589,0.8134810924530029,-0.12426882137185657,0.00661371913486164,hit,4.323756217956543,0.2066720426082611,0.0,10.0,False,0.0207,9.95149,133.99667,153.46941,24.778,3.52,,32.804,0.1809
72894,520011892022566517,easy,images/00072/0072894_ref.png,images/00072/0072894_search.png,653.5567,109.7416,653.4440952138773,109.72956082959742,0.11324654291288035,0.43073930889169415,0.3174927659788138,0.5207429010543112,0.7648968696594238,-0.11260478612268798,-0.012039170402587729,hit,6.857491493225098,0.3713226616382599,0.0,10.0,False,-0.7839,9.98426,151.21583,134.03162,25.315,3.558,372.228,,0.422
117225,3275455727819080889,easy,images/00117/0117225_ref.png,images/00117/0117225_search.png,866.227,576.3211,865.7931467143787,576.076301695143,0.49815146642884167,0.7493564346894741,0.25120496826063243,0.2560618434543121,0.7535640001296997,-0.4338532856212396,-0.2447983048569995,hit,6.117175102233887,0.3004729449748993,0.0,10.0,False,-2.0908,9.91433,133.05408,104.69615,30.349,3.895,407.587,,0.2567
136903,987049506021450911,medium,images/00136/0136903_ref.png,images/00136/0136903_search.png,259.5231,466.8818,259.50755799612085,466.9996145838171,0.11883530638904298,0.4443087871498029,0.3254734807607599,0.3592295754101814,0.8351049423217773,-0.015542003879147614,0.11781458381710763,hit,2.7744503021240234,0.18858347833156586,0.0,10.0,False,-0.5414,9.97743,164.90721,167.55553,86.377,6.572,280.382,,0.3715
34476,2207675902937504034,easy,images/00034/0034476_ref.png,images/00034/0034476_search.png,779.8392,706.7002,779.702729599569,706.6149548408613,0.16090651742667095,0.16949121346253457,0.00858469603586362,0.2673790410742884,0.8822761178016663,-0.13647040043099423,-0.085245159138708,hit,7.2757768630981445,0.26788032054901123,0.0,10.0,False,0.8978,9.99871,143.88505,121.64016,75.497,6.144,322.053,,1.171
126261,2135439218803127606,medium,images/00126/0126261_ref.png,images/00126/0126261_search.png,684.8755,607.6278,684.517774885147,607.5359289883212,0.36933391474852967,0.6741107515909183,0.3047768368423886,0.6237493636937554,0.8075350522994995,-0.35772511485299674,-0.09187101167879064,hit,6.253425598144531,0.317441463470459,0.0,10.0,False,0.6309,9.93051,124.67776,147.11738,81.125,6.369,177.69,,0.5126
112807,873059983216745123,easy,images/00112/0112807_ref.png,images/00112/0112807_search.png,547.4644,372.6855,547.6161288532805,372.7133530663761,0.1542641832195476,0.3182359527347729,0.1639717695152253,0.39413415081453373,0.8305813670158386,0.15172885328058783,0.02785306637611029,hit,6.248407363891602,0.2818537950515747,0.0,10.0,False,-0.0547,9.97861,117.26105,131.05356,35.676,4.224,300.032,,0.3957
32229,24731666074780560,easy,images/00032/0032229_ref.png,images/00032/0032229_search.png,491.1282,228.8863,490.6156955476973,228.74351047718883,0.532024117361888,0.5409955877913109,0.008971470429422812,0.00916254635406681,0.8378053307533264,-0.5125044523026645,-0.14278952281117085,hit,5.732789993286133,0.3278399109840393,0.0,10.0,False,1.4004,10.02266,147.90896,142.21603,47.733,4.885,382.66,,0.4376
112169,4444542526320033854,easy,images/00112/0112169_ref.png,images/00112/0112169_search.png,816.0115,131.4349,815.6450639593406,131.3834262900562,0.37003366699458423,0.3233476205076331,-0.04668604648695113,0.09496753410195788,0.8392255306243896,-0.3664360406593232,-0.0514737099437923,hit,4.464303016662598,0.21992887556552887,0.0,10.0,False,-1.9919,9.89847,87.79436,116.41076,91.491,6.764,381.285,,0.0442
22567,119020957225654994,medium,images/00022/0022567_ref.png,images/00022/0022567_search.png,668.2843,294.1014,668.1147943917932,293.9763105993063,0.21066444735518827,0.8301261324878761,0.6194616851326878,0.6213146632438923,0.7315946221351624,-0.16950560820680494,-0.125089400693696,hit,6.175398826599121,0.30626118183135986,0.0,10.0,False,-2.2103,10.02005,143.93309,149.4719,23.981,3.463,194.084,,0.2273
114106,701932129464637572,medium,images/00114/0114106_ref.png,images/00114/0114106_search.png,176.8966,113.1329,177.0276563516448,113.18081148298046,0.1395395195198419,0.7649653456797995,0.6254258261599576,0.6685017086836719,0.9101758599281311,0.13105635164478713,0.047911482980453,hit,6.743842124938965,0.34504055976867676,0.0,10.0,False,-2.0562,9.93867,126.28435,157.87307,97.293,6.975,188.18,,0.2333
56087,473649778284079523,hard,images/00056/0056087_ref.png,images/00056/0056087_search.png,576.7328,516.9717,576.5820574769548,516.9460402379544,0.152910861753747,0.7106692077118838,0.5577583459581368,0.6039494396148296,0.7059230804443359,-0.15074252304520996,-0.025659762045620482,hit,2.3960037231445312,0.07413432002067566,0.0,10.0,False,-1.8727,9.81674,97.96109,81.35306,60.244,5.488,,18.65,0.2293
30253,3717455020659820458,hard,images/00030/0030253_ref.png,images/00030/0030253_search.png,203.3612,740.2377,203.1904598282771,740.2406563937398,0.17076576502303983,0.6072897789864838,0.436524013963444,0.43677424861612035,0.8621857166290283,-0.17074017172288336,0.0029563937397369955,hit,7.915796279907227,0.3132798373699188,0.0,10.0,False,0.4703,9.89914,156.56692,166.42509,96.595,6.95,,20.914,0.5742
97694,241520647949985610,medium,images/00097/0097694_ref.png,images/00097/0097694_search.png,764.6266,545.9061,764.8869998135905,545.7902454157554,0.28500938161475337,0.37980752709374177,0.0947981454789884,0.47624309253730845,0.7658525109291077,0.26039981359042486,-0.11585458424463013,hit,8.582332611083984,0.3608172833919525,0.0,10.0,False,0.6228,9.98282,135.26728,123.38408,24.62,3.509,174.801,,0.5667
39230,1039469696795854883,easy,images/00039/0039230_ref.png,images/00039/0039230_search.png,406.2355,494.3127,408.3982217993741,494.17470550494124,2.167119761839293,1.6274281146257585,-0.5396916472135345,0.6629694357927507,0.7753724455833435,2.162721799374083,-0.13799449505876282,near-miss,4.789303779602051,0.34490934014320374,0.0,10.0,False,-2.7381,10.08842,89.65883,79.73133,27.384,3.7,350.703,,2.0556
60592,2103790416487736235,easy,images/00060/0060592_ref.png,images/00060/0060592_search.png,769.3967,522.5416,768.6578056102034,522.5462704655822,0.738909150384353,0.7400185369619124,0.0011093865775594347,0.10813255119858829,0.8778700232505798,-0.7388943897966556,0.004670465582194083,hit,8.2313814163208,0.3553571105003357,0.0,10.0,False,-2.0176,10.0058,135.94809,145.59924,62.799,5.604,321.811,,1.9579
180069,1142928552552004121,hard,images/00180/0180069_ref.png,images/00180/0180069_search.png,219.4504,856.1082,219.45928429411052,856.054468649289,0.05446089175796337,0.06824388631892557,0.0137829945609622,0.01398676005841743,0.8470737338066101,0.008884294110515611,-0.05373135071101842,hit,5.359514236450195,0.2320910543203354,0.0,10.0,False,-2.5772,10.06877,120.0047,118.0941,102.159,7.147,,31.849,0.2076
22024,3119217742493961452,easy,images/00022/0022024_ref.png,images/00022/0022024_search.png,414.937,691.6656,415.32082682715907,691.7284440436594,0.38893753620657456,0.10192996183304895,-0.28700757437352564,0.42916282387837434,0.8154850006103516,0.38382682715905503,0.06284404365931096,hit,8.031015396118164,0.25803735852241516,0.0,10.0,False,1.6511,9.86024,106.93166,129.09811,31.062,3.941,395.407,,0.7582
123218,830674127744449851,medium,images/00123/0123218_ref.png,images/00123/0123218_search.png,452.7261,664.9496,452.67117873153893,665.083829028325,0.145030265029182,0.18947773918357286,0.04444747415439085,0.08175565101625035,0.8045952320098877,-0.05492126846104384,0.13422902832496675,hit,6.253037452697754,0.31530752778053284,0.0,10.0,False,-0.7783,9.97289,138.87651,119.81175,38.358,4.379,257.977,,0.9118
48031,2940448535243104273,medium,images/00048/0048031_ref.png,images/00048/0048031_search.png,679.105,151.1937,680.9378858191285,151.3853892048803,1.8428823015130174,0.451138306133643,-1.3917439953793744,1.4225454578234387,0.7354543209075928,1.832885819128478,0.19168920488030494,near-miss,2.4531478881835938,0.04628485441207886,0.0,10.0,False,-0.3142,10.16804,103.37702,125.88114,74.574,6.106,175.957,,1.709
80128,3056651405219062750,medium,images/00080/0080128_ref.png,images/00080/0080128_search.png,642.1717,204.358,642.0816237237071,204.3030584411095,0.10550976468604366,0.39426443895957697,0.2887546742735333,0.39187713856927714,0.8829116821289062,-0.09007627629284798,-0.054941558890504893,hit,4.278050422668457,0.22620145976543427,0.0,10.0,False,-0.714,9.9856,161.1613,138.61031,39.313,4.434,222.054,,0.4759
115768,2183765042145455514,easy,images/00115/0115768_ref.png,images/00115/0115768_search.png,802.8961,467.592,801.7870733133805,467.66056185208873,1.1111439687080416,1.2829923126230272,0.1718483439149856,0.18535652276123077,0.7194917798042297,-1.1090266866195861,0.06856185208874876,near-miss,7.202997207641602,0.3380659222602844,0.0,10.0,False,-0.7345,10.05289,83.37499,83.34151,27.822,3.73,384.456,,0.5839
146967,2086935150975759414,easy,images/00146/0146967_ref.png,images/00146/0146967_search.png,405.0527,176.6285,405.3611803855561,176.71967851324646,0.3216732341222566,0.5338065110488012,0.21213327692654455,0.4668883952860221,0.6890307664871216,0.3084803855560949,0.09117851324646153,hit,9.415832996368408,0.4606383144855499,0.0,10.0,False,0.444,10.03574,81.30223,80.59974,80.861,6.358,417.479,,0.5939
108426,1061252294237289516,medium,images/00108/0108426_ref.png,images/00108/0108426_search.png,843.9079,129.7061,843.9261339878682,129.78794889946238,0.08385535556408673,0.22204061754031895,0.1381852619762322,0.16751630158891231,0.8584529161453247,0.01823398786814323,0.08184889946238627,hit,6.229148864746094,0.38560718297958374,0.0,10.0,False,-1.1105,9.98022,122.76363,94.57986,29.144,3.817,267.264,,0.8136
46060,3893119013276696790,medium,images/00046/0046060_ref.png,images/00046/0046060_search.png,316.4605,816.7719,317.08210249718405,816.8210849238719,0.6235453642211694,0.8325836064997113,0.20903824227854195,0.23582193059295714,0.8985581398010254,0.6216024971840284,0.04918492387196238,hit,8.775045394897461,0.4672406017780304,0.0,10.0,False,1.5068,10.14384,143.85498,109.43164,85.866,6.552,249.587,,0.7762
39432,1087803989889123035,medium,images/00039/0039432_ref.png,images/00039/0039432_search.png,166.2958,812.9781,167.13189841590014,812.9233716848997,0.837887671197289,0.8502695460560015,0.01238187485871245,0.5857615775615459,0.7687678933143616,0.8360984159001248,-0.054728315100305736,hit,5.087834358215332,0.232735276222229,0.0,10.0,False,0.4747,9.93963,118.19924,128.36109,44.594,4.722,235.328,,1.2936
68588,4206099544764654465,easy,images/00068/0068588_ref.png,images/00068/0068588_search.png,523.6223,736.7529,524.2413519011895,736.6477161657623,0.6279242751728373,0.9451277850229023,0.31720350985006496,0.3707676453507892,0.7020061612129211,0.6190519011895503,-0.10518383423766409,hit,3.378525733947754,0.32852834463119507,0.0,10.0,False,1.9567,9.95039,96.57302,86.92679,35.852,4.234,388.492,,0.503
24456,1093820075534071123,hard,images/00024/0024456_ref.png,images/00024/0024456_search.png,621.0902,376.4999,621.1496289696836,376.3711148029567,0.14183592427570701,0.4160561777923699,0.2742202535166629,0.4350731677905776,0.7284882068634033,0.05942896968360856,-0.12878519704332803,hit,8.186367988586426,0.4071367681026459,0.0,10.0,False,-0.3679,10.08283,91.12726,71.78785,69.091,5.878,,20.946,0.8468
55801,3231315003300058141,easy,images/00055/0055801_ref.png,images/00055/0055801_search.png,667.6592,585.1207,667.2922838447407,585.234730474796,0.38422703467154345,0.49171161023068566,0.1074845755591422,0.15370672356919976,0.8562062382698059,-0.3669161552593323,0.11403047479598172,hit,7.6634931564331055,0.32343849539756775,0.0,10.0,False,1.4873,9.95846,92.30044,95.68853,56.541,5.317,331.008,,0.5772
66947,4379962916950895351,medium,images/00066/0066947_ref.png,images/00066/0066947_search.png,661.1835,505.0016,661.2138443122807,505.12890780046797,0.13087418900525236,0.07598108448684959,-0.05489310451840276,0.0631106130802597,0.8816621899604797,0.03034431228070389,0.12730780046797463,hit,7.654125213623047,0.47873324155807495,0.0,10.0,False,1.043,10.04711,73.5237,91.31515,55.557,5.271,268.744,,0.6111
113917,523146849785110591,easy,images/00113/0113917_ref.png,images/00113/0113917_search.png,140.6736,853.6905,140.72107280488203,853.6596888701092,0.05659499031289552,0.24521946843652448,0.18862447812362895,0.19670155101078324,0.9132129549980164,0.04747280488203387,-0.030811129890821576,hit,6.805828094482422,0.36428365111351013,0.0,10.0,False,-2.1266,10.10006,171.19961,139.81423,99.787,7.064,358.513,,2.12
64313,3101864028819183707,hard,images/00064/0064313_ref.png,images/00064/0064313_search.png,429.4404,326.0249,429.6333424792758,325.99645028843713,0.19502868096028467,0.21875144105210684,0.02372276009182217,0.33684231787123053,0.7871918678283691,0.1929424792758141,-0.028449711562871016,hit,5.555981636047363,0.4100765585899353,0.0,10.0,False,-2.587,9.91665,90.31351,70.51911,69.011,5.874,,19.517,0.3094
51503,1140829377292393435,medium,images/00051/0051503_ref.png,images/00051/0051503_search.png,820.8657,293.1146,818.13814105447,292.80353319844954,2.7452395808685406,2.6782830221140506,-0.06695655875449003,0.07101537909854448,0.6595378518104553,-2.7275589455299496,-0.31106680155045296,near-miss,7.905866622924805,0.4523409605026245,0.0,10.0,False,1.0202,10.02058,92.66831,77.94765,103.098,7.18,268.734,,3.5594
132485,2680474330250659848,easy,images/00132/0132485_ref.png,images/00132/0132485_search.png,764.5126,191.0752,764.7752406883728,191.15506034162988,0.27451376168452124,0.10238438328333203,-0.1721293784011892,0.36425317524857787,0.8200501203536987,0.2626406883728123,0.07986034162988176,hit,7.149649620056152,0.30459699034690857,0.0,10.0,False,1.9663,10.11953,136.04827,108.9302,23.744,3.446,334.17,,0.4679
104568,802693500157438921,easy,images/00104/0104568_ref.png,images/00104/0104568_search.png,606.1303,117.0025,605.6456870294347,116.94464657953989,0.4880540436253614,0.6001093888247683,0.11205534519940685,0.1444589315276639,0.8207252621650696,-0.4846129705653084,-0.057853420460105554,hit,8.04022216796875,0.525824785232544,0.0,10.0,False,1.0886,10.04255,86.99118,92.74092,59.326,5.446,343.122,,0.8869
17491,376662170896411163,easy,images/00017/0017491_ref.png,images/00017/0017491_search.png,157.7468,549.0546,158.52803538007404,549.2897386620542,0.8158547110068369,0.7690115739768115,-0.046843137030025406,0.5890691187576078,0.8331044912338257,0.7812353800740368,0.2351386620541689,hit,6.383657455444336,0.2924036681652069,0.0,10.0,False,-2.1845,9.91531,159.16583,150.76829,42.346,4.601,393.11,,1.6922
139873,4328565198961396705,hard,images/00139/0139873_ref.png,images/00139/0139873_search.png,118.6435,530.3312,118.6549812017227,530.3385249169733,0.013618825267362864,0.9040337759682662,0.8904149507009033,0.8906510947562228,0.6524304747581482,0.011481201722702394,0.007324916973288964,hit,5.9606218338012695,0.23536115884780884,0.0,10.0,False,1.1114,9.91019,111.57501,141.88957,45.231,4.756,,20.141,0.5936
35714,630294826939961898,medium,images/00035/0035714_ref.png,images/00035/0035714_search.png,492.5419,777.3805,492.84244570022025,777.4510500316998,0.3087151193150789,0.5092790521265981,0.20056393281151919,0.38538350751148664,0.7440193891525269,0.30054570022025473,0.07055003169978136,hit,7.826600074768066,0.43072575330734253,0.0,10.0,False,2.9694,10.06512,82.29976,92.35911,49.176,4.959,175.347,,0.9192
100653,1164432296827724859,hard,images/00100/0100653_ref.png,images/00100/0100653_search.png,212.9403,301.3517,213.07670837884893,301.46436749015663,0.1769214773801888,0.6431793245581353,0.4662578471779465,0.8163634510405862,0.8184646368026733,0.13640837884892676,0.1126674901566389,hit,2.218057632446289,0.2978782653808594,0.0,10.0,False,-1.4083,10.3462,161.353,134.92115,92.754,6.81,,30.875,0.2635
119949,1932371386233985598,easy,images/00119/0119949_ref.png,images/00119/0119949_search.png,424.3155,546.9916,423.3629225076884,546.8442727078,0.9639031122917084,0.8894460682055062,-0.07445704408620224,0.09075910564128606,0.8536813259124756,-0.9525774923116046,-0.1473272921999751,hit,7.380878448486328,0.27093255519866943,0.0,10.0,False,-1.6733,9.95879,160.12738,132.41335,40.513,4.501,346.886,,1.151
93320,1806987072309124019,easy,images/00093/0093320_ref.png,images/00093/0093320_search.png,712.9418,132.5,713.5710147708321,132.39065077829636,0.6386458174297892,0.8121706897864922,0.173524872356703,0.35309668500131114,0.8074929714202881,0.6292147708321636,-0.10934922170363848,hit,7.636146545410156,0.44844716787338257,0.0,10.0,False,-1.6371,10.02704,133.07547,136.18782,105.157,7.251,416.209,,0.495
132312,1858271400909285671,medium,images/00132/0132312_ref.png,images/00132/0132312_search.png,508.1528,707.5394,507.7005143092617,707.4767057867175,0.4566102390724115,0.3364183546146718,-0.1201918844577397,0.7867318726398713,0.6461379528045654,-0.4522856907383357,-0.06269421328249791,hit,7.881860733032227,0.2958177924156189,0.0,10.0,False,-0.2422,10.13604,90.60312,87.28375,41.961,4.58,289.258,,0.9914
115163,735052057827942768,easy,images/00115/0115163_ref.png,images/00115/0115163_search.png,236.7754,666.8157,236.91810278098214,666.9774637381072,0.21571182319579252,0.35672868155527326,0.14101685835948075,0.24221341615298306,0.9099478721618652,0.14270278098214817,0.16176373810719724,hit,6.880192756652832,0.3655441403388977,0.0,10.0,False,0.5579,10.03733,105.64671,133.88267,73.883,6.078,420.305,,0.3822
16479,61121378146620106,easy,images/00016/0016479_ref.png,images/00016/0016479_search.png,727.3814,694.0354,727.3816692477683,693.9844102632023,0.050990447664773356,0.06501929690715226,0.014028849242378905,0.09768071951143156,0.8198403716087341,0.00026924776830128394,-0.0509897367976464,hit,4.712850570678711,0.327781081199646,0.0,10.0,False,2.1212,10.10364,69.4365,78.19009,40.146,4.48,418.487,,0.8385
20743,4529521266118386153,easy,images/00020/0020743_ref.png,images/00020/0020743_search.png,203.2568,770.9539,203.53648025195974,770.9864964492846,0.2815733862463399,0.24902896126957955,-0.03254442497676033,0.11840479889181621,0.8048608303070068,0.27968025195974633,0.03259644928459693,hit,5.5084943771362305,0.18965554237365723,0.0,10.0,False,3.2,9.97882,188.22084,139.99579,76.858,6.199,414.083,,0.6975
78932,1054207178022582308,medium,images/00078/0078932_ref.png,images/00078/0078932_search.png,419.7702,759.6422,419.7624619901072,759.4908804576987,0.15151726198479645,0.37052279692205287,0.2190055349372564,0.2458371333598803,0.7986693978309631,-0.007738009892761966,-0.1513195423012803,hit,8.016904830932617,0.250311017036438,0.0,10.0,False,-0.2885,9.89448,91.22626,115.57214,75.026,6.125,276.782,,0.8987
122783,147983800840494045,easy,images/00122/0122783_ref.png,images/00122/0122783_search.png,838.5089,708.5769,838.6146764116397,708.713842163164,0.17303700561268692,0.20713259859458016,0.03409559298189324,0.16175848767472764,0.8662523031234741,0.1057764116396811,0.13694216316400798,hit,8.410524368286133,0.40105411410331726,0.0,10.0,False,-2.9026,9.89142,95.11069,108.74732,78.686,6.272,354.349,,0.5432
72220,4530288740633086995,easy,images/00072/0072220_ref.png,images/00072/0072220_search.png,235.2946,544.5828,234.35741953203927,544.5288518380421,0.9387319285641293,0.1847578921075295,-0.7539740364565999,0.9005158387019883,0.6545391082763672,-0.9371804679607294,-0.05394816195791918,hit,4.772378921508789,0.2418467402458191,0.0,10.0,False,0.2134,9.94414,120.14273,92.04941,36.796,4.289,306.942,,1.1047
119460,3861832395516299791,easy,images/00119/0119460_ref.png,images/00119/0119460_search.png,729.962,539.3903,730.0683015773379,539.4106302820633,0.10822821126354262,0.2955895941439152,0.1873613828803726,0.18741704798600176,0.7924951910972595,0.10630157733794476,0.02033028206324161,hit,8.012786865234375,0.2860245406627655,0.0,10.0,False,-0.4447,10.05933,118.88304,146.01595,41.825,4.573,326.344,,0.6835
23213,2644551879476059740,easy,images/00023/0023213_ref.png,images/00023/0023213_search.png,562.6428,422.4973,562.5810402193116,422.52314793524835,0.0669506255928765,0.1654475170137575,0.09849689142088101,0.19132923183318698,0.9110302329063416,-0.0617597806883623,0.025847935248350495,hit,2.8514089584350586,0.2674444615840912,0.0,10.0,False,1.1623,9.91621,211.45902,168.70876,50.299,5.015,354.095,,0.2075
64616,1695683421453813909,easy,images/00064/0064616_ref.png,images/00064/0064616_search.png,391.8074,755.3263,391.8841884277637,755.3958600928331,0.10361017881167518,0.38462680466079535,0.2810166258491202,0.3848542498493533,0.8486981391906738,0.07678842776374495,0.06956009283317144,hit,5.857143402099609,0.2538430988788605,0.0,10.0,False,-1.9473,10.09366,87.85107,81.87559,80.225,6.333,391.058,,0.2153
32468,1407563642564682384,easy,images/00032/0032468_ref.png,images/00032/0032468_search.png,428.6299,641.433,428.4848524431924,641.3699286942438,0.1581669477029335,0.5654123610320413,0.4072454133291078,0.49039830107440946,0.8480623960494995,-0.14504755680763992,-0.06307130575623887,hit,6.739558219909668,0.35619646310806274,0.0,10.0,False,-4.2971,9.97919,97.37127,96.98421,69.163,5.881,318.791,,0.3144
143573,4433211637832097666,easy,images/00143/0143573_ref.png,images/00143/0143573_search.png,696.6513,843.7002,695.562486925554,843.7224044653756,1.0890394618043424,0.6958837597892054,-0.39315570201513705,0.5855314692980917,0.8493589758872986,-1.0888130744459659,0.022204465375580185,near-miss,3.170639991760254,0.245858833193779,0.0,10.0,False,0.6136,9.98362,141.52979,154.52048,50.068,5.003,331.698,,2.2606
69188,2060980561405493517,easy,images/00069/0069188_ref.png,images/00069/0069188_search.png,485.9102,433.3057,486.71548422045726,433.38246145184746,0.8089344820238664,0.358820989250493,-0.4501134927733734,0.9309840985945224,0.8238083124160767,0.8052842204572812,0.0767614518474602,hit,6.3500518798828125,0.3888879120349884,0.0,10.0,False,-0.9829,10.09984,143.2702,160.77079,25.829,3.594,426.658,,1.2834
68029,532852982871202563,easy,images/00068/0068029_ref.png,images/00068/0068029_search.png,163.449,739.8364,163.9291892705526,739.8680347854124,0.481230189412419,0.2090989841248718,-0.2721312052875472,0.3626372222598742,0.7360732555389404,0.48018927055258587,0.031634785412393285,hit,6.37723445892334,0.3050573468208313,0.0,10.0,False,0.7563,9.99479,66.26454,85.93661,22.12,3.326,405.979,,0.4962
44716,3649735190224588452,medium,images/00044/0044716_ref.png,images/00044/0044716_search.png,579.272,380.5892,580.2218743054809,380.70617427461957,0.9570497255292169,0.9698555827730997,0.012805857243882834,0.01599148385733813,0.8312068581581116,0.9498743054808756,0.11697427461956522,hit,5.193281173706055,0.3149016499519348,0.0,10.0,False,0.727,10.02659,146.84615,162.34536,52.14,5.106,192.825,,0.8558
115470,2883009635537423157,medium,images/00115/0115470_ref.png,images/00115/0115470_search.png,763.3563,662.8213,763.7833056262006,662.9402991371993,0.4432771136220472,0.4264587478676979,-0.016818365754349307,0.801625109787335,0.6565142869949341,0.4270056262005255,0.11899913719935284,hit,2.3236618041992188,0.18365132808685303,0.0,10.0,False,-0.0239,10.09885,101.33627,77.17723,25.494,3.57,233.198,,1.3339
84451,2601687906276386611,medium,images/00084/0084451_ref.png,images/00084/0084451_search.png,606.7119,598.5116,605.7141987933003,598.4366904727808,1.0005094377957198,0.2643534100044929,-0.7361560277912269,0.7494694604446785,0.7581724524497986,-0.9977012066997304,-0.0749095272192335,near-miss,5.83188533782959,0.3083947002887726,0.0,10.0,False,1.9029,10.03393,102.9388,109.76786,26.09,3.612,198.132,,0.6835
21041,937993697023286135,easy,images/00021/0021041_ref.png,images/00021/0021041_search.png,234.1426,275.6619,234.47169488003573,275.5905661871207,0.3367372164249674,0.45657614698877896,0.11983893056381156,0.32139067637364144,0.8242277503013611,0.32909488003573983,-0.07133381287928842,hit,4.715612411499023,0.2933354079723358,0.0,10.0,False,-1.348,10.0097,115.2107,119.53491,41.395,4.549,330.016,,0.2849
198008,33823727068495449,hard,images/00198/0198008_ref.png,images/00198/0198008_search.png,313.8957,668.5025,314.2473256969778,668.3912945005826,0.36879166730799695,0.44817744954827743,0.07938578224028048,0.48089600101352664,0.8639770746231079,0.35162569697780555,-0.11120549941745139,hit,2.982332229614258,0.30249372124671936,0.0,10.0,False,-0.3814,10.08501,132.75478,118.78318,87.291,6.606,,32.726,0.1745
56420,3536827181358137943,medium,images/00056/0056420_ref.png,images/00056/0056420_search.png,665.9725,520.7555,665.7836048341868,520.8516027581294,0.2119366032276204,0.7757588382859872,0.5638222350583668,0.5746308471554299,0.8258284330368042,-0.18889516581316457,0.09610275812940472,hit,5.61895751953125,0.33146902918815613,0.0,10.0,False,-3.1645,10.1134,81.68545,101.3043,67.824,5.823,244.312,,1.1995
78944,3359858690942069109,easy,images/00078/0078944_ref.png,images/00078/0078944_search.png,149.4157,711.0096,149.1342207843273,711.0004800773781,0.28162691960168285,1.0865231124510821,0.8048961928493993,0.8105709868375334,0.7537901997566223,-0.2814792156726753,-0.00911992262183503,hit,5.547756195068359,0.23755522072315216,0.0,10.0,False,-1.0877,10.07023,192.34311,168.78656,32.643,4.04,359.909,,0.9966
59928,749044867400065953,easy,images/00059/0059928_ref.png,images/00059/0059928_search.png,637.1485,322.6459,637.0961925009625,322.60797750393226,0.06460797291020343,0.5150629699789753,0.45045499706877185,0.45267531247136045,0.6693628430366516,-0.05230749903751075,-0.03792249606772202,hit,5.071358680725098,0.37489572167396545,0.0,10.0,False,-0.382,10.06442,95.68422,101.02307,22.103,3.324,332.649,,0.5156
45651,4483367246927107891,hard,images/00045/0045651_ref.png,images/00045/0045651_search.png,755.1966,513.6467,755.9427135633671,513.6940038771934,0.7476116011926655,0.7598226614151372,0.012211060222471759,0.22510368876184672,0.8159599900245667,0.7461135633670892,0.04730387719337159,hit,1.8261051177978516,0.2004472017288208,0.0,10.0,False,0.606,10.09884,149.95992,146.65747,30.863,3.928,,17.781,1.2548
101449,862084450126461517,medium,images/00101/0101449_ref.png,images/00101/0101449_search.png,331.1403,333.4339,331.6030125222057,333.27019750986966,0.49081705703938044,0.7517902570884045,0.2609732000490241,0.2700311255296903,0.8151577115058899,0.4627125222056634,-0.16370249013033344,hit,7.697044372558594,0.35817816853523254,0.0,10.0,False,-1.8817,10.0146,83.47934,89.37015,104.321,7.222,170.759,,0.3407
25389,4001733816848102024,medium,images/00025/0025389_ref.png,images/00025/0025389_search.png,148.7185,123.6042,149.23219152166425,123.56080174417004,0.5155214719473944,0.7396322915258567,0.22411081957846235,0.37613739570698274,0.8317534327507019,0.5136915216642421,-0.04339825582997037,hit,2.58730411529541,0.22572268545627594,0.0,10.0,False,0.5432,9.87299,131.13115,152.25062,71.45,5.977,215.334,,0.5459
100070,453906942935587992,hard,images/00100/0100070_ref.png,images/00100/0100070_search.png,237.2425,617.2872,236.96205951167983,617.297083913636,0.2806146098085882,0.5310889543155235,0.2504743445069353,0.2602451580194152,0.8196977376937866,-0.2804404883201812,0.009883913636031139,hit,6.614293098449707,0.32588857412338257,0.0,10.0,False,0.4703,9.99684,168.062,163.43002,66.001,5.745,,32.968,0.6738
103060,4053090759494195148,medium,images/00103/0103060_ref.png,images/00103/0103060_search.png,850.8927,162.1359,850.7770741700527,162.18166712682466,0.12435418146880121,0.17472038959159594,0.05036620812279473,0.054820565121565905,0.8582976460456848,-0.11562582994724835,0.04576712682467132,hit,4.304186820983887,0.3375510573387146,0.0,10.0,False,-1.7882,10.1442,121.29548,92.47817,79.486,6.304,275.607,,0.32
45599,671310648187730004,easy,images/00045/0045599_ref.png,images/00045/0045599_search.png,341.1749,511.6889,340.9912997816571,511.5670771630446,0.22034029086712362,0.3621545958282708,0.1418143049611472,0.34977307217337816,0.92704176902771,-0.18360021834286044,-0.12182283695540264,hit,6.483981132507324,0.29753077030181885,0.0,10.0,False,-1.7878,9.99024,121.00064,102.9583,98.377,7.013,414.465,,0.902
134745,955051268068720726,easy,images/00134/0134745_ref.png,images/00134/0134745_search.png,688.6765,691.4012,688.4444955041378,691.2930056775662,0.2559923778303336,0.2364306570565149,-0.01956172077381868,0.1778973524850185,0.8940941095352173,-0.23200449586227023,-0.10819432243386018,hit,5.154010772705078,0.2993212640285492,0.0,10.0,False,-1.2432,9.86679,123.95311,119.02894,66.706,5.775,334.117,,1.1706
113398,899854375248357656,easy,images/00113/0113398_ref.png,images/00113/0113398_search.png,174.0112,255.8995,173.95607229730768,255.89024594008688,0.05589902708462694,0.1741557693750508,0.11825674229042388,0.1182607820370954,0.914178729057312,-0.05512770269231737,-0.009254059913104129,hit,9.38398265838623,0.33385831117630005,0.0,10.0,False,0.0595,10.0827,124.73464,117.62995,85.672,6.545,370.324,,0.5187
122644,3702214005916673598,easy,images/00122/0122644_ref.png,images/00122/0122644_search.png,749.7108,530.4221,749.7526479467077,530.5151927353161,0.1020661942676712,0.4540096215618283,0.35194342729415706,0.42065025028005976,0.8598583340644836,0.04184794670777592,0.09309273531607687,hit,5.751945495605469,0.29217806458473206,0.0,10.0,False,1.0923,9.95843,127.22989,135.21497,58.53,5.41,349.22,,0.702
93608,2570691814500333625,easy,images/00093/0093608_ref.png,images/00093/0093608_search.png,561.4697,399.5188,561.4086009541915,399.5960738130307,0.09851058612667576,0.10049451488943703,0.0019839287627612667,0.16880212421212265,0.8111076354980469,-0.06109904580853254,0.07727381303072889,hit,6.043739318847656,0.30954408645629883,0.0,10.0,False,-0.472,10.10022,126.664,110.76014,71.918,5.997,390.323,,0.2829
44562,4436567836441833719,easy,images/00044/0044562_ref.png,images/00044/0044562_search.png,372.4666,749.4085,372.517652780014,749.3993618062036,0.05186417774353348,0.46670834780739845,0.414844170063865,0.49006505479344165,0.9183229207992554,0.051052780013947086,-0.009138193796388805,hit,8.136412620544434,0.3738749027252197,0.0,10.0,False,-1.6208,10.04367,101.58166,101.08986,35.349,4.204,370.083,,0.9896
98972,1205004309824808002,hard,images/00098/0098972_ref.png,images/00098/0098972_search.png,791.2677,685.1205,791.1445669661656,685.1021534012714,0.12449233593346355,0.371269963246866,0.24677762731340247,0.42021360679985553,0.7985512614250183,-0.12313303383439234,-0.018346598728612662,hit,3.336977005004883,0.17893671989440918,0.0,10.0,False,1.134,9.94632,152.31816,136.04362,53.648,5.179,,27.505,0.7615
32865,1307144260377015956,easy,images/00032/0032865_ref.png,images/00032/0032865_search.png,374.8833,501.5961,374.89561615774556,501.7503413523056,0.15473229301824296,0.4919859729898162,0.3372536799715733,0.3407338869414267,0.7701987624168396,0.012316157745544842,0.15424135230563252,hit,3.7962846755981445,0.3496819734573364,0.0,10.0,False,0.638,9.86535,126.62805,119.53206,62.855,5.606,428.189,,0.1844
46955,2696740391822739971,easy,images/00046/0046955_ref.png,images/00046/0046955_search.png,734.0247,256.3583,734.0780804260381,256.49383616435387,0.14566922026210044,0.396207977420904,0.2505387571588036,0.2515814402824317,0.8626353144645691,0.0533804260380748,0.13553616435387994,hit,5.7144012451171875,0.3328935205936432,0.0,10.0,False,-1.2975,9.99652,107.65437,138.25458,26.963,3.672,309.321,,0.4935
91796,1098783169842389485,hard,images/00091/0091796_ref.png,images/00091/0091796_search.png,302.4568,278.1741,301.33360310274674,278.2252707139481,1.1243619132491485,1.3487468694751998,0.22438495622605137,0.4400810622244306,0.8186811208724976,-1.1231968972532513,0.051170713948067714,near-miss,7.850581169128418,0.3509308695793152,0.0,10.0,False,1.2441,10.09619,126.84334,140.68812,74.853,6.118,,33.366,1.5044
58259,3198683709551723269,medium,images/00058/0058259_ref.png,images/00058/0058259_search.png,758.0639,329.5929,757.8869829762173,329.49246289055935,0.20343855646589157,0.8360078118883671,0.6325692554224756,0.6647645988536874,0.8090994954109192,-0.17691702378272112,-0.10043710944063378,hit,6.699877738952637,0.367160439491272,0.0,10.0,False,0.7312,9.91913,103.08619,104.37832,58.927,5.428,297.786,,0.4942
187520,1294046960243305783,hard,images/00187/0187520_ref.png,images/00187/0187520_search.png,115.9025,404.1365,115.7846619325316,404.1429100178485,0.11801228102831032,0.5569946509516125,0.4389823699233022,0.6687049658291878,0.8340447545051575,-0.11783806746839787,0.006410017848509142,hit,5.201171875,0.32035234570503235,0.0,10.0,False,0.7709,10.06129,112.07356,98.26641,60.988,5.522,,33.011,0.553
178248,1822599586574930748,hard,images/00178/0178248_ref.png,images/00178/0178248_search.png,737.9276,585.8707,879.8584089475502,852.8756513032529,302.3838596039121,302.3500638859995,-0.0337957179125965,1.0070803578425358,0.7277318835258484,141.9308089475502,267.0049513032528,periodic-lock,0.10384654998779297,0.025094695389270782,0.0,10.0,False,1.5708,10.03887,78.93971,70.21383,52.221,5.11,,17.717,0.446
31578,3843572900251725362,medium,images/00031/0031578_ref.png,images/00031/0031578_search.png,553.8507,572.0497,553.8192691281112,572.0229786674639,0.04125444606579709,0.10648579831653916,0.06523135225074207,0.14397421569304372,0.9079311490058899,-0.03143087188880145,-0.02672133253611264,hit,1.5128040313720703,0.3140650689601898,0.0,10.0,False,-1.7093,10.01865,80.13801,75.28232,51.229,5.061,194.204,,0.084
116715,2146594506606088528,easy,images/00116/0116715_ref.png,images/00116/0116715_search.png,365.3717,513.5161,365.32057422819184,513.4023320315414,0.12472768413703418,0.7037327984237329,0.5790051142866988,0.7096295377421697,0.8043563961982727,-0.05112577180813105,-0.11376796845866011,hit,3.089573860168457,0.3181195557117462,0.0,10.0,False,1.0664,10.08632,93.71895,72.8657,58.892,5.426,390.903,,0.4985
85426,1330425577571085839,hard,images/00085/0085426_ref.png,images/00085/0085426_search.png,696.4963,716.4225,695.9796353988207,716.2300311243223,0.5513497784677129,1.4536318190436242,0.9022820405759112,1.1485766454550241,0.8707364201545715,-0.5166646011792864,-0.19246887567771864,hit,6.556649208068848,0.2859742343425751,0.0,10.0,False,-2.295,10.0167,113.6269,130.81158,73.681,6.07,,29.338,1.0943
181430,2383367843916403444,hard,images/00181/0181430_ref.png,images/00181/0181430_search.png,494.4946,489.5705,494.9010858307293,489.55278148538713,0.40687181807515566,0.3856448744175008,-0.021226943657654873,0.7012484836256244,0.7549833655357361,0.4064858307293093,-0.017718514612852232,hit,4.303676605224609,0.3876051902770996,0.0,10.0,False,0.7574,9.97299,82.21731,83.05767,23.625,3.437,,15.155,0.2698
108255,3263472328299738905,easy,images/00108/0108255_ref.png,images/00108/0108255_search.png,532.5438,589.99,532.6244862559594,589.9702343897645,0.08307196427626093,0.2573519014658425,0.1742799371895816,0.3390496196371978,0.9166699051856995,0.08068625595933554,-0.01976561023548129,hit,6.710517883300781,0.3774239420890808,0.0,10.0,False,1.6149,9.99765,106.81515,118.30269,47.81,4.889,331.49,,0.2296
112201,2700311456351655559,easy,images/00112/0112201_ref.png,images/00112/0112201_search.png,126.4246,585.8623,126.61864943592028,585.8545406981244,0.19420450650428844,0.5708353697008948,0.3766308631966063,0.42716356948159967,0.8467451930046082,0.19404943592027735,-0.007759301875580604,hit,9.575098991394043,0.39276570081710815,0.0,10.0,False,1.6782,9.95457,124.0238,131.48917,28.774,3.793,419.689,,0.9102
153338,1861531160293385838,hard,images/00153/0153338_ref.png,images/00153/0153338_search.png,157.4926,269.2412,157.32213406487853,269.2635866729855,0.17192963143159268,0.07069969894737438,-0.1012299324842183,0.23992038245513342,0.7485558390617371,-0.17046593512148434,0.022386672985533096,hit,8.30514144897461,0.4482443928718567,0.0,10.0,False,-0.0741,9.93447,121.21748,99.03542,80.912,6.361,,29.982,0.8727
39051,2004435279732889755,medium,images/00039/0039051_ref.png,images/00039/0039051_search.png,298.6786,575.4284,299.0900574414511,575.4820572423836,0.4149413522242472,0.049118620396416915,-0.3658227318278303,0.4511899286662111,0.7323924899101257,0.4114574414510912,0.05365724238356506,hit,6.185340881347656,0.2761272192001343,0.0,10.0,False,0.4735,9.88263,138.30723,119.79413,40.529,4.502,238.555,,0.7668
148676,1608421141403227575,medium,images/00148/0148676_ref.png,images/00148/0148676_search.png,204.4775,511.2135,205.0885279582508,511.28728142317163,0.6154663793980876,0.2885004327302748,-0.32696594666781276,0.6403834725082667,0.7206271886825562,0.6110279582508156,0.07378142317162428,hit,2.539156913757324,0.15475493669509888,0.0,10.0,False,0.371,10.16289,122.22349,130.088,22.579,3.36,197.213,,1.7444
144624,711851055534952348,medium,images/00144/0144624_ref.png,images/00144/0144624_search.png,119.1272,393.4094,119.69959491801902,393.3419466721189,0.576355700601831,0.6161220451377314,0.039766344535900444,0.44649845509049635,0.8162344098091125,0.5723949180190147,-0.06745332788108271,hit,6.196383476257324,0.3087296783924103,0.0,10.0,False,-2.2991,9.92263,153.64455,127.40204,62.039,5.569,283.436,,0.9455
44685,501362698150843790,easy,images/00044/0044685_ref.png,images/00044/0044685_search.png,700.7945,269.5986,700.9240485425955,269.59948775217015,0.12955158429192845,0.9835964651792839,0.8540448808873554,0.8541260557913674,0.6840691566467285,0.1295485425955576,0.000887752170172007,hit,5.291266441345215,0.3231033980846405,0.0,10.0,False,-2.4758,9.92792,154.74731,136.73041,26.282,3.625,320.296,,0.5267
2312,2687854249038456797,medium,images/00002/0002312_ref.png,images/00002/0002312_search.png,236.7653,110.1437,238.08470604608246,110.14930335900448,1.3194179444251513,0.48942913160798246,-0.8299888128171689,1.2884510057762812,0.8135806918144226,1.319406046082463,0.005603359004481945,near-miss,7.100150108337402,0.34426358342170715,0.0,10.0,False,0.6522,10.21117,178.89964,168.95454,75.901,6.16,298.783,,1.0767
92053,251538464261470819,easy,images/00092/0092053_ref.png,images/00092/0092053_search.png,209.9677,266.5134,209.80114993426344,266.3093321620754,0.263405783672399,0.2429602452082858,-0.020445538464113178,0.047740040358024836,0.7294741272926331,-0.1665500657365726,-0.20406783792458327,hit,5.488154411315918,0.3794371783733368,0.0,10.0,False,1.2444,9.9666,115.68027,133.69696,45.169,4.752,337.238,,0.9092
92993,2304790765305734075,medium,images/00092/0092993_ref.png,images/00092/0092993_search.png,575.9472,137.4989,576.1199110654901,137.5446341724502,0.17866372511634182,0.7554684987660718,0.5768047736497299,0.754227585629548,0.8711931705474854,0.17271106549014803,0.04573417245021005,hit,2.4251861572265625,0.12200456112623215,0.0,10.0,False,-1.1955,9.95945,181.04734,158.75393,31.851,3.991,218.169,,0.5866
44255,1161754377188544597,easy,images/00044/0044255_ref.png,images/00044/0044255_search.png,512.4881,574.267,511.96881245456854,574.2194848370164,0.5214568491770296,0.892902165722045,0.37144531654501534,0.4608100352151161,0.7276568412780762,-0.5192875454314958,-0.047515162983700066,hit,4.824941635131836,0.3226239085197449,0.0,10.0,False,0.0183,9.9986,122.48278,130.72111,27.383,3.7,323.85,,0.6131
69029,1633089672641580856,medium,images/00069/0069029_ref.png,images/00069/0069029_search.png,787.847,330.1791,787.8434617768337,330.311615688331,0.13256291591925784,0.3811354181594716,0.24857250224021377,0.4371831950672037,0.8856540322303772,-0.003538223166287935,0.13251568833101146,hit,3.56906795501709,0.28088855743408203,0.0,10.0,False,-2.992,10.07142,108.98384,119.1246,70.717,5.946,211.948,,0.3112
74509,50640543232119957,easy,images/00074/0074509_ref.png,images/00074/0074509_search.png,123.9637,211.6853,123.82887021377145,211.7045012361591,0.13619015648891017,0.07409390579501257,-0.0620962506938976,0.13519496278257595,0.8459153175354004,-0.13482978622855057,0.019201236159091195,hit,4.1299638748168945,0.2684018313884735,0.0,10.0,False,-1.4978,9.84672,116.99454,103.09077,76.839,6.198,307.209,,0.1902
115299,3868004740868440860,easy,images/00115/0115299_ref.png,images/00115/0115299_search.png,294.9881,508.8217,295.0526402009954,508.7285903498669,0.11329097268733244,0.22446401010731917,0.11117303741998673,0.11196335838208972,0.8458020687103271,0.06454020099545232,-0.09310965013310124,hit,0.8689603805541992,0.13532622158527374,0.0,10.0,False,3.1515,10.01275,108.32815,111.5238,23.032,3.394,397.023,,0.695
86299,3609141591330248331,easy,images/00086/0086299_ref.png,images/00086/0086299_search.png,329.7715,857.7035,329.879684649356,857.6037378506877,0.14716115245432648,0.4137610474327559,0.2665998949784294,0.3680793767464955,0.8109568953514099,0.10818464935601924,-0.09976214931225513,hit,7.939162254333496,0.5165117979049683,0.0,10.0,False,-1.9302,9.97774,90.01864,109.79141,24.186,3.477,357.581,,0.3483
10133,3044664656422190264,medium,images/00010/0010133_ref.png,images/00010/0010133_search.png,580.7309,628.4133,580.784176258612,628.4201883434474,0.053719726424631666,0.12986538192318312,0.07614565549855146,0.07638287055339121,0.7897405624389648,0.05327625861195884,0.006888343447371881,hit,9.759982109069824,0.47640663385391235,0.0,10.0,False,1.2146,9.82826,93.72078,72.98344,45.312,4.76,266.823,,0.2781
59339,2010994356554659449,easy,images/00059/0059339_ref.png,images/00059/0059339_search.png,377.5468,203.08,375.3255573796492,203.03301316758365,2.2217395303868477,2.098223824030231,-0.12351570635661657,0.38277618086253257,0.7547377943992615,-2.2212426203508358,-0.04698683241636559,near-miss,7.842012405395508,0.25558173656463623,0.0,10.0,False,-0.5729,10.1602,113.02076,100.23917,71.266,5.969,381.899,,2.4421
82222,988369414044545592,easy,images/00082/0082222_ref.png,images/00082/0082222_search.png,147.9354,678.6875,147.95450457469622,678.6331044414106,0.05765294067584568,0.884172678565128,0.8265197378892823,0.9405774779888599,0.8161085844039917,0.019104574696228838,-0.054395558589362736,hit,4.680854797363281,0.23347978293895721,0.0,10.0,False,3.8073,9.98277,116.11195,103.53771,30.506,3.905,380.149,,0.3272
106762,273331743904419599,easy,images/00106/0106762_ref.png,images/00106/0106762_search.png,865.6665,292.6749,866.1673539097274,292.6454138905313,0.5017211073302904,0.37762164709818824,-0.12409946023210217,0.24399177285350734,0.7196192741394043,0.5008539097273115,-0.029486109468678023,hit,8.273941040039062,0.4184746742248535,0.0,10.0,False,2.1761,10.11292,92.22181,104.82612,33.089,4.067,331.335,,0.9251
46820,1807218483586263663,easy,images/00046/0046820_ref.png,images/00046/0046820_search.png,413.3108,543.3039,414.1375345231924,543.2314745367316,0.8299008492391555,0.44869564595586053,-0.381205203283295,0.3827647065734598,0.8177695870399475,0.8267345231924423,-0.07242546326835964,hit,8.404913902282715,0.3743181526660919,0.0,10.0,False,-1.2162,9.86529,134.18198,162.23029,72.196,6.008,428.923,,1.4337
144855,1483452339275007820,medium,images/00144/0144855_ref.png,images/00144/0144855_search.png,858.7551,810.384,858.5357804136139,810.3462485155129,0.22254495175926606,0.3657646423848954,0.14321969062562936,0.5692357822169185,0.73405921459198,-0.21931958638606375,-0.03775148448710297,hit,5.233033180236816,0.31195348501205444,0.0,10.0,False,-0.4405,10.15538,121.5234,123.94825,40.047,4.475,232.854,,0.4707
46357,2929203937952001276,easy,images/00046/0046357_ref.png,images/00046/0046357_search.png,877.1681,576.7801,877.2274136572205,576.6476621226296,0.14511340839228198,0.46799716592239343,0.32288375753011145,0.32418744178448666,0.866425096988678,0.05931365722051396,-0.13243787737030743,hit,5.895318984985352,0.320502907037735,0.0,10.0,False,-2.1334,10.17326,177.32047,157.75978,54.032,5.198,397.582,,0.3366
14052,2006618889325619853,easy,images/00014/0014052_ref.png,images/00014/0014052_search.png,684.9493,234.3428,684.9865983586666,234.31497099729057,0.046536232669002094,0.8722628214360488,0.8257265887670467,0.8941720344092682,0.8958125710487366,0.03729835866658959,-0.027829002709438555,hit,6.1601409912109375,0.34682175517082214,0.0,10.0,False,-1.7247,10.05508,206.01243,165.61495,61.481,5.544,344.32,,0.4532
38720,212251542259003104,easy,images/00038/0038720_ref.png,images/00038/0038720_search.png,868.6246,190.8581,868.527978246974,190.7931064991144,0.11644706228657542,0.31903169027210765,0.20258462798553223,0.2140706938139481,0.806122362613678,-0.09662175302594278,-0.06499350088560618,hit,6.0629119873046875,0.3510599732398987,0.0,10.0,False,0.3954,9.95912,96.86055,121.53751,54.709,5.23,353.637,,0.7131
144837,4202144802596163079,easy,images/00144/0144837_ref.png,images/00144/0144837_search.png,116.3687,554.5002,116.34161706895796,554.6278295697318,0.13047142301581993,0.379766930006337,0.24929550699051706,0.31567331825038514,0.7907711267471313,-0.02708293104204529,0.1276295697318801,hit,5.22011661529541,0.3220648169517517,0.0,10.0,False,2.8292,10.00432,130.21576,142.68561,24.638,3.51,393.952,,0.4123
119561,808198780208043898,easy,images/00119/0119561_ref.png,images/00119/0119561_search.png,521.1084,754.4353,521.059031124354,754.4505230863282,0.051662638723799434,0.2194791979370127,0.16781655921321326,0.19672182223098894,0.7831375002861023,-0.04936887564599601,0.015223086328205682,hit,4.092869758605957,0.33808037638664246,0.0,10.0,False,-1.3288,10.05255,76.15752,78.51154,29.825,3.862,406.821,,0.6197
166347,3333097632127126746,hard,images/00166/0166347_ref.png,images/00166/0166347_search.png,549.3862,576.9108,549.6846660864819,577.0443146003125,0.32696812272211806,0.36974618896996053,0.04277806624784247,0.627548395516696,0.8523731231689453,0.29846608648188067,0.13351460031253737,hit,1.3125267028808594,0.11789793521165848,0.0,10.0,False,2.0291,9.84422,121.97783,140.89516,42.65,4.618,,19.17,0.5323
182000,2359561369507113065,hard,images/00182/0182000_ref.png,images/00182/0182000_search.png,329.6328,526.2131,329.3549222155099,526.3257793860327,0.2998544766212605,0.7294162001741071,0.4295617235528466,0.5813085191617516,0.8278754353523254,-0.2778777844901015,0.11267938603259608,hit,4.42042350769043,0.31597840785980225,0.0,10.0,False,-1.1306,10.10513,112.35567,147.28385,58.225,5.396,,28.763,0.9756
52709,2525166521020638365,easy,images/00052/0052709_ref.png,images/00052/0052709_search.png,712.6879,446.4146,712.4831167870339,446.5690466398185,0.2564954753284568,0.2714699918748697,0.014974516546412908,0.1657538235924239,0.8408728241920471,-0.20478321296616286,0.15444663981850226,hit,6.40355110168457,0.3247273564338684,0.0,10.0,False,-0.2233,9.88826,155.82585,149.66965,76.695,6.193,337.835,,0.3148
69276,4087292669484254674,easy,images/00069/0069276_ref.png,images/00069/0069276_search.png,641.8508,461.9911,641.1190764602163,461.85753585305116,0.7438136325880339,0.7305973481033136,-0.013216284484720342,0.28186661432406707,0.8287944793701172,-0.7317235397837294,-0.13356414694885643,hit,2.5668678283691406,0.276404470205307,0.0,10.0,False,1.2377,10.28591,177.96585,148.04634,27.226,3.69,360.738,,0.9062
164764,1877293009464583166,hard,images/00164/0164764_ref.png,images/00164/0164764_search.png,137.0634,399.9717,137.0894621041812,399.95286177725046,0.03215761046334946,0.046407252471683744,0.014249642008334285,0.017628050084096285,0.8884260654449463,0.026062104181193035,-0.018838222749536726,hit,2.2329587936401367,0.19562707841396332,0.0,10.0,False,-2.9139,9.93964,112.98751,113.98729,95.363,6.905,,29.319,0.0876
172290,3480493882638406124,hard,images/00172/0172290_ref.png,images/00172/0172290_search.png,357.8063,540.0765,357.85414565812135,540.1297988218784,0.07162381876640438,0.776137753859953,0.7045139350935486,0.7487850206241156,0.8146650791168213,0.047845658121332235,0.053298821878343006,hit,4.085230827331543,0.24617759883403778,0.0,10.0,False,0.6068,9.97772,127.38139,155.00322,56.494,5.315,,16.432,0.5926
33860,230465200718048225,medium,images/00033/0033860_ref.png,images/00033/0033860_search.png,572.8925,340.8795,572.8268750987831,341.08389851167965,0.2146750549937736,0.8095558692263534,0.5948808142325798,0.5999773164366278,0.8281494379043579,-0.0656249012168928,0.20439851167964207,hit,4.707825660705566,0.3515538275241852,0.0,10.0,False,1.5448,10.17529,131.09534,123.88059,97.457,6.981,214.026,,0.1872
128514,2073673034163131025,easy,images/00128/0128514_ref.png,images/00128/0128514_search.png,365.903,261.3591,366.5273099399128,261.50189410628377,0.6404319307024678,0.4907562695261421,-0.14967566117632575,0.24566658041955,0.7360588312149048,0.6243099399127914,0.142794106283759,hit,7.932315826416016,0.47634339332580566,0.0,10.0,False,-0.4706,9.93126,95.28174,110.95266,42.236,4.595,300.471,,1.0034
4655,2342807911343856805,easy,images/00004/0004655_ref.png,images/00004/0004655_search.png,869.5378,240.2355,869.490811741214,240.3520744632597,0.12568811378974404,0.23798123350274367,0.11229311971299963,0.23294072341858,0.7761134505271912,-0.0469882587859729,0.11657446325969545,hit,9.053921699523926,0.3886772394180298,0.0,10.0,False,0.9205,9.97075,122.98524,107.78878,23.185,3.405,340.187,,0.3638
118081,881093240927753000,medium,images/00118/0118081_ref.png,images/00118/0118081_search.png,598.2898,358.7902,598.0906161625247,358.92961294404455,0.2431258317796434,0.2633019067024081,0.020176074922764714,0.31482839116329386,0.8951800465583801,-0.19918383747528878,0.13941294404452265,hit,7.319845199584961,0.35144272446632385,0.0,10.0,False,2.5992,10.07415,168.63215,134.07462,99.86,7.066,212.038,,0.1886
57166,2958770334541965201,medium,images/00057/0057166_ref.png,images/00057/0057166_search.png,467.8189,355.7504,467.33177466705604,355.64356370583664,0.4987034025814479,0.6123495751973516,0.11364617261590365,0.45748584929077635,0.6536033749580383,-0.4871253329439469,-0.10683629416337226,hit,5.699767112731934,0.24781090021133423,0.0,10.0,False,-1.5525,10.11828,59.31983,75.77274,45.078,4.748,241.269,,0.5731
48580,757475373580107318,easy,images/00048/0048580_ref.png,images/00048/0048580_search.png,460.4516,528.261,460.29285890268966,528.3266658647046,0.17178690800727042,0.6062077488158046,0.4344208408085342,0.4374275248666935,0.8483437299728394,-0.15874109731032604,0.06566586470466973,hit,1.9545774459838867,0.2843457758426666,0.0,10.0,False,0.0114,9.95462,91.33986,72.7786,53.453,5.17,321.273,,0.771
915,2792370953071016093,medium,images/00000/0000915_ref.png,images/00000/0000915_search.png,550.9722,708.3611,549.5937873334426,708.4001096488317,1.3789645506785027,1.8329540089099812,0.4539894582314785,0.4611094744430834,0.6447849869728088,-1.3784126665574377,0.039009648831779486,near-miss,4.111501693725586,0.34804481267929077,0.0,10.0,False,0.3413,9.99306,142.7287,107.65614,62.59,5.594,216.187,,1.227
37307,2296994084967545564,easy,images/00037/0037307_ref.png,images/00037/0037307_search.png,256.678,213.6356,256.38773204204307,213.5509031351952,0.3023723636912764,0.39376483681499835,0.09139247312372195,0.6577941978600359,0.7400368452072144,-0.29026795795692806,-0.08469686480481187,hit,4.572778701782227,0.22054561972618103,0.0,10.0,False,0.2284,10.09396,105.40805,127.17477,34.086,4.128,316.192,,0.7729
71558,2704410192437261946,easy,images/00071/0071558_ref.png,images/00071/0071558_search.png,440.0611,851.5937,439.9606349170495,851.6769135284591,0.13045199964300333,0.43649357950048356,0.30604157985748026,0.5382514827496461,0.8813286423683167,-0.10046508295050671,0.08321352845905494,hit,6.288691520690918,0.27187132835388184,0.0,10.0,False,1.1177,10.0913,137.82287,142.7755,103.302,7.187,306.118,,0.4035
56324,2885922011657015830,easy,images/00056/0056324_ref.png,images/00056/0056324_search.png,688.715,303.9564,688.6628682385946,303.9283599332791,0.059194306220663476,0.09017955358096484,0.030985247360301366,0.038178676999908935,0.8427722454071045,-0.052131761405462385,-0.028040066720848245,hit,6.3583784103393555,0.28674641251564026,0.0,10.0,False,4.4197,9.89769,105.4642,85.45516,37.373,4.323,301.962,,0.5921
67322,1328743861496278906,easy,images/00067/0067322_ref.png,images/00067/0067322_search.png,660.0586,767.8527,660.0715862284403,767.6559163233604,0.19721170736267862,0.3937147919801909,0.19650308461751226,0.3290668709218952,0.878420889377594,0.012986228440354353,-0.19678367663959762,hit,5.018238067626953,0.2651754319667816,0.0,10.0,False,-1.172,10.09057,191.00621,146.19822,64.337,5.672,391.545,,0.7025
30603,1567085336085482059,easy,images/00030/0030603_ref.png,images/00030/0030603_search.png,212.3125,153.501,211.60603658064647,153.34776629491148,0.7228908155868576,0.8528572766177057,0.12996646103084808,0.5796464923146162,0.8634087443351746,-0.7064634193535255,-0.15323370508852463,hit,5.40775203704834,0.28917980194091797,0.0,10.0,False,-0.0644,9.80582,129.52318,140.39518,65.844,5.738,314.049,,0.2822
53813,858569127975521079,easy,images/00053/0053813_ref.png,images/00053/0053813_search.png,309.3461,656.9933,309.3285249155523,657.1655522272001,0.1731465083931938,0.10442206145303082,-0.06872444694016297,0.09377506432007797,0.850510835647583,-0.017575084447685185,0.172252227200147,hit,8.159263610839844,0.485362708568573,0.0,10.0,False,1.0843,9.95891,120.09134,102.59768,50.292,5.015,329.445,,0.9301
9078,2936775586177399802,medium,images/00009/0009078_ref.png,images/00009/0009078_search.png,167.7284,473.7118,167.4992671797545,473.6538669256444,0.23634316240996223,0.38135770970357796,0.14501454729361574,0.29925526492587007,0.811719536781311,-0.2291328202454963,-0.057933074355560166,hit,4.160635948181152,0.2783654034137726,0.0,10.0,False,-2.8249,9.97453,184.05116,155.57232,37.384,4.323,237.076,,0.5552
112587,4574406640838276976,medium,images/00112/0112587_ref.png,images/00112/0112587_search.png,398.3646,344.3539,398.52171191258054,344.32179938681594,0.16035773271504764,0.2504000491962798,0.09004231648123215,0.3335920476981107,0.883543074131012,0.1571119125805467,-0.032100613184070426,hit,7.256478309631348,0.4041748344898224,0.0,10.0,False,0.0273,9.99819,128.18028,121.68197,57.616,5.367,296.4,,0.2046
48346,1489614787556939980,medium,images/00048/0048346_ref.png,images/00048/0048346_search.png,645.8802,339.2575,645.993978863823,339.32722909645884,0.1334457820458893,0.4113806150676065,0.2779348330217172,0.2781504063853283,0.8281638026237488,0.11377886382308589,0.06972909645884329,hit,7.337960243225098,0.2766786515712738,0.0,10.0,False,-1.7416,10.03195,101.95623,98.54967,58.004,5.385,189.091,,0.8205
23449,4133411308252343455,easy,images/00023/0023449_ref.png,images/00023/0023449_search.png,322.6478,265.6786,322.45671183023006,265.69136634675823,0.19151414630669483,0.3862861726576468,0.19477202635095198,0.2723278898844457,0.9003326892852783,-0.19108816976995513,0.012766346758212421,hit,7.906644821166992,0.3586347699165344,0.0,10.0,False,-0.6462,10.031,199.8398,152.71996,77.744,6.235,391.722,,0.3669
15515,9091159651705340,medium,images/00015/0015515_ref.png,images/00015/0015515_search.png,461.1666,525.3074,461.072419987861,525.3401209206874,0.09970222333093777,0.1280034438914376,0.028301220560499843,0.03813238510896715,0.8465112447738647,-0.09418001213902016,0.032720920687324906,hit,5.879033088684082,0.3913564085960388,0.0,10.0,False,-1.9463,9.95962,110.75366,120.76235,47.514,4.874,281.474,,0.1244
43530,519152876200828523,easy,images/00043/0043530_ref.png,images/00043/0043530_search.png,500.3933,352.3536,499.9966717677346,352.36576380781605,0.39681470846047723,0.3610001465564107,-0.03581456190406651,0.2645853674775824,0.7139400839805603,-0.39662823226541377,0.012163807816079952,hit,4.789809226989746,0.3545114994049072,0.0,10.0,False,1.212,9.80117,81.43936,104.66574,51.598,5.079,429.418,,0.4325
76557,636198703042755666,easy,images/00076/0076557_ref.png,images/00076/0076557_search.png,828.1782,534.8441,827.7892565522417,534.7982880348385,0.3916321510116963,1.4135073292804774,1.0218751782687812,1.0696619916558683,0.8589558005332947,-0.3889434477582654,-0.04581196516153341,hit,3.2565879821777344,0.21588893234729767,0.0,10.0,False,-3.2587,9.99214,136.02877,140.41854,58.348,5.401,416.223,,0.6919
75260,1189735478506730012,easy,images/00075/0075260_ref.png,images/00075/0075260_search.png,828.716,785.4483,828.6104525566338,785.7682744751049,0.336933120247622,0.26706292366327655,-0.06987019658434546,0.33330318641490847,0.7982129454612732,-0.10554744336616295,0.31997447510491384,hit,5.003847122192383,0.3537411093711853,0.0,10.0,False,1.9171,10.0735,103.05605,86.74522,98.882,7.031,306.009,,0.7771
81361,2327445010114946607,medium,images/00081/0081361_ref.png,images/00081/0081361_search.png,237.7582,450.7637,238.27428643950083,450.6552553381428,0.5273570495612697,0.8015301012995998,0.27417305173833006,0.430123034617257,0.8019653558731079,0.5160864395008389,-0.10844466185716328,hit,8.747725486755371,0.33361372351646423,0.0,10.0,False,-1.7733,10.34006,138.53806,152.42479,72.727,6.03,261.913,,0.75
180219,3206502776850040725,hard,images/00180/0180219_ref.png,images/00180/0180219_search.png,510.8014,536.4569,509.7821119236943,536.4296719478075,1.0196516803914955,0.6316311288885931,-0.3880205515029024,0.4020349198112077,0.7662258148193359,-1.0192880763057133,-0.027228052192526775,near-miss,1.1614952087402344,0.14021222293376923,0.0,10.0,False,-1.699,10.20172,105.8077,98.43905,107.947,7.347,,29.283,1.1299
41236,667134191710236940,easy,images/00041/0041236_ref.png,images/00041/0041236_search.png,591.4462,302.0567,591.3376366825253,302.102674391052,0.11789672825705645,0.17610108138064032,0.058204353123583866,0.07657162800947209,0.9094418883323669,-0.10856331747470449,0.045974391052027386,hit,7.713506698608398,0.2933700680732727,0.0,10.0,False,1.2382,9.90195,187.02893,154.47218,36.855,4.293,352.153,,0.2255
33477,3614150693616188619,hard,images/00033/0033477_ref.png,images/00033/0033477_search.png,295.5806,614.1753,295.6138289490539,614.2010190197775,0.04201941257971269,0.24510369182632966,0.20308427924661698,0.2650072714965115,0.8927744626998901,0.03322894905392104,0.025719019777511676,hit,3.070802688598633,0.1270279735326767,0.0,10.0,False,-0.8778,10.18406,212.53769,159.56024,96.137,6.933,,33.529,0.9162
24826,34969906551766306,medium,images/00024/0024826_ref.png,images/00024/0024826_search.png,252.7376,337.4447,252.87364417228184,337.4154617614776,0.13915060691117356,0.19134808932856087,0.05219748241738731,0.14305168450863204,0.7736143469810486,0.1360441722818564,-0.029238238522395932,hit,4.031277656555176,0.4167969822883606,0.0,10.0,False,0.9395,9.82876,94.93374,100.15189,48.99,4.949,285.456,,0.5539
64764,1725327414414108295,easy,images/00064/0064764_ref.png,images/00064/0064764_search.png,165.9135,332.1522,165.85558352635937,332.1466569994067,0.05818112043045822,0.41125710706580615,0.35307598663534795,0.3812708177359992,0.7259480953216553,-0.05791647364063124,-0.0055430005933203574,hit,2.3721790313720703,0.30496305227279663,0.0,10.0,False,2.4979,9.8968,73.0014,83.58649,26.577,3.645,301.629,,0.4284
2300,3255040491008143316,easy,images/00002/0002300_ref.png,images/00002/0002300_search.png,767.1626,458.4856,765.9305181070886,458.46365814733514,1.2322772560339508,1.2575729293570521,0.025295673323101342,0.13813529315893971,0.658938467502594,-1.232081892911424,-0.02194185266483828,near-miss,7.252195358276367,0.4003784954547882,0.0,10.0,False,0.5122,9.79335,93.52717,76.01358,22.859,3.381,354.798,,1.7115
112336,3918123806952897418,easy,images/00112/0112336_ref.png,images/00112/0112336_search.png,427.7084,783.5673,427.8389226778791,783.5495850124273,0.13171936161946965,0.5631957905279886,0.431476428908519,0.5476062340891488,0.8722403049468994,0.13052267787912797,-0.017714987572730934,hit,7.385101318359375,0.28225821256637573,0.0,10.0,False,1.1749,10.08248,138.68248,140.8019,67.859,5.825,367.121,,0.621
158185,2278032360777579357,hard,images/00158/0158185_ref.png,images/00158/0158185_search.png,135.611,849.4897,134.0995043314747,539.9703771335182,309.52301343661236,309.49852100455007,-0.02449243206228857,0.02720157234951582,0.8421303629875183,-1.5114956685252992,-309.51932286648173,gross-miss,0.7669191360473633,0.018785320222377777,0.0,10.0,False,1.9838,9.87381,165.25167,139.89489,36.692,4.283,,25.101,1.3033
23269,2521634595821062982,hard,images/00023/0023269_ref.png,images/00023/0023269_search.png,832.2855,771.8347,830.4816320966503,771.8190597659313,1.8039357055219163,1.236270096343452,-0.5676656091784642,0.5916969239913265,0.8092982172966003,-1.8038679033496692,-0.015640234068655445,near-miss,9.120777130126953,0.2731122076511383,0.0,10.0,False,-1.7155,10.0798,88.22747,115.51594,37.992,4.358,,31.991,3.066
86700,3711867434629213265,easy,images/00086/0086700_ref.png,images/00086/0086700_search.png,575.1452,202.1926,575.4416818617566,202.2384545721226,0.300006893479426,0.5988348643419898,0.29882797086256385,0.3949828999145924,0.905939519405365,0.296481861756547,0.04585457212260735,hit,5.975246429443359,0.23018333315849304,0.0,10.0,False,-1.7885,10.01745,220.9474,167.95389,31.659,3.979,421.533,,0.7604
154116,4001727563896010074,hard,images/00154/0154116_ref.png,images/00154/0154116_search.png,408.3698,648.2371,408.77587308570446,648.1955158868157,0.40819675329781496,1.7722395333637107,1.3640427800658956,1.493307426613287,0.8455201983451843,0.4060730857044632,-0.04158411318439903,hit,0.7077436447143555,0.02631450816988945,0.0,10.0,False,1.016,9.8772,136.89427,104.76383,24.874,3.527,,23.782,0.6754
122780,2189224854169209795,easy,images/00122/0122780_ref.png,images/00122/0122780_search.png,667.7823,554.3027,667.6329141912415,554.2997564218796,0.1494148068651951,0.11806432228880633,-0.03135048457638877,0.25402095785956985,0.9075340628623962,-0.14938580875843854,-0.0029435781203801525,hit,6.876370429992676,0.30565062165260315,0.0,10.0,False,-2.3194,9.99589,154.64975,149.86904,57.552,5.364,304.945,,0.7721
96991,3289563150718835925,easy,images/00096/0096991_ref.png,images/00096/0096991_search.png,434.3587,499.5721,434.2541231324993,499.54118740590445,0.10905003296642768,0.6097443082672622,0.5006942753008345,0.5010270113665374,0.7609648108482361,-0.10457686750072526,-0.030912594095525492,hit,3.4800500869750977,0.23164917528629303,0.0,10.0,False,4.6488,9.89026,156.98044,148.1447,31.612,3.976,315.908,,0.1281
129747,3146597483372166748,easy,images/00129/0129747_ref.png,images/00129/0129747_search.png,650.7846,384.3559,651.5305004413951,384.38886903092185,0.7466287065693681,0.7652359032947866,0.01860719672541855,1.3902160945851183,0.6291723847389221,0.7459004413951789,0.032969030921833564,hit,2.866415023803711,0.29582449793815613,0.0,10.0,False,-1.4384,10.04752,68.64305,73.92369,23.38,3.419,405.624,,0.8059
61567,2930025682645710220,medium,images/00061/0061567_ref.png,images/00061/0061567_search.png,163.9478,738.2954,163.81700036822903,738.1583017731307,0.18948474208263555,0.5114405335148793,0.32195579143224373,0.3261330209351452,0.8227685689926147,-0.13079963177096943,-0.1370982268692842,hit,4.380951881408691,0.3000869154930115,0.0,10.0,False,-1.4664,9.98457,141.42877,117.34823,40.518,4.501,204.45,,0.6868
88958,662649291077801277,hard,images/00088/0088958_ref.png,images/00088/0088958_search.png,864.8405,653.8483,864.8539347090975,654.100258652402,0.2523165748197237,1.0380763437942973,0.7857597689745736,0.7903899399623735,0.9041179418563843,0.013434709097509767,0.25195865240198145,hit,0.8585834503173828,0.15121042728424072,0.0,10.0,False,-1.5908,9.91433,129.92439,156.85463,59.211,5.441,,24.556,0.9688
118275,61697067413972414,easy,images/00118/0118275_ref.png,images/00118/0118275_search.png,351.1654,582.5256,351.29804684165083,582.7220503807897,0.23703994750325838,0.26225274043904556,0.02521279293578718,0.16415656840447407,0.7018808722496033,0.13264684165085328,0.19645038078965626,hit,6.9759674072265625,0.2840898334980011,0.0,10.0,False,2.3236,9.84629,113.55737,117.06702,29.673,3.852,354.433,,0.2455
55831,3696737507697257320,easy,images/00055/0055831_ref.png,images/00055/0055831_search.png,508.8729,231.6345,508.77047573510265,231.70855919649696,0.12639420329089926,0.525122860460975,0.3987286571700758,0.6333426247731027,0.8782848715782166,-0.10242426489736545,0.07405919649696102,hit,6.414037704467773,0.3233117461204529,0.0,10.0,False,0.8689,9.93307,132.8403,157.82195,59.102,5.436,404.162,,0.2816
102483,4492398569437425655,easy,images/00102/0102483_ref.png,images/00102/0102483_search.png,824.1911,772.1193,824.0608980774919,772.119083203746,0.13020210299927532,0.5212234185442202,0.39102131554494485,0.4724553893233694,0.817546010017395,-0.13020192250814944,-0.00021679625399428915,hit,8.02440071105957,0.25865036249160767,0.0,10.0,False,2.2351,10.04688,103.70869,125.69811,25.873,3.597,326.586,,1.1726
67266,196774303319007569,easy,images/00067/0067266_ref.png,images/00067/0067266_search.png,794.9936,335.1699,794.1030467562066,335.0617056436321,0.8971014985946948,0.38252524975775926,-0.5145762488369355,0.5181674691593721,0.8628790378570557,-0.8905532437934198,-0.10819435636790331,hit,7.052759170532227,0.3033868074417114,0.0,10.0,False,1.0241,9.97425,136.45833,139.54503,96.996,6.964,400.208,,0.4446
77097,3393581034945415838,medium,images/00077/0077097_ref.png,images/00077/0077097_search.png,745.8145,363.7899,746.3680756435134,363.7196694435874,0.558012835108079,0.2555150672780253,-0.30249776783005367,0.3094381150353545,0.9021763205528259,0.5535756435134545,-0.07023055641258225,hit,5.44456672668457,0.32316842675209045,0.0,10.0,False,-3.2372,10.0123,103.61801,85.04403,68.713,5.861,248.131,,0.8546
42811,3209533732674597644,easy,images/00042/0042811_ref.png,images/00042/0042811_search.png,809.198,768.5903,809.1289526854295,768.5725455680688,0.07129341836803398,0.3690242315446128,0.2977308131765788,0.3459310357105377,0.8777392506599426,-0.06904731457052549,-0.017754431931166437,hit,5.814030647277832,0.3212033212184906,0.0,10.0,False,-1.5183,10.01776,178.27674,133.04177,44.038,4.692,344.249,,1.64
25763,2489198407554197557,easy,images/00025/0025763_ref.png,images/00025/0025763_search.png,538.0475,241.2155,538.0500785270856,241.2869132292506,0.07145976570021133,0.16256383596183188,0.09110407026162055,0.1209894656725506,0.8305379748344421,0.002578527085574933,0.07141322925059512,hit,6.598445892333984,0.4288943409919739,0.0,10.0,False,-0.1577,10.16813,79.21524,85.96545,74.872,6.119,362.531,,0.1023
58563,3890484184799418839,medium,images/00058/0058563_ref.png,images/00058/0058563_search.png,821.892,198.6491,821.8076918678642,198.4595423067471,0.20746079199600195,0.7055703133317721,0.49810952133577013,0.5552546795140015,0.7670682072639465,-0.08430813213590227,-0.18955769325290817,hit,3.369105339050293,0.3724314868450165,0.0,10.0,False,-1.4286,10.26897,96.34623,94.20517,42.14,4.59,278.782,,0.3802
34789,1257661769382719691,easy,images/00034/0034789_ref.png,images/00034/0034789_search.png,112.2079,472.8077,113.05653201507776,472.7215844133475,0.8529901472346912,0.25915890289717025,-0.593831244337521,0.5940700417270712,0.8455870151519775,0.8486320150777686,-0.08611558665251096,hit,4.205557823181152,0.2695977985858917,0.0,10.0,False,1.2823,9.87396,136.17442,119.82819,34.839,4.174,332.206,,0.335
191114,3197173639846091489,hard,images/00191/0191114_ref.png,images/00191/0191114_search.png,233.0985,194.4553,233.4574070378939,194.3888999471397,0.3649975737859282,0.4632134727036056,0.0982158989176774,0.09946754732197007,0.7137319445610046,0.35890703789388567,-0.0664000528603026,hit,5.181243896484375,0.3832087814807892,0.0,10.0,False,0.0648,9.85944,95.46442,92.61455,31.531,3.971,,27.421,0.8356
121826,4193832083330744060,easy,images/00121/0121826_ref.png,images/00121/0121826_search.png,171.0682,811.7832,172.2934924661672,811.8106237688987,1.2255993190055043,1.566647297240282,0.3410479782347777,0.4249852951941334,0.8204988837242126,1.2252924661672182,0.027423768898756862,near-miss,6.615113258361816,0.30376872420310974,0.0,10.0,False,-1.5032,10.07611,98.54187,84.16053,102.879,7.172,412.263,,0.9793
99022,3730844143428091091,medium,images/00099/0099022_ref.png,images/00099/0099022_search.png,703.8132,267.0357,703.796584255204,267.0032084509502,0.03649361224631236,0.21463372375222362,0.17814011150591125,0.24574108971491287,0.7879687547683716,-0.016615744796013132,-0.032491549049836976,hit,5.6712493896484375,0.25305601954460144,0.0,10.0,False,-4.7064,10.07982,66.45165,73.53266,33.899,4.117,259.86,,0.0654
33862,594497998284891121,easy,images/00033/0033862_ref.png,images/00033/0033862_search.png,308.042,409.5591,307.93116615955245,409.6607453800347,0.15038591513419228,0.20276494398627934,0.05237902885208706,0.3363578675805369,0.8029525876045227,-0.1108338404475262,0.1016453800347108,hit,5.29283332824707,0.36118602752685547,0.0,10.0,False,-2.6462,10.01831,110.38335,82.32415,32.101,4.006,340.962,,0.3649
39136,1089887949099505635,easy,images/00039/0039136_ref.png,images/00039/0039136_search.png,714.0369,306.7951,714.3015406514978,306.6620461981804,0.2962059901552684,0.26305990763527415,-0.033146082519994235,0.45870625542051263,0.9133327603340149,0.26464065149787075,-0.13305380181958526,hit,4.790056228637695,0.3260537087917328,0.0,10.0,False,-0.8726,10.01606,166.54524,132.03652,52.896,5.143,340.383,,0.486
146526,779340639804154523,medium,images/00146/0146526_ref.png,images/00146/0146526_search.png,595.2025,402.7915,594.3997442708663,402.8312950261816,0.8037415036973596,1.0028233603085772,0.19908185661121758,0.19937145299142778,0.7090165615081787,-0.8027557291336507,0.039795026181593585,hit,5.322778701782227,0.36211875081062317,0.0,10.0,False,1.5727,10.04433,66.02997,80.29425,77.179,6.212,185.718,,1.1302
169396,3380735364622203651,hard,images/00169/0169396_ref.png,images/00169/0169396_search.png,728.5947,569.519,50.12872362136841,66.43603004772905,844.6351613326357,842.8337824726345,-1.8013788600011367,3.1669692378122316,0.7629750967025757,-678.4659763786316,-503.08296995227096,gross-miss,0.4901132583618164,0.009163961745798588,0.0,10.0,False,-0.1212,9.77032,172.363,164.94932,33.069,4.066,,21.85,1.3074
87890,1191218714673646121,medium,images/00087/0087890_ref.png,images/00087/0087890_search.png,851.569,324.7304,850.7154475261067,324.7471861256397,0.8537175175099315,0.6662511669047313,-0.18746635060520023,0.18887758948135783,0.7438941597938538,-0.8535524738932736,0.016786125639725924,hit,8.902236938476562,0.31598225235939026,0.0,10.0,False,-2.0871,9.87259,139.6994,125.18383,35.09,4.189,232.531,,0.9891
54532,4320981467271142767,medium,images/00054/0054532_ref.png,images/00054/0054532_search.png,799.5506,423.7016,799.2900567305226,423.7794768986097,0.2719330921514949,0.9589801364661124,0.6870470443146175,0.6935196990041858,0.8154069781303406,-0.2605432694774663,0.07787689860970204,hit,6.6234130859375,0.3058090806007385,0.0,10.0,False,1.7523,9.8869,103.29183,94.11483,22.265,3.337,280.494,,0.4676
30690,1368364264644924177,medium,images/00030/0030690_ref.png,images/00030/0030690_search.png,167.5958,203.2379,167.6744923573864,203.2787797418573,0.08867716958356137,0.3595206569736287,0.27084348739006736,0.4200493022393182,0.743052065372467,0.07869235738641578,0.04087974185731014,hit,1.0265731811523438,0.17851366102695465,0.0,10.0,False,-1.219,10.04846,178.02524,146.54486,33.679,4.104,245.085,,0.2919
6348,1641535093031780687,easy,images/00006/0006348_ref.png,images/00006/0006348_search.png,219.7881,161.6226,219.10949486984387,161.52119294930702,0.6861401552193593,0.8282131017696184,0.14207294655025904,0.1654721355432162,0.8830863833427429,-0.6786051301561145,-0.10140705069298406,hit,7.725254058837891,0.3716748058795929,0.0,10.0,False,-1.5118,10.0858,137.7469,120.482,83.239,6.451,314.314,,1.1636
175062,3099263186036320265,hard,images/00175/0175062_ref.png,images/00175/0175062_search.png,684.1099,796.3298,684.235013034909,796.2971063288353,0.12931414322631427,0.41958110625738004,0.2902669630310658,0.514404509276694,0.8500951528549194,0.12511303490896353,-0.03269367116467947,hit,3.7065210342407227,0.31805503368377686,0.0,10.0,False,-1.254,9.96051,103.58006,135.89741,57.64,5.368,,27.711,0.3692
23701,1787421170303435097,easy,images/00023/0023701_ref.png,images/00023/0023701_search.png,668.9238,449.3591,668.9846355377829,449.3306057950002,0.06717799026391415,0.37374735689574784,0.3065693666318337,0.3306895127638035,0.6634501814842224,0.060835537782850224,-0.028494204999788053,hit,6.4677019119262695,0.4075414836406708,0.0,10.0,False,-1.8803,10.27847,103.53014,106.14809,31.987,3.999,339.235,,0.5249
34429,291737063742430775,easy,images/00034/0034429_ref.png,images/00034/0034429_search.png,379.6619,343.8255,379.61014506564237,343.75242586541754,0.08954553241416088,0.07810612253636903,-0.01143940987779185,0.03276918214895686,0.8008787631988525,-0.05175493435763201,-0.07307413458244127,hit,6.42569637298584,0.22943976521492004,0.0,10.0,False,0.1311,9.95159,130.45519,99.58301,37.459,4.328,389.945,,0.5072
52645,484876141541064518,easy,images/00052/0052645_ref.png,images/00052/0052645_search.png,170.2741,489.5968,169.7542545138342,489.5661252473596,0.5207497190940167,0.285328315675639,-0.2354214034183777,0.24375540517045008,0.8259751200675964,-0.5198454861657922,-0.030674752640379666,hit,5.511418342590332,0.39539840817451477,0.0,10.0,False,-0.5237,9.91729,123.8914,157.60121,24.685,3.513,380.524,,0.5946
7670,567598741236472483,easy,images/00007/0007670_ref.png,images/00007/0007670_search.png,808.4473,181.1205,810.2252338907393,181.11933728286746,1.7779342709308699,0.6597000062385293,-1.1182342646923407,1.6066097021947376,0.604766309261322,1.7779338907392912,-0.0011627171325301333,near-miss,4.160113334655762,0.3557121157646179,0.0,10.0,False,0.7194,10.04895,70.28693,83.43639,109.156,7.388,394.125,,2.2837
45080,4417267462748158598,easy,images/00045/0045080_ref.png,images/00045/0045080_search.png,865.0586,168.8515,863.1042788001872,168.79979023008883,1.9550051796201893,1.2437010407628613,-0.711304138857328,0.7863851419367284,0.7439553737640381,-1.954321199812739,-0.051709769911155945,near-miss,5.815768241882324,0.29403024911880493,0.0,10.0,False,-1.3667,10.08776,125.64669,149.82199,27.862,3.732,414.452,,2.4166
133909,1304123985513405149,medium,images/00133/0133909_ref.png,images/00133/0133909_search.png,415.8815,435.7102,415.37569730321366,435.9039292962136,0.541634016922668,0.6275163574996415,0.08588234057697353,0.1208155313723205,0.8500577211380005,-0.5058026967863611,0.19372929621363255,hit,8.001696586608887,0.2552359402179718,0.0,10.0,False,-0.0527,9.99998,147.13736,143.15324,45.037,4.745,299.586,,0.3808
8212,4538337382020502765,easy,images/00008/0008212_ref.png,images/00008/0008212_search.png,763.4851,461.8087,764.1078879435298,461.90485725050195,0.6301674693525606,0.18925587651683953,-0.4409115928357211,0.7788235961018276,0.7539246678352356,0.6227879435298291,0.09615725050196033,hit,5.8385772705078125,0.32466810941696167,0.0,10.0,False,0.595,10.01543,83.02133,88.45334,37.144,4.31,344.735,,0.6823
89020,2540618447197492798,medium,images/00089/0089020_ref.png,images/00089/0089020_search.png,422.759,672.8607,423.4787187020252,672.9741952818259,0.7286125095286266,0.7644812637678935,0.03586875423926694,1.4487167723438317,0.8254018425941467,0.7197187020252045,0.11349528182597624,hit,5.453149795532227,0.31300219893455505,0.0,10.0,False,2.674,9.98223,125.53731,155.45598,32.222,4.014,299.049,,0.8693
52683,3145523037116722491,medium,images/00052/0052683_ref.png,images/00052/0052683_search.png,179.0613,355.812,178.59431071788228,355.83720077799615,0.4676687597268212,0.7071881636880961,0.2395194039612749,0.2525112176863132,0.8026072978973389,-0.4669892821177086,0.025200777996133183,hit,4.517026901245117,0.2603819966316223,0.0,10.0,False,-0.0683,9.99356,100.18837,85.13499,30.448,3.902,171.722,,0.8232
147745,1121036300301769431,medium,images/00147/0147745_ref.png,images/00147/0147745_search.png,393.7946,123.3668,393.52348438970176,123.30355772282363,0.27839407279940315,0.1088734405470097,-0.16952063225239344,0.21514150599918294,0.8214154839515686,-0.2711156102982386,-0.06324227717637143,hit,8.14194393157959,0.34069108963012695,0.0,10.0,False,0.9706,10.03678,116.11814,150.75503,70.521,5.938,233.504,,0.299
120650,1262161614533005830,easy,images/00120/0120650_ref.png,images/00120/0120650_search.png,282.9144,595.6871,282.7768043845451,595.642943216921,0.1445073523537906,0.46822578069449605,0.3237184283407054,0.4565832648072701,0.8232679963111877,-0.13759561545492716,-0.04415678307896087,hit,6.398527145385742,0.26782897114753723,0.0,10.0,False,1.2813,10.17638,120.75248,99.73552,26.203,3.62,317.648,,0.6445
20465,1457749666031661582,hard,images/00020/0020465_ref.png,images/00020/0020465_search.png,352.995,440.1542,353.0979025786716,440.1332891380429,0.10500573720065703,0.25453920744985803,0.149533470249201,0.31796463198640534,0.883962869644165,0.10290257867160335,-0.02091086195707703,hit,4.874551773071289,0.30922743678092957,0.0,10.0,False,0.7645,10.04302,165.09532,161.39854,71.079,5.961,,23.289,1.0097
35026,930341943023187698,hard,images/00035/0035026_ref.png,images/00035/0035026_search.png,396.4894,181.0956,397.02949921915405,181.25329055257652,0.5626486265003348,0.7876516354161524,0.2250030089158176,0.6748006139092122,0.713371753692627,0.5400992191540581,0.15769055257652553,hit,6.294970512390137,0.32132238149642944,0.0,10.0,False,-1.8089,9.97343,125.61748,94.45609,50.746,5.037,,23.999,0.7224
136196,1388689384153234189,medium,images/00136/0136196_ref.png,images/00136/0136196_search.png,188.7378,539.0791,188.8685929364822,539.1294071221105,0.14013421698027115,0.7120853012907805,0.5719510843105093,0.8330257817309369,0.7157175540924072,0.1307929364822087,0.050307122110439195,hit,4.00308895111084,0.2668136954307556,0.0,10.0,False,3.161,9.84221,106.86333,80.05885,34.54,4.156,189.082,,0.1012
54049,2799589311136830679,medium,images/00054/0054049_ref.png,images/00054/0054049_search.png,429.8824,410.8375,429.80236190341145,410.9775115488988,0.16127408573781818,0.11468407012932175,-0.04659001560849643,0.2314407056998898,0.791571855545044,-0.08003809658856653,0.14001154889882628,hit,4.4210004806518555,0.34903907775878906,0.0,10.0,False,-1.9332,9.97716,66.54315,88.59286,91.83,6.776,173.881,,0.3283
156203,3672431389768852339,hard,images/00156/0156203_ref.png,images/00156/0156203_search.png,124.2361,528.2972,124.17489057414302,528.3104436799081,0.06262578439627291,0.04812019646328804,-0.01450558793298487,0.04269530540352228,0.6548851728439331,-0.061209425856972643,0.013243679908100603,hit,6.166834831237793,0.32105734944343567,0.0,10.0,False,1.5766,10.17384,75.7718,90.34734,28.558,3.779,,22.213,0.3632
72299,1382415319038301319,medium,images/00072/0072299_ref.png,images/00072/0072299_search.png,480.4112,215.5154,480.39356101406906,215.3951975667104,0.12148974768848099,0.3965413688416756,0.27505162115319465,0.27969879185826574,0.7852557897567749,-0.017638985930943818,-0.12020243328959168,hit,4.982809066772461,0.22909148037433624,0.0,10.0,False,-0.7104,10.09433,109.40846,105.87998,25.948,3.602,250.52,,0.1288
66518,1905517034357468520,easy,images/00066/0066518_ref.png,images/00066/0066518_search.png,705.1827,298.7944,705.0976858908014,298.8888961013684,0.12710984201335068,0.2720562022170461,0.1449463602036954,0.15095075123110913,0.8975610733032227,-0.08501410919859609,0.09449610136840647,hit,5.3794097900390625,0.3919235169887543,0.0,10.0,False,-0.7163,10.0325,83.50034,86.02769,70.016,5.917,334.876,,0.7362
173721,2101443421127205483,hard,images/00173/0173721_ref.png,images/00173/0173721_search.png,819.4801,780.063,819.1441322652149,779.9983434503125,0.34213270558965975,0.5412553703594084,0.19912266476974866,0.23449335048292513,0.8459047079086304,-0.335967734785072,-0.06465654968747003,hit,5.212739944458008,0.23248016834259033,0.0,10.0,False,0.7959,10.03769,77.65329,86.00894,66.742,5.777,,33.363,0.4011
22713,2646170340207572801,medium,images/00022/0022713_ref.png,images/00022/0022713_search.png,325.0479,606.1107,325.28235228534624,605.9751537750288,0.2708147950315456,0.2656810284806579,-0.005133766550887708,0.28040431709580715,0.9072218537330627,0.2344522853462081,-0.13554622497110813,hit,3.9134435653686523,0.3654721975326538,0.0,10.0,False,-1.6624,10.01143,109.56426,94.51075,107.099,7.318,195.767,,0.7575
89634,3458488894359345377,medium,images/00089/0089634_ref.png,images/00089/0089634_search.png,353.7178,552.8759,353.14212568867896,552.749619303455,0.5893621357322308,0.5487624094559611,-0.04059972627626973,0.23804100455698002,0.8553242087364197,-0.5756743113210518,-0.1262806965449954,hit,6.17188835144043,0.4499512314796448,0.0,10.0,False,0.5002,10.01026,189.7918,167.57971,98.578,7.021,234.014,,1.0689
81205,3928900102838433344,hard,images/00081/0081205_ref.png,images/00081/0081205_search.png,703.3641,603.0585,149.42398435807377,946.3406820297241,651.684208966643,650.0340283820377,-1.650180584605323,3.0012875148950577,0.3993135690689087,-553.9401156419262,343.28218202972414,gross-miss,0.9206705093383789,0.06889184564352036,0.0,10.0,False,2.1205,9.98151,127.9051,138.7212,70.999,5.958,,24.407,0.4709
96503,4248087526067345405,medium,images/00096/0096503_ref.png,images/00096/0096503_search.png,764.0653,346.6228,764.0293320638673,346.5331353014317,0.09660978521345238,0.3757977572707095,0.27918797205725715,0.2910322069317081,0.8253183960914612,-0.03596793613269256,-0.08966469856829917,hit,6.085636138916016,0.31645339727401733,0.0,10.0,False,-0.3617,9.95277,105.8494,129.12208,92.406,6.797,267.778,,0.4247
79136,3660524160352074368,medium,images/00079/0079136_ref.png,images/00079/0079136_search.png,604.1176,789.0526,604.1726293643904,789.1376284762844,0.10128214415411683,0.2695775557571233,0.16829541160300643,0.37085806225414975,0.8014800548553467,0.055029364390406954,0.08502847628437848,hit,4.229219436645508,0.2617522180080414,0.0,10.0,False,-0.9585,9.86734,139.23907,144.01739,39.861,4.464,267.149,,0.7207
136856,452980688386864678,easy,images/00136/0136856_ref.png,images/00136/0136856_search.png,750.7227,877.7432,749.0940195027504,877.8452001456324,1.6318713772324172,1.1896578703684773,-0.4422135068639399,0.4459611194410842,0.7818797826766968,-1.6286804972496611,0.10200014563235982,near-miss,6.463115692138672,0.4393886625766754,0.0,10.0,False,0.6393,9.87252,151.96707,126.26973,58.9,5.427,373.77,,2.5506
69435,1009397517201732284,easy,images/00069/0069435_ref.png,images/00069/0069435_search.png,471.7345,348.4463,471.13752837330344,348.3618458970587,0.6029159299474444,0.3569367947571045,-0.24597913519033987,0.3138322972751199,0.8262879848480225,-0.5969716266965861,-0.08445410294132216,hit,6.16932487487793,0.2510753273963928,0.0,10.0,False,-1.5014,10.07172,204.41477,156.02839,28.363,3.766,301.873,,0.6699
3231,1524738224409738388,easy,images/00003/0003231_ref.png,images/00003/0003231_search.png,292.2541,117.6574,291.73129793697456,117.64049641949276,0.5230752604908956,0.16512472170470374,-0.3579505387861919,0.5232439465455738,0.9284259676933289,-0.5228020630254377,-0.01690358050723262,hit,6.125268936157227,0.3602105677127838,0.0,10.0,False,1.0311,10.05129,146.04947,118.58168,105.327,7.257,369.11,,0.7979
5663,2451743134483784397,easy,images/00005/0005663_ref.png,images/00005/0005663_search.png,801.4257,565.0426,800.8415485183498,565.019145240643,0.5846221679432354,0.3015301403551712,-0.28309202758806423,0.4113578755280793,0.8239494562149048,-0.584151481650224,-0.023454759357036892,hit,6.4366655349731445,0.41493964195251465,0.0,10.0,False,1.1748,10.2592,104.89926,88.20369,50.735,5.037,306.696,,0.4263
70300,1378734850757606291,easy,images/00070/0070300_ref.png,images/00070/0070300_search.png,325.5845,264.3373,325.65423485403164,264.6511342416062,0.32148853956453505,0.6017527162647488,0.28026417670021375,0.28026452737395685,0.845134973526001,0.06973485403165114,0.31383424160617324,hit,6.440315246582031,0.34597665071487427,0.0,10.0,False,-0.5978,9.98515,135.23494,104.65169,40.093,4.477,409.589,,0.0707
67485,2742277856051839911,medium,images/00067/0067485_ref.png,images/00067/0067485_search.png,384.5412,574.6712,384.6519447127907,574.6830716872738,0.11137920977371234,0.380077485642313,0.2686982758686006,0.2741479434613129,0.823424756526947,0.11074471279067666,0.011871687273810494,hit,4.240259170532227,0.2828254997730255,0.0,10.0,False,-0.466,9.88348,133.37588,133.59372,38.287,4.375,215.6,,0.928
174575,3983094848837005983,hard,images/00174/0174575_ref.png,images/00174/0174575_search.png,740.6542,152.024,740.5010408197979,152.0881385743001,0.16604665366517207,0.7454895861516779,0.5794429324865058,0.5846153553695107,0.7524794340133667,-0.15315918020201025,0.06413857430010239,hit,1.3082618713378906,0.06692607700824738,0.0,10.0,False,2.0757,9.84686,127.79101,130.9893,45.97,4.794,,22.266,0.5443
107948,4176723553521034570,easy,images/00107/0107948_ref.png,images/00107/0107948_search.png,652.0969,838.2599,652.0753471116584,838.2291801084992,0.037526507027503986,0.04733609278745013,0.009809585759946143,0.04978407196528521,0.9025196433067322,-0.02155288834160274,-0.03071989150078025,hit,8.255936622619629,0.36866170167922974,0.0,10.0,False,-1.0322,9.95153,107.68875,139.1858,109.055,7.384,345.579,,0.3104
74687,2323411659533132501,easy,images/00074/0074687_ref.png,images/00074/0074687_search.png,646.14,352.4151,646.2979215801564,352.35766319076777,0.16804229388425382,0.11153527771776676,-0.056507016166487053,0.2602074287516105,0.7553573250770569,0.157921580156426,-0.057436809232228825,hit,2.0773515701293945,0.2901477813720703,0.0,10.0,False,2.0532,9.9835,90.00696,102.81025,28.115,3.749,301.865,,0.4419
86827,2543046117874899113,hard,images/00086/0086827_ref.png,images/00086/0086827_search.png,442.724,617.1588,442.50692246771405,617.154381804936,0.21712248955596064,0.7311102346482414,0.5139877450922807,0.515151623182624,0.8786700367927551,-0.2170775322859413,-0.004418195064090469,hit,5.3941497802734375,0.34916386008262634,0.0,10.0,False,0.1849,9.91337,163.07676,146.88753,53.968,5.195,,29.976,0.5507
41597,4124063220094460190,medium,images/00041/0041597_ref.png,images/00041/0041597_search.png,607.6435,131.8977,607.6796856945209,131.93965066752585,0.05540092953936278,0.32138530619398736,0.2659843766546246,0.37624918453329714,0.7492375373840332,0.036185694520895595,0.0419506675258674,hit,7.754613876342773,0.2268025279045105,0.0,10.0,False,-0.5453,10.08136,96.36227,119.82584,52.856,5.141,254.508,,0.0589
110997,346880546287464144,hard,images/00110/0110997_ref.png,images/00110/0110997_search.png,704.6562,776.5557,704.5538776175251,776.5255466295214,0.10667284427892829,0.09608289779673453,-0.01058994648219376,0.17537636585303612,0.7581271529197693,-0.10232238247488112,-0.030153370478615216,hit,7.786157608032227,0.3836018145084381,0.0,10.0,False,-0.8295,9.92478,109.03273,96.27709,82.953,6.44,,21.711,0.7745
185535,3090988358412382109,hard,images/00185/0185535_ref.png,images/00185/0185535_search.png,487.5701,857.3502,487.68832373931434,857.2748474080305,0.14019581182752208,0.4971579485187183,0.35696213669119625,0.6367864034084019,0.8470494151115417,0.11822373931431684,-0.07535259196947663,hit,6.8390655517578125,0.3405669331550598,0.0,10.0,False,3.9434,10.10294,93.38297,73.36531,77.835,6.238,,30.021,0.3288
20113,4231268013420683834,hard,images/00020/0020113_ref.png,images/00020/0020113_search.png,155.5198,380.15,155.53737593919547,380.147053857469,0.017821150199004612,0.2517876539041755,0.23396650370517091,0.26657644130773006,0.7846054434776306,0.017575939195467072,-0.0029461425309591505,hit,4.311585426330566,0.2343381643295288,0.0,10.0,False,-0.3281,10.10463,123.8646,149.57009,41.515,4.556,,20.584,0.1495
49821,2055876474429378015,hard,images/00049/0049821_ref.png,images/00049/0049821_search.png,802.8827,257.7182,588.6235868965284,875.6166509439165,653.9919443133667,653.749163677227,-0.24278063613974155,0.8055590740849935,0.6871647238731384,-214.25911310347158,617.8984509439165,periodic-lock,0.5987482070922852,0.007642595563083887,0.0,10.0,False,0.4986,10.31878,106.90298,119.24183,22.612,3.362,,22.686,0.4056
38167,1893353995581137882,easy,images/00038/0038167_ref.png,images/00038/0038167_search.png,372.6245,165.753,372.6487146865248,165.76716090974688,0.028051424355147757,0.20558471907868114,0.17753329472353338,0.18237555458035765,0.9021161198616028,0.024214686524771878,0.014160909746891548,hit,7.584275245666504,0.34698212146759033,0.0,10.0,False,0.5971,9.99991,183.42336,143.56595,38.189,4.37,419.783,,0.0148
8609,2024421896676707816,easy,images/00008/0008609_ref.png,images/00008/0008609_search.png,452.2836,632.2245,452.33677572488546,632.2601895432051,0.06404218306150479,0.057446109715776905,-0.006596073345727885,0.10666797963781224,0.9052596688270569,0.05317572488547739,0.035689543205080554,hit,8.222904205322266,0.3557400107383728,0.0,10.0,False,1.2929,9.95953,113.6238,100.31297,59.167,5.439,421.673,,0.1465
65829,1259930955056187061,hard,images/00065/0065829_ref.png,images/00065/0065829_search.png,240.7542,767.2705,240.49988040753968,767.1919324940179,0.26617909028588743,0.5918393345770103,0.3256602442911229,0.4546410543154052,0.802715003490448,-0.25431959246031965,-0.07856750598205053,hit,4.215873718261719,0.14764094352722168,0.0,10.0,False,2.7327,10.31556,192.72535,163.57267,32.025,4.002,,20.306,0.8157
94456,2273520544013646685,easy,images/00094/0094456_ref.png,images/00094/0094456_search.png,499.3533,667.6596,499.9547270372493,667.7453117177938,0.6075038927461058,0.38354025017421395,-0.22396364257189189,0.24541262735347594,0.8961684107780457,0.6014270372493229,0.08571171779385622,hit,6.993312835693359,0.24557973444461823,0.0,10.0,False,2.6347,9.93626,142.40932,130.80267,40.032,4.474,424.776,,0.2424
59202,2747555909971756007,easy,images/00059/0059202_ref.png,images/00059/0059202_search.png,702.299,479.2326,702.2217637051132,479.24748225360565,0.07865701952289017,0.3398273733686769,0.26117035384578674,0.35567976205885626,0.8157668709754944,-0.07723629488680217,0.014882253605662754,hit,3.1210737228393555,0.26698392629623413,0.0,10.0,False,-0.1681,9.77996,175.71475,145.66168,103.342,7.188,377.2,,0.4692
145405,3271360224664434593,easy,images/00145/0145405_ref.png,images/00145/0145405_search.png,368.5866,298.7,368.5471558763424,298.6741732761695,0.04714720092360955,0.1694686826645393,0.12232148174092974,0.12232492006421283,0.7144073843955994,-0.03944412365757444,-0.025826723830505216,hit,7.183662414550781,0.3426511585712433,0.0,10.0,False,-0.4678,9.90692,151.3231,119.57087,23.879,3.455,380.472,,0.2378
145541,1739071003965421475,easy,images/00145/0145541_ref.png,images/00145/0145541_search.png,378.3202,576.2426,379.54906630374444,576.17257732468,1.2308596863726984,0.8270092544730069,-0.4038504318996915,0.828976940325267,0.7142059803009033,1.2288663037444394,-0.0700226753200468,near-miss,5.937142372131348,0.3530045449733734,0.0,10.0,False,1.0774,10.16087,94.5872,73.90055,45.315,4.76,321.977,,1.35
3002,2458097241304821515,medium,images/00003/0003002_ref.png,images/00003/0003002_search.png,580.7575,607.5579,581.3462172932955,607.6786753412949,0.6009781480969052,0.7924676898097763,0.19148954171287114,0.7374361159074082,0.7350648045539856,0.5887172932954172,0.12077534129491596,hit,4.941465377807617,0.3232231140136719,0.0,10.0,False,1.2165,10.16682,136.20375,121.01473,25.837,3.594,191.348,,1.287
11799,1535777722705726393,medium,images/00011/0011799_ref.png,images/00011/0011799_search.png,762.8256,741.7746,761.5364682317289,741.6938817570492,1.2916563593738102,0.4054989196840938,-0.8861574396897164,0.8862187867001164,0.833746612071991,-1.2891317682710906,-0.08071824295075203,near-miss,5.478181838989258,0.36712971329689026,0.0,10.0,False,0.33,9.87285,198.36445,155.11595,65.762,5.734,227.959,,1.2593
180638,4189484711398184229,hard,images/00180/0180638_ref.png,images/00180/0180638_search.png,364.8993,381.9445,364.8879266454991,381.8748800587631,0.07054281969437994,0.4533940654104015,0.3828512457160216,0.469080014357879,0.7584100961685181,-0.011373354500904043,-0.06961994123690829,hit,1.9860639572143555,0.06565657258033752,0.0,10.0,False,-0.9629,9.90891,181.69024,154.02125,24.655,3.511,,28.627,0.563
43539,4388918816995684273,medium,images/00043/0043539_ref.png,images/00043/0043539_search.png,388.3605,657.7358,389.00924081026,657.5015209710335,0.6897472742318635,0.546967137385137,-0.14278013684672652,0.6036249950604832,0.7079041004180908,0.6487408102599943,-0.23427902896651176,hit,7.452054977416992,0.39991822838783264,0.0,10.0,False,-2.5942,9.87372,138.48969,137.83899,27.332,3.697,227.435,,1.2506
163114,3311736762177895033,hard,images/00163/0163114_ref.png,images/00163/0163114_search.png,768.9458,480.9544,768.4491188621577,480.90555959086896,0.499076685743196,0.5710261060983772,0.0719494203551812,0.42658015566720525,0.7431110739707947,-0.4966811378423017,-0.048840409131059914,hit,4.260961532592773,0.38465794920921326,0.0,10.0,False,-1.1818,10.09542,82.65099,77.10635,62.448,5.588,,27.047,0.5838
126777,3147312234638550104,easy,images/00126/0126777_ref.png,images/00126/0126777_search.png,191.0058,602.4566,191.0523603368133,602.4906522519049,0.05768380035991749,0.5100390618078324,0.45235526144791494,0.45983428886183136,0.7952521443367004,0.04656033681331451,0.034052251904881814,hit,8.760969161987305,0.2788516581058502,0.0,10.0,False,1.8976,10.01591,125.36499,97.28958,63.854,5.65,413.166,,0.3486
77322,39318761025673211,easy,images/00077/0077322_ref.png,images/00077/0077322_search.png,867.8377,741.5767,867.8443065770334,741.4643588803165,0.11253521240855559,0.09712762303321697,-0.01540758937533862,0.19051970503656682,0.8659089207649231,0.006606577033380745,-0.11234111968349225,hit,7.521979331970215,0.35920414328575134,0.0,10.0,False,-1.8918,9.88337,108.51335,136.40169,27.59,3.714,377.271,,0.3595
68072,4011657602912569444,medium,images/00068/0068072_ref.png,images/00068/0068072_search.png,374.5966,303.4573,374.6553139630568,303.4004368126862,0.08173586440059727,0.5509196249147821,0.4691837605141848,0.47941407095403193,0.8473909497261047,0.058713963056789,-0.05686318731375195,hit,4.931535720825195,0.22549863159656525,0.0,10.0,False,1.2445,9.80385,132.17441,118.45717,37.485,4.329,295.69,,0.072
133742,2921131732970564105,medium,images/00133/0133742_ref.png,images/00133/0133742_search.png,734.298,292.7247,734.3800247831246,292.8347608510006,0.13726418312733601,0.016630332446660182,-0.12063385068067584,0.14656147693295601,0.8422660827636719,0.08202478312455241,0.11006085100063956,hit,3.796875,0.35633087158203125,0.0,10.0,False,0.952,9.82831,151.79047,140.83008,105.648,7.268,217.433,,0.6876
2741,4107147326217247433,easy,images/00002/0002741_ref.png,images/00002/0002741_search.png,234.128,274.8536,234.2219742140881,274.8610756293767,0.0942710875510545,0.6998812632746407,0.6056101757235862,0.7750500762221157,0.8674372434616089,0.09397421408812079,0.0074756293767563875,hit,6.203747749328613,0.35283687710762024,0.0,10.0,False,-1.0309,9.88796,96.79659,95.83383,92.914,6.816,304.387,,0.8439
53069,3157829013266162256,medium,images/00053/0053069_ref.png,images/00053/0053069_search.png,285.8355,566.7168,285.89528791941154,566.694067127179,0.06396388679760226,0.43195075495406005,0.36798686815645776,0.4957843514624139,0.8128804564476013,0.0597879194115194,-0.022732872821052297,hit,4.789449691772461,0.3376908302307129,0.0,10.0,False,-0.9119,10.03813,107.75258,80.69902,83.71,6.47,286.098,,0.3132
115919,2752354810909531767,easy,images/00115/0115919_ref.png,images/00115/0115919_search.png,498.3741,224.0665,498.4926532600321,224.0009274472277,0.13547927937997664,0.33848684659655737,0.20300756721658073,0.2689950379546468,0.8891503810882568,0.1185532600321153,-0.06557255277229501,hit,6.0863189697265625,0.35154831409454346,0.0,10.0,False,0.901,9.93464,147.90578,122.34521,88.552,6.654,371.481,,0.2268
75515,4389367061154781125,easy,images/00075/0075515_ref.png,images/00075/0075515_search.png,774.2339,209.374,773.8464665014923,209.43048642877355,0.3915296060344439,0.07683236738853431,-0.3146972386459096,0.38961998808017034,0.7958472371101379,-0.3874334985076757,0.05648642877355314,hit,7.444336891174316,0.4483385384082794,0.0,10.0,False,1.5078,9.92918,107.64981,90.85818,60.98,5.522,344.544,,0.4972
18260,4002707192991114307,easy,images/00018/0018260_ref.png,images/00018/0018260_search.png,260.3737,351.7681,260.480405694583,351.8251201418176,0.1209851306125723,0.4300775587432814,0.30909242813070914,0.31384592187984817,0.8937722444534302,0.10670569458301316,0.05702014181758841,hit,7.294905662536621,0.3109871447086334,0.0,10.0,False,-0.6144,10.0722,163.77586,128.51907,67.086,5.792,368.043,,0.5626
125266,893722066193931906,medium,images/00125/0125266_ref.png,images/00125/0125266_search.png,605.9346,672.9105,605.961854060525,673.0231640798257,0.11591366915978668,0.606016226057549,0.49010255689776233,0.6931852947338788,0.7253928780555725,0.02725406052491053,0.11266407982577675,hit,8.285581588745117,0.43858420848846436,0.0,10.0,False,-2.144,9.97541,66.13215,87.89565,42.873,4.63,210.376,,0.2813
135921,3708525864793823125,easy,images/00135/0135921_ref.png,images/00135/0135921_search.png,279.8665,865.1545,279.2333610734567,865.0234530054486,0.6465587483634561,1.3120740202619041,0.6655152718984481,0.6841233791420218,0.713198721408844,-0.6331389265432676,-0.13104699455141144,hit,6.560683250427246,0.3533499538898468,0.0,10.0,False,-1.1295,9.85393,69.08634,73.74895,88.911,6.668,366.817,,1.4439
167908,3777360152667776204,hard,images/00167/0167908_ref.png,images/00167/0167908_search.png,219.9806,514.9395,699.5230262809926,141.73424335910374,607.6537683482744,607.9802368137039,0.32646846542945696,0.35382569384595935,0.748194694519043,479.5424262809926,-373.2052566408962,gross-miss,1.2993192672729492,0.09387156367301941,0.0,10.0,False,-0.5512,9.8926,126.46132,105.48485,29.432,3.836,,32.542,0.5436
130849,857207520476258111,easy,images/00130/0130849_ref.png,images/00130/0130849_search.png,776.3728,388.2305,775.0942380661502,388.31218750685485,1.2811687896081076,1.7600659073757055,0.4788971177675978,0.5381123209946519,0.7542828917503357,-1.2785619338498009,0.08168750685484838,near-miss,8.275945663452148,0.29348671436309814,0.0,10.0,False,4.358,10.12103,107.5006,124.05196,43.36,4.656,376.371,,1.3081
103083,54323092602728525,medium,images/00103/0103083_ref.png,images/00103/0103083_search.png,731.1248,157.7061,731.3956033188249,157.65516832411532,0.27555121682723965,0.9827210464253875,0.7071698295981479,0.7855658491819608,0.8226522207260132,0.27080331882484643,-0.0509316758846694,hit,6.800449371337891,0.34047752618789673,0.0,10.0,False,-1.3581,9.8026,119.65287,119.4055,22.201,3.332,293.691,,0.2366
30457,3521033659555156558,easy,images/00030/0030457_ref.png,images/00030/0030457_search.png,134.6214,732.3591,133.7927014815403,732.4825984857333,0.8378502912070428,1.0310168271017535,0.19316653589471067,0.3764766795051896,0.874830424785614,-0.8286985184597029,0.12349848573330746,hit,8.199029922485352,0.4385431110858917,0.0,10.0,False,2.1484,9.94355,146.00101,163.18373,34.456,4.151,396.605,,0.6101
101886,3633831898754053160,easy,images/00101/0101886_ref.png,images/00101/0101886_search.png,426.5307,508.2259,426.41081675706573,508.0659390919434,0.19989868444475842,0.23359287518417565,0.033694190739417235,0.39466117429655917,0.7967918515205383,-0.11988324293429287,-0.15996090805663243,hit,3.013772964477539,0.3146584928035736,0.0,10.0,False,-1.6997,9.81614,196.03371,161.26503,47.933,4.896,415.209,,0.6533
27923,1930676670121080714,medium,images/00027/0027923_ref.png,images/00027/0027923_search.png,417.2419,746.3679,417.3841843726178,746.5099295506641,0.2010403838861815,0.44198835985148854,0.24094797596530704,0.2417088597081454,0.8902435302734375,0.1422843726178371,0.1420295506641196,hit,6.068696022033691,0.32236823439598083,0.0,10.0,False,0.9839,10.08664,134.45189,164.96089,97.99,7.0,233.634,,1.0846
64107,4184906542186398805,easy,images/00064/0064107_ref.png,images/00064/0064107_search.png,251.7371,645.1258,252.0574015467899,645.0963966304515,0.32164831573755115,0.8959764512789452,0.5743281355413941,0.5745581891827198,0.7331098318099976,0.3203015467898922,-0.029403369548504088,hit,6.222014427185059,0.4492943584918976,0.0,10.0,False,0.1547,9.99077,61.76764,78.72912,29.726,3.855,367.783,,0.9913
37495,4201011806596261214,easy,images/00037/0037495_ref.png,images/00037/0037495_search.png,838.0187,604.8865,837.9516389544768,604.8891397729301,0.0671129810675875,0.2599012787186349,0.19278829765104738,0.2214882126620428,0.7390921115875244,-0.06706104552313263,0.0026397729301379513,hit,3.6975021362304688,0.39640823006629944,0.0,10.0,False,0.4681,10.01082,68.62206,88.62083,36.68,4.283,345.501,,0.8222
90244,3162604945844191398,easy,images/00090/0090244_ref.png,images/00090/0090244_search.png,831.8455,339.8252,831.738580057927,339.8082096351708,0.1082614728789451,0.7766031889411315,0.6683417160621864,0.6718128748501858,0.805551290512085,-0.10691994207297739,-0.016990364829212012,hit,5.814997673034668,0.23954488337039948,0.0,10.0,False,-0.7885,10.06064,119.83764,95.63948,91.98,6.782,355.314,,0.2607
169509,1633511580635464586,hard,images/00169/0169509_ref.png,images/00169/0169509_search.png,616.0901,600.1332,616.2526890724373,600.010534413545,0.20367143289222933,0.12396076154577532,-0.07971067134645402,0.1527782816244569,0.8896847367286682,0.16258907243729936,-0.12266558645501391,hit,4.018277168273926,0.26161566376686096,0.0,10.0,False,-0.4458,10.10013,152.20436,115.82746,89.149,6.676,,21.395,1.2282
128220,434632413608576946,easy,images/00128/0128220_ref.png,images/00128/0128220_search.png,418.9989,183.3645,418.95589768004015,183.39018548468124,0.050089356606359006,0.07984134097416161,0.029751984367802603,0.12766525581560584,0.8226215839385986,-0.0430023199598395,0.025685484681247317,hit,5.3646039962768555,0.23161141574382782,0.0,10.0,False,-0.3356,9.99475,145.6823,122.04089,23.799,3.45,393.494,,0.8716
179804,130502318133027304,hard,images/00179/0179804_ref.png,images/00179/0179804_search.png,540.8999,652.8805,539.8331578034011,652.9507939429182,1.0690557293310428,0.3840879631419985,-0.6849677661890443,0.7727537167908569,0.6758858561515808,-1.0667421965988524,0.0702939429181697,near-miss,2.313694953918457,0.078289695084095,0.0,10.0,False,0.3972,10.05857,73.48321,71.12968,78.692,6.273,,15.626,0.7234
114582,2242338164298909760,easy,images/00114/0114582_ref.png,images/00114/0114582_search.png,482.989,326.8698,482.9620987519108,326.7022965896755,0.16964984414699164,0.4518188471276007,0.28216900298060904,0.32687736376725374,0.8943193554878235,-0.02690124808918881,-0.16750341032451388,hit,7.548095703125,0.3333054184913635,0.0,10.0,False,-0.1835,10.06464,214.90755,168.84668,95.571,6.913,310.847,,0.605
135856,1079437469472673678,medium,images/00135/0135856_ref.png,images/00135/0135856_search.png,303.2972,790.7485,303.2361780282694,790.6521621164655,0.11403801488007925,0.06893965157459116,-0.045098363305488096,0.18132821623219586,0.7761965394020081,-0.061021971730554014,-0.09633788353448836,hit,5.038105010986328,0.2536282241344452,0.0,10.0,False,0.5268,10.13205,132.44484,106.34921,26.804,3.661,289.295,,1.1523
69702,1871182038800791309,medium,images/00069/0069702_ref.png,images/00069/0069702_search.png,314.1523,857.8369,313.9459532788869,857.7583054565067,0.22080777065368384,0.5351923709995077,0.31438460034582383,0.4308501386666719,0.8890244364738464,-0.20634672111310692,-0.07859454349329553,hit,7.141400337219238,0.41081663966178894,0.0,10.0,False,2.1244,9.85948,127.75863,161.54897,91.404,6.76,192.404,,1.2977
4119,2792344766158055065,medium,images/00004/0004119_ref.png,images/00004/0004119_search.png,241.3874,433.8321,241.09540054349063,433.90438554979653,0.30081370200035845,0.5960040944405142,0.2951903924401557,0.29701583778804325,0.8133165836334229,-0.2919994565093873,0.07228554979650426,hit,6.666525840759277,0.4307664632797241,0.0,10.0,False,0.1432,10.08359,140.2505,162.26894,22.546,3.357,256.105,,0.872
103071,3942417730242647092,easy,images/00103/0103071_ref.png,images/00103/0103071_search.png,626.7225,884.4935,626.4677201375035,884.5393898715138,0.25887962191190184,0.1616299440489419,-0.09724967786295993,0.2980710825333161,0.8325619101524353,-0.25477986249643436,0.04588987151373658,hit,6.524335861206055,0.298362672328949,0.0,10.0,False,2.1728,9.85025,113.45574,110.56391,36.939,4.298,420.842,,0.6623
123497,660355533960068402,easy,images/00123/0123497_ref.png,images/00123/0123497_search.png,303.9763,196.4577,303.5282407721473,196.415377640706,0.4500536120954518,0.7976371513234616,0.3475835392280098,0.6874785107726049,0.8449737429618835,-0.4480592278526956,-0.04232235929399053,hit,7.747735023498535,0.22966444492340088,0.0,10.0,False,3.0632,10.08167,143.80554,160.98756,54.873,5.238,327.952,,0.3926
25912,4199438352403990731,easy,images/00025/0025912_ref.png,images/00025/0025912_search.png,761.8736,312.2638,761.0131916613392,312.1834180285198,0.8641549459304831,0.6709037860510123,-0.19325115987947084,0.7988156020884738,0.7006798386573792,-0.8604083386608181,-0.08038197148022164,hit,6.447481155395508,0.25737038254737854,0.0,10.0,False,0.4717,9.93444,139.03214,166.72927,45.832,4.787,319.205,,0.5782
33921,1069256356875127803,easy,images/00033/0033921_ref.png,images/00033/0033921_search.png,298.3242,248.6053,298.8669661200239,248.48891634690779,0.5551037882710499,0.49088478118499945,-0.06421900708605044,0.4797560550480749,0.9140975475311279,0.5427661200238845,-0.11638365309221399,hit,6.4943084716796875,0.3357257843017578,0.0,10.0,False,0.8719,9.90378,162.14761,136.10486,67.047,5.79,401.5,,0.853
114749,355408544883292761,medium,images/00114/0114749_ref.png,images/00114/0114749_search.png,565.4995,171.3989,565.6251984103628,171.6745232882432,0.3029328100251451,0.3990485467167963,0.09611573669165119,0.6654029353915931,0.8598744869232178,0.1256984103628156,0.27562328824319593,hit,6.541339874267578,0.31711384654045105,0.0,10.0,False,-1.5709,10.13115,191.483,144.8477,92.828,6.813,231.157,,0.3792
7820,159291026542901504,hard,images/00007/0007820_ref.png,images/00007/0007820_search.png,174.0118,403.0486,173.221054495501,402.8565098698003,0.8137426319208876,0.6253923576978512,-0.1883502742230364,0.23195086975672422,0.8065369129180908,-0.7907455044990002,-0.19209013019974464,hit,5.695418357849121,0.371284544467926,0.0,10.0,False,-1.3855,9.82356,175.10347,130.60146,64.446,5.677,,29.491,1.2428
73610,3464386460847818406,easy,images/00073/0073610_ref.png,images/00073/0073610_search.png,268.3652,169.0859,268.5952359579146,169.0901207015059,0.2300746753879857,0.5692600027221224,0.3391853273341367,0.4619835653526905,0.9024538993835449,0.23003595791459475,0.004220701505886382,hit,5.8033246994018555,0.39866769313812256,0.0,10.0,False,0.9741,9.87885,110.7544,101.03592,106.278,7.29,354.552,,0.2064
91022,2856293408304255192,medium,images/00091/0091022_ref.png,images/00091/0091022_search.png,642.8648,276.5893,643.5711090964602,276.5307386337998,0.7087326529473024,0.7084362365788901,-0.0002964163684122667,0.2766158127771318,0.818717360496521,0.7063090964602452,-0.0585613662001947,hit,7.128391265869141,0.3151635229587555,0.0,10.0,False,-0.6599,10.0674,82.06176,72.47992,91.891,6.778,172.882,,1.4375
195178,903775053772599195,hard,images/00195/0195178_ref.png,images/00195/0195178_search.png,403.5064,116.0909,403.55239721367207,116.13789116811462,0.06575647151703881,1.7245517738363498,1.658795302319311,1.6914089992648234,0.8061540126800537,0.04599721367208076,0.04699116811461579,hit,5.479776382446289,0.18720507621765137,0.0,10.0,False,1.756,9.8888,110.35438,146.99836,44.872,4.737,,31.262,0.2827
56591,3440618186752069334,easy,images/00056/0056591_ref.png,images/00056/0056591_search.png,142.9773,208.9992,142.8383452448207,208.95149426708807,0.14691582943853163,0.5761229177053799,0.4292070882668483,0.722189199945514,0.7273048758506775,-0.1389547551793271,-0.04770573291193614,hit,8.17589282989502,0.3081323206424713,0.0,10.0,False,0.8793,10.00031,91.39163,109.18448,23.216,3.407,398.7,,0.0897
141684,2769765060329320585,medium,images/00141/0141684_ref.png,images/00141/0141684_search.png,858.3671,141.0434,857.8317256256317,141.09499792016163,0.5378550604905177,0.5846880386078808,0.04683297811736309,0.6249235384114389,0.7399821877479553,-0.5353743743683026,0.05159792016164033,hit,5.664129257202148,0.2940657138824463,0.0,10.0,False,-0.9855,9.94362,193.47841,156.18041,26.445,3.636,248.813,,0.4793
12296,675674865747450579,medium,images/00012/0012296_ref.png,images/00012/0012296_search.png,313.0254,707.0393,312.8416543611943,706.9802413909885,0.19300357270915428,0.6741777679428999,0.4811741952337456,0.714568842371029,0.863880455493927,-0.1837456388057035,-0.059058609011572116,hit,7.346774101257324,0.2899515926837921,0.0,10.0,False,-0.8349,10.05405,153.18775,140.7364,87.991,6.633,255.706,,0.8011
15490,3065630038888311492,hard,images/00015/0015490_ref.png,images/00015/0015490_search.png,682.7399,547.7244,683.0457217263637,547.7022456366196,0.3066231304595864,0.22554818195366338,-0.081074948505923,0.4385282841279722,0.683066189289093,0.3058217263636607,-0.022154363380309405,hit,1.397364616394043,0.13048473000526428,0.0,10.0,False,-0.0621,9.85658,81.63003,102.03791,63.515,5.635,,26.399,0.1559
33792,849110723942797891,easy,images/00033/0033792_ref.png,images/00033/0033792_search.png,589.8109,431.6515,589.6698446526617,431.6379024513472,0.1417092246188515,0.2391498525689929,0.09744062795014141,0.09814432593313886,0.7835443615913391,-0.14105534733823788,-0.013597548652796831,hit,7.145345687866211,0.3003878891468048,0.0,10.0,False,3.979,10.03966,88.01486,114.32173,56.908,5.334,371.628,,0.3009
157697,4201649873648582382,hard,images/00157/0157697_ref.png,images/00157/0157697_search.png,527.0921,751.0375,755.8973916337648,575.1218858957291,288.6142144200367,290.4325810128004,1.8183665927637094,3.000106632381227,0.6676077246665955,228.8052916337648,-175.91561410427096,periodic-lock,0.8779582977294922,0.04809602349996567,0.0,10.0,False,-0.8516,10.16015,119.92707,124.73983,59.14,5.438,,15.988,0.6418
111325,895287463317251526,easy,images/00111/0111325_ref.png,images/00111/0111325_search.png,113.5128,734.2604,113.7287765219691,734.2824355888985,0.21709773195491872,0.5071620016769759,0.2900642697220572,0.38847879017087383,0.8361368775367737,0.21597652196909678,0.022035588898461356,hit,4.899288177490234,0.4522648751735687,0.0,10.0,False,1.4572,9.93551,72.32725,82.63634,73.285,6.053,315.263,,0.4807
41746,732921112927607842,hard,images/00041/0041746_ref.png,images/00041/0041746_search.png,287.2959,407.6876,287.6446460205527,407.8404788883077,0.38078306335964734,0.6192569624736817,0.23847389911403433,0.26183516726970174,0.5052648782730103,0.34874602055271,0.15287888830772545,hit,4.5709381103515625,0.17577104270458221,0.0,10.0,False,-1.0718,9.83653,111.58816,83.17526,25.992,3.605,,31.037,0.5837
111964,1366163553691593096,medium,images/00111/0111964_ref.png,images/00111/0111964_search.png,813.573,511.4702,813.5642196866712,511.6118600514738,0.14193189946490856,0.23603949088527898,0.09410759142037042,0.11417607038144054,0.7462009787559509,-0.008780313328770717,0.14166005147382066,hit,8.220538139343262,0.2890672981739044,0.0,10.0,False,-3.0785,9.96732,121.00148,148.8355,25.206,3.55,180.59,,0.2276
72711,333612493567603547,medium,images/00072/0072711_ref.png,images/00072/0072711_search.png,232.9942,298.4589,232.6862768231852,298.50371133005206,0.31116673684818574,0.4738065836513316,0.16263984680314586,0.2516486434169419,0.8356390595436096,-0.3079231768147963,0.04481133005202764,hit,5.754395484924316,0.3437061607837677,0.0,10.0,False,-0.5899,10.1124,146.65806,123.92798,30.039,3.875,297.502,,0.2054
66120,40407216641436484,easy,images/00066/0066120_ref.png,images/00066/0066120_search.png,210.2243,726.997,210.1170602535412,727.1642907913364,0.19871228468948035,0.47717562088695703,0.27846333619747665,0.6678655620454732,0.7411529421806335,-0.10723974645878798,0.167290791336427,hit,3.5088558197021484,0.32841914892196655,0.0,10.0,False,-2.3225,9.8708,115.35413,93.92403,26.637,3.649,417.427,,0.6116
27905,2054981130999148230,easy,images/00027/0027905_ref.png,images/00027/0027905_search.png,248.3679,747.9501,248.17877152737773,747.9111401317222,0.1930995869820962,0.17003589072886258,-0.023063696253233623,0.22438126014632762,0.806638240814209,-0.18912847262225796,-0.03895986827785691,hit,4.915230751037598,0.29567059874534607,0.0,10.0,False,-0.4835,9.80363,111.91968,108.80517,67.251,5.799,398.201,,0.1157
149898,1499296890683600257,easy,images/00149/0149898_ref.png,images/00149/0149898_search.png,190.6453,136.0359,189.96825469304767,136.0226457177995,0.6771750317774686,0.7507946418886045,0.07361961011113582,0.15382242152243172,0.8572889566421509,-0.6770453069523228,-0.013254282200506395,hit,7.1988019943237305,0.3167669475078583,0.0,10.0,False,-0.9635,9.97443,163.06562,155.84872,33.862,4.115,419.912,,0.6286
10361,1768243685490740465,easy,images/00010/0010361_ref.png,images/00010/0010361_search.png,640.8282,342.2679,641.7847503368088,342.4177322695106,0.9682139514774631,1.0402886810478615,0.0720747295703984,0.07207483884223029,0.878891110420227,0.956550336808732,0.14983226951062534,hit,7.997203826904297,0.32830163836479187,0.0,10.0,False,-0.646,10.06274,183.73168,165.46055,77.31,6.217,398.682,,1.027
109881,3105953724460936069,easy,images/00109/0109881_ref.png,images/00109/0109881_search.png,349.8082,199.0902,945.1590168476105,900.5148007255048,920.0212310724415,919.6850672489924,-0.3361638234491693,4.242640687119285,0.30244195461273193,595.3508168476105,701.4246007255048,gross-miss,0.040518760681152344,0.014086982235312462,0.0,10.0,False,-0.595,9.99461,151.78301,165.94687,30.416,3.9,314.701,,1.4996
43405,4189849432727245826,hard,images/00043/0043405_ref.png,images/00043/0043405_search.png,735.7819,352.4785,56.917054253326576,862.0103264770752,848.8110278405429,849.4674886106968,0.6564607701538989,0.7848123069787682,0.7361592650413513,-678.8648457466734,509.5318264770752,gross-miss,0.10306167602539062,0.001764899119734764,0.0,10.0,False,-2.9192,9.89402,128.58248,153.85195,30.807,3.925,,15.504,0.5969
20924,1706028259767964305,easy,images/00020/0020924_ref.png,images/00020/0020924_search.png,704.3514,521.2469,704.4520007693477,521.1666487670594,0.1286886754218369,0.09340346100574005,-0.03528521441609685,0.18428859738748152,0.7378594875335693,0.10060076934769313,-0.08025123294055447,hit,2.5680627822875977,0.37091150879859924,0.0,10.0,False,-0.6164,10.12443,83.0293,95.52992,55.541,5.27,383.078,,0.7903
30980,4422473740207363805,easy,images/00030/0030980_ref.png,images/00030/0030980_search.png,680.4359,267.8255,680.430620930108,267.9579722701556,0.1325774148907355,0.3995436016992194,0.2669661868084839,0.5080197520953278,0.8085492849349976,-0.005279069891912513,0.13247227015563112,hit,5.757061004638672,0.23980441689491272,0.0,10.0,False,-4.5699,10.02025,141.10283,150.42245,66.526,5.767,382.383,,0.3185
67381,804152454622397625,medium,images/00067/0067381_ref.png,images/00067/0067381_search.png,794.4633,265.1229,794.2345934494043,265.1173295128013,0.2287743792757606,0.43971796608660574,0.21094358681084513,0.6255936525035208,0.814961850643158,-0.2287065505956889,-0.00557048719872455,hit,7.2790327072143555,0.40554019808769226,0.0,10.0,False,1.6096,9.79987,119.98654,116.03151,23.5,3.428,223.036,,0.3976
72701,3708358129893178427,easy,images/00072/0072701_ref.png,images/00072/0072701_search.png,390.7272,408.2361,389.7527601898806,408.05702673150887,0.9907573764719843,0.9260797128960869,-0.06467766357589733,0.5545497390017361,0.7167544364929199,-0.9744398101194065,-0.1790732684911518,hit,5.916163444519043,0.3364030718803406,0.0,10.0,False,-3.4709,9.83774,121.32047,90.07431,32.292,4.018,401.018,,0.9221
88164,3603771077900706133,medium,images/00088/0088164_ref.png,images/00088/0088164_search.png,611.6123,343.7262,611.1286927350865,343.7948257956973,0.4884521332866028,1.5012901558307266,1.0128380225441238,1.016634194892331,0.8469998240470886,-0.48360726491353034,0.06862579569730087,hit,7.108367919921875,0.2962123453617096,0.0,10.0,False,-3.0287,10.17619,111.95443,88.93522,45.981,4.795,210.953,,0.6853
118239,1370535315110480654,hard,images/00118/0118239_ref.png,images/00118/0118239_search.png,618.6053,704.3187,949.5488357952321,885.5390622615814,377.3121301825172,375.0790738277709,-2.2330563547462816,3.135121108547264,0.5037350058555603,330.94353579523204,181.22036226158139,periodic-lock,0.09342384338378906,0.045159369707107544,0.0,10.0,False,-0.1843,10.04373,96.69095,105.43052,38.874,4.409,,24.516,0.7753
66615,3265181883674132895,easy,images/00066/0066615_ref.png,images/00066/0066615_search.png,496.3204,858.2949,495.4911571432334,858.5374320525943,0.863982356321042,0.4303052093769373,-0.43367714694410475,0.43850432549005663,0.7921304702758789,-0.8292428567665979,0.24253205259435617,hit,8.440814018249512,0.27777791023254395,0.0,10.0,False,-3.5924,10.16587,156.08182,161.63792,87.878,6.629,411.995,,0.4229
44258,968344755813244812,hard,images/00044/0044258_ref.png,images/00044/0044258_search.png,874.2773,811.4282,874.0677555130891,811.274569034261,0.2598294933771242,1.2253309253169278,0.9655014319398036,1.1525785847113301,0.796520471572876,-0.209544486910886,-0.15363096573889834,hit,4.02463436126709,0.2679234445095062,0.0,10.0,False,0.2481,9.96692,121.33198,137.1785,40.956,4.525,,15.854,1.0034
27790,719365358763051084,medium,images/00027/0027790_ref.png,images/00027/0027790_search.png,309.6059,208.6674,309.0744885240866,208.67427331365107,0.5314559240172708,0.6252484021496796,0.09379247813240876,0.27418485474671556,0.8599768877029419,-0.5314114759134441,0.006873313651084345,hit,1.0101795196533203,0.15282540023326874,0.0,10.0,False,0.4684,9.85989,185.16255,141.1322,108.787,7.375,204.985,,1.3907
37423,269899818827576224,medium,images/00037/0037423_ref.png,images/00037/0037423_search.png,416.4019,788.2192,416.5453502746106,788.2977510478373,0.16354891745956002,0.7816881809030211,0.618139263443461,0.6906672026839906,0.8047374486923218,0.14345027461058635,0.07855104783732259,hit,8.234556198120117,0.3470524847507477,0.0,10.0,False,0.7306,10.15464,134.83785,165.64794,89.542,6.691,291.936,,0.5866
7340,4075437100945280045,easy,images/00007/0007340_ref.png,images/00007/0007340_search.png,280.3229,144.7054,279.918087559087,144.7787044992923,0.41139599163634616,0.5642975967894647,0.1529016051531185,0.9755094666103632,0.8564867377281189,-0.4048124409130196,0.07330449929230554,hit,9.254103660583496,0.3500126600265503,0.0,10.0,False,3.0761,10.04439,192.3362,149.09299,49.099,4.955,398.313,,0.4788
56626,4018235049965612803,easy,images/00056/0056626_ref.png,images/00056/0056626_search.png,622.4475,281.7496,621.0830824126571,281.7981887979172,1.3652824703824973,1.1837236531852378,-0.18155881719725953,0.1843192795130076,0.8827417492866516,-1.3644175873429276,0.04858879791720483,near-miss,4.061728477478027,0.3647570013999939,0.0,10.0,False,-0.3992,10.02388,116.61268,86.80297,47.592,4.878,414.31,,1.6584
24089,4299466877512573666,easy,images/00024/0024089_ref.png,images/00024/0024089_search.png,488.6346,344.4128,488.73875147389066,344.44193457994,0.1081496798972619,0.3308377650813102,0.22268808518404828,0.30349086781055795,0.8395655751228333,0.10415147389068125,0.02913457993997781,hit,6.798356056213379,0.37360021471977234,0.0,10.0,False,-1.9609,10.00705,122.4729,120.05369,39.302,4.433,408.198,,0.5524
102916,1879770349080634300,easy,images/00102/0102916_ref.png,images/00102/0102916_search.png,424.2371,861.1549,426.6954363193049,861.1860324424938,2.458533442479335,2.1804151212133047,-0.2781183212660303,0.3611484884874881,0.5981858968734741,2.4583363193049195,0.031132442493799317,near-miss,2.947141647338867,0.09842836856842041,0.0,10.0,False,-1.0104,9.95288,60.90167,76.72496,44.281,4.705,404.86,,2.0903
11591,2500990367051243347,medium,images/00011/0011591_ref.png,images/00011/0011591_search.png,231.6992,605.0611,232.4056997173785,604.961792888791,0.7134449894649081,0.5857334214551583,-0.1277115680097498,0.15256102677389038,0.8210155963897705,0.7064997173785059,-0.0993071112089865,hit,6.383009910583496,0.2829245626926422,0.0,10.0,False,-0.2476,10.10623,185.53125,152.05601,53.674,5.18,186.165,,1.2641
68528,201083795855946488,easy,images/00068/0068528_ref.png,images/00068/0068528_search.png,679.9251,443.2227,680.0729719814443,443.05808931805626,0.22127539290718368,0.05211624631595791,-0.16915914659122577,0.26963425403554586,0.8688821792602539,0.14787198144426839,-0.16461068194371364,hit,7.198848724365234,0.21164575219154358,0.0,10.0,False,2.5099,9.96533,143.6742,128.57849,41.676,4.565,409.644,,0.2974
30110,3963260673433240923,medium,images/00030/0030110_ref.png,images/00030/0030110_search.png,846.0181,520.9571,845.9298293637459,521.0073073769098,0.10155041073712744,0.6128555200547462,0.5113051093176187,0.5417795211316447,0.8123393654823303,-0.08827063625415121,0.050207376909838786,hit,3.9533767700195312,0.3789735436439514,0.0,10.0,False,-4.5405,9.9339,76.40988,96.03389,70.628,5.943,200.444,,0.5832
173056,4055198503851391043,hard,images/00173/0173056_ref.png,images/00173/0173056_search.png,146.5227,758.9692,146.1026780018818,758.8169017522496,0.4467809700189163,0.46096074160237777,0.014179771583461453,0.16151831546683446,0.5845308303833008,-0.4200219981181874,-0.1522982477504229,hit,5.910512924194336,0.31248876452445984,0.0,10.0,False,-1.3611,10.21055,82.70987,79.70542,22.222,3.333,,28.196,0.7307
133216,2085795425567608321,medium,images/00133/0133216_ref.png,images/00133/0133216_search.png,561.3935,234.626,561.4347693980369,234.46743940977697,0.16384329094047043,0.32067196640410855,0.15682867546363813,0.40015573085061273,0.835658073425293,0.04126939803688856,-0.1585605902230327,hit,7.209429740905762,0.40566885471343994,0.0,10.0,False,0.7606,10.06411,87.24813,75.05675,42.192,4.593,265.091,,0.2404
84263,3016425822281267768,easy,images/00084/0084263_ref.png,images/00084/0084263_search.png,705.2305,882.6401,705.208170016639,882.4733367338966,0.16825164212675492,0.07805444870621674,-0.09019719342053818,0.19763088567693476,0.8359408974647522,-0.022329983361032646,-0.1667632661033167,hit,7.398037910461426,0.41437047719955444,0.0,10.0,False,0.0398,9.92775,106.40822,122.43807,35.505,4.213,317.72,,0.7124
54679,4506126406400314388,medium,images/00054/0054679_ref.png,images/00054/0054679_search.png,445.6234,751.5316,445.4683580861994,751.5592061117006,0.1574804509715047,0.5931643801323749,0.43568392916087023,0.43599598944835816,0.8277310729026794,-0.15504191380063048,0.02760611170060656,hit,6.326508522033691,0.2940002381801605,0.0,10.0,False,3.7191,9.96951,129.04005,139.43179,57.994,5.385,172.684,,0.6448
189148,3046801337411589047,hard,images/00189/0189148_ref.png,images/00189/0189148_search.png,319.6624,701.2045,320.1820692071967,701.0804708936297,0.5342652001913517,0.5397690742630268,0.0055038740716750745,0.10057631910081886,0.8502130508422852,0.5196692071967277,-0.12402910637035802,hit,5.956325531005859,0.2993473410606384,0.0,10.0,False,0.2055,10.06444,164.40253,145.68638,60.301,5.491,,31.963,1.1852
89342,1519169162451720010,medium,images/00089/0089342_ref.png,images/00089/0089342_search.png,286.0998,579.4238,285.89516477932006,579.2913729653309,0.24374678060233004,0.22996907323543986,-0.013777707366890185,0.45255819148979143,0.7470516562461853,-0.2046352206799611,-0.13242703466914918,hit,7.586421966552734,0.26014405488967896,0.0,10.0,False,-1.8013,9.97413,188.07509,160.64179,32.311,4.019,198.784,,0.524
137594,721576174272647509,easy,images/00137/0137594_ref.png,images/00137/0137594_search.png,738.091,565.4038,738.1528571537027,565.3180700968817,0.10571624167025523,0.5630368572574818,0.45732061558722653,0.6153380605153443,0.8601058125495911,0.06185715370270373,-0.08572990311836293,hit,6.564396858215332,0.41878631711006165,0.0,10.0,False,-2.9712,10.04327,101.48371,95.35373,90.854,6.74,349.633,,0.0437
8302,495029944792007238,easy,images/00008/0008302_ref.png,images/00008/0008302_search.png,528.0427,149.2218,527.8798280658157,149.15086752584705,0.17764763672616904,0.4034583539387785,0.22581071721260945,0.49851164925419567,0.8491029739379883,-0.16287193418429524,-0.07093247415295423,hit,5.6093597412109375,0.33830726146698,0.0,10.0,False,0.9784,10.0116,127.04196,95.16594,40.123,4.479,415.172,,0.1571
110913,1702852476695178477,medium,images/00110/0110913_ref.png,images/00110/0110913_search.png,764.0673,714.0791,764.0783203591095,714.0574252497452,0.02431549122499397,0.10856076515079026,0.08424527392579628,0.09295365175153705,0.8543552756309509,0.011020359109465971,-0.021674750254874198,hit,7.928844451904297,0.3567349910736084,0.0,10.0,False,-0.3648,10.13244,143.70433,115.8735,41.631,4.562,185.537,,0.6069
44686,1091401431528662513,hard,images/00044/0044686_ref.png,images/00044/0044686_search.png,603.3295,550.2082,602.7313210021593,550.3574563566543,0.6165189157352945,0.8184555166950339,0.20193660095973942,0.48423683853358596,0.8921590447425842,-0.598178997840705,0.14925635665429127,hit,1.3319263458251953,0.24628965556621552,0.0,10.0,False,-0.0624,10.1161,140.62047,122.31957,54.431,5.217,,20.251,0.9506
197416,3401032067552549259,hard,images/00197/0197416_ref.png,images/00197/0197416_search.png,414.0622,652.2048,413.4928753169375,652.238758145063,0.570336523782546,0.11181785928439321,-0.45851866449815276,0.4707072268124064,0.8755804300308228,-0.5693246830625185,0.03395814506302486,hit,5.407329559326172,0.3917514383792877,0.0,10.0,False,1.7185,9.91653,89.73241,83.65245,102.247,7.15,,16.107,0.6532
114178,229019703655111370,easy,images/00114/0114178_ref.png,images/00114/0114178_search.png,781.2422,770.7686,781.2989050607162,770.6163592344685,0.1624583472783985,0.5833000687300305,0.420841721451632,0.6259087108364978,0.8552603125572205,0.056705060716126354,-0.1522407655314737,hit,6.697064399719238,0.395676851272583,0.0,10.0,False,0.5261,9.89928,95.75593,101.20218,85.716,6.547,354.165,,0.4299
33974,1679950827103739356,hard,images/00033/0033974_ref.png,images/00033/0033974_search.png,315.7145,300.9788,130.7502762685883,386.8390732155643,203.92094197804963,203.68747332711405,-0.23346865093557767,0.25378010897032754,0.8673955798149109,-184.9642237314117,85.86027321556435,periodic-lock,0.7215652465820312,0.08025649935007095,0.0,10.0,False,0.5996,9.8889,108.73766,121.16411,82.197,6.411,,16.722,0.1771
27970,204044775560731336,easy,images/00027/0027970_ref.png,images/00027/0027970_search.png,501.3876,706.8602,501.16888742962755,706.803213096374,0.2260148128415812,0.21747164411115563,-0.008543168730425571,0.38713365714671716,0.652637243270874,-0.2187125703724746,-0.056986903626011554,hit,7.115749359130859,0.36650577187538147,0.0,10.0,False,-0.6326,10.10632,84.45785,107.60152,35.831,4.233,330.532,,0.6286
157072,2739352911579095288,hard,images/00157/0157072_ref.png,images/00157/0157072_search.png,278.7386,662.1688,278.61113226001515,662.3170532885642,0.19551742200364394,0.6047656163841063,0.40924819438046234,0.7771855418963286,0.6493515968322754,-0.1274677399848656,0.14825328856420583,hit,2.2317981719970703,0.2973482608795166,0.0,10.0,False,-0.703,10.00762,116.51644,91.22885,88.813,6.664,,28.178,0.309
110712,3607629277612526734,medium,images/00110/0110712_ref.png,images/00110/0110712_search.png,815.0472,341.5177,814.8293105152757,341.4278207021225,0.2356992060664884,0.9240969212324306,0.6883977151659422,0.9822201093056908,0.676849365234375,-0.21788948472431002,-0.08987929787747362,hit,7.745943069458008,0.2975916862487793,0.0,10.0,False,-1.6596,9.81722,108.8593,104.69199,26.028,3.607,256.664,,0.5686
72680,2218145574045588830,hard,images/00072/0072680_ref.png,images/00072/0072680_search.png,549.2326,833.7137,549.0462833198926,833.6217075728142,0.2077895857491237,0.5247926334651375,0.3170030477160138,0.3510933721730317,0.8323102593421936,-0.18631668010743851,-0.0919924271858008,hit,0.7312688827514648,0.07544781267642975,0.0,10.0,False,-1.7311,9.94949,179.93866,149.47409,50.548,5.027,,21.611,1.0263
64513,1674640823637309291,hard,images/00064/0064513_ref.png,images/00064/0064513_search.png,387.4294,654.19,387.4110322415251,654.1023386474895,0.08956498911607814,0.3017091108019631,0.21214412168588498,0.39004783894358347,0.7671585083007812,-0.018367758474880702,-0.08766135251050855,hit,1.934926986694336,0.1052166000008583,0.0,10.0,False,0.6886,9.9536,165.06397,150.87951,29.731,3.856,,31.728,0.2534
113390,270606986488111906,easy,images/00113/0113390_ref.png,images/00113/0113390_search.png,760.7066,855.4558,761.5319046896832,855.074395025607,0.9091741226545995,0.49372547593982974,-0.4154486467147698,0.4262731887151441,0.6075047254562378,0.8253046896832075,-0.38140497439292176,hit,6.86993408203125,0.28262078762054443,0.0,10.0,False,2.1305,9.9304,88.74478,93.93034,24.589,3.506,356.895,,0.5071
175975,4328883600957339478,hard,images/00175/0175975_ref.png,images/00175/0175975_search.png,202.3374,511.107,202.26144894634442,511.1895676434295,0.11218724656968654,0.8727857676189071,0.7605985210492205,0.7786697093691997,0.8582985401153564,-0.07595105365558652,0.08256764342945644,hit,7.098363876342773,0.29128652811050415,0.0,10.0,False,-2.5797,10.10428,89.64564,114.63192,58.161,5.393,,22.007,0.8358
111816,3686136901127659755,hard,images/00111/0111816_ref.png,images/00111/0111816_search.png,703.6355,300.0889,703.7404626167425,300.07367217140745,0.10606148064727403,0.4973097356200012,0.3912482549727272,0.3941453472006315,0.8650362491607666,0.10496261674256857,-0.015227828592571768,hit,3.8520898818969727,0.17676208913326263,0.0,10.0,False,1.5414,10.05168,161.24966,123.86584,22.948,3.387,,24.207,0.4619
86659,2769415436555558527,easy,images/00086/0086659_ref.png,images/00086/0086659_search.png,271.9531,629.0002,271.4738744223787,628.8540503947316,0.5010158294570846,0.47474836965643685,-0.026267459800647708,0.6433221935089684,0.7968568801879883,-0.479225577621321,-0.146149605268306,hit,5.880889892578125,0.3121519386768341,0.0,10.0,False,0.4432,9.92924,122.67516,96.45965,33.696,4.105,337.123,,0.4725
91566,4207088174173636508,easy,images/00091/0091566_ref.png,images/00091/0091566_search.png,188.5419,645.9406,189.15874911206222,645.8987036207144,0.6182702755666015,1.8724394620222071,1.2541691864556057,1.5660897954498818,0.738319993019104,0.6168491120622264,-0.04189637928561751,hit,2.9310379028320312,0.07098477333784103,0.0,10.0,False,2.079,10.04316,138.61114,166.96604,24.83,3.523,414.284,,1.4242
39956,1100278486361527620,hard,images/00039/0039956_ref.png,images/00039/0039956_search.png,499.4793,116.6292,499.60351300505107,116.60725020457348,0.12613748111912476,1.0994619902045821,0.9733245090854574,1.0765930388316383,0.8730787038803101,0.12421300505104682,-0.0219497954265222,hit,3.8254222869873047,0.17483407258987427,0.0,10.0,False,-1.5761,9.94045,123.50187,93.15514,71.751,5.99,,14.053,0.5568
27162,2013234035710101848,easy,images/00027/0027162_ref.png,images/00027/0027162_search.png,286.865,354.5063,287.1682155468515,354.4780852933472,0.30452543001194726,0.12242024342110763,-0.18210518659083963,0.4264374470335534,0.7446866035461426,0.3032155468515043,-0.028214706652818222,hit,3.6213855743408203,0.23688070476055145,0.0,10.0,False,-1.3362,9.98068,126.97822,112.5329,32.982,4.061,367.684,,0.8391
126032,2970715544745063022,hard,images/00126/0126032_ref.png,images/00126/0126032_search.png,249.1876,158.4686,866.1234696209431,656.5565161067287,792.9069550688106,794.9835713000525,2.0766162312419283,3.028559227639202,0.6275899410247803,616.9358696209431,498.0879161067287,gross-miss,0.4300365447998047,0.009453646838665009,0.0,10.0,False,0.6123,9.90039,69.8785,83.51027,36.123,4.25,,25.975,0.4923
4210,2841195120470132429,medium,images/00004/0004210_ref.png,images/00004/0004210_search.png,310.7544,788.7406,310.9990492482805,788.752025533489,0.24491589883008558,0.2790707087136015,0.034154809883515935,0.4969112362709812,0.815443217754364,0.24464924828055246,0.011425533489045847,hit,4.972578048706055,0.34508997201919556,0.0,10.0,False,3.3521,10.13848,131.90235,105.66907,73.108,6.046,266.927,,0.5051
124349,2626469003426668624,medium,images/00124/0124349_ref.png,images/00124/0124349_search.png,256.409,333.6005,256.2561381225012,333.704255199758,0.18474819368336612,0.27240888073377145,0.08766068705040533,0.1045583719085512,0.877826452255249,-0.1528618774987649,0.10375519975798397,hit,7.621578216552734,0.35346701741218567,0.0,10.0,False,0.2293,9.92819,172.15059,147.20262,72.878,6.036,296.284,,0.9772
44672,3633231672452536093,easy,images/00044/0044672_ref.png,images/00044/0044672_search.png,786.3569,482.0265,786.5245648714786,481.91378662379805,0.20202924120722313,1.0546602829721794,0.8526310417649563,0.8571291569998375,0.8668994307518005,0.16766487147856424,-0.11271337620195254,hit,4.404958724975586,0.21827886998653412,0.0,10.0,False,-1.3838,9.83517,166.21652,147.58905,43.089,4.642,388.152,,1.4049
55939,3306269614680687521,medium,images/00055/0055939_ref.png,images/00055/0055939_search.png,822.5531,629.0861,822.4690955553402,629.1021721030561,0.08552811946510568,0.8311958914385417,0.745667771973436,0.7542343353216348,0.6886823177337646,-0.08400444465974033,0.016072103056103515,hit,7.099189758300781,0.46605542302131653,0.0,10.0,False,2.7395,10.13708,83.96532,110.46945,24.224,3.48,186.402,,0.8978
121992,2744234269360096714,medium,images/00121/0121992_ref.png,images/00121/0121992_search.png,326.3022,332.3688,326.3406894765153,332.2262566136482,0.14764842293455066,0.3653508409554484,0.21770241802089774,0.3222014180040455,0.7811589241027832,0.038489476515280785,-0.14254338635180375,hit,5.442246437072754,0.3933221399784088,0.0,10.0,False,-0.6148,9.99203,96.30768,101.25681,47.964,4.897,204.152,,0.3091
99582,3826854448765920980,medium,images/00099/0099582_ref.png,images/00099/0099582_search.png,682.9747,697.3842,682.7030493344686,697.3506778693254,0.27371119328339544,0.1867817559438823,-0.08692943733951314,0.46014463366913383,0.820151686668396,-0.2716506655314106,-0.03352213067455523,hit,3.673476219177246,0.2154524177312851,0.0,10.0,False,-1.5363,10.03728,136.96639,154.35946,61.56,5.548,182.647,,0.6672
16366,769166228025191878,easy,images/00016/0016366_ref.png,images/00016/0016366_search.png,743.7566,689.0722,743.6767373512379,688.9900554957345,0.11456771905002584,0.8994514376205663,0.7848837185705405,0.8449748106362698,0.8241593837738037,-0.0798626487621732,-0.08214450426544317,hit,5.332322120666504,0.29839760065078735,0.0,10.0,False,1.1435,9.9135,155.54876,160.75581,37.231,4.315,412.877,,1.3452
17662,1798688017520024263,easy,images/00017/0017662_ref.png,images/00017/0017662_search.png,351.65,835.6905,353.4014356124813,835.7172159143853,1.7516393592144597,1.3335758436665457,-0.418063515547914,0.5381646652965977,0.7397589683532715,1.7514356124813162,0.026715914385249562,near-miss,9.390782356262207,0.4144884943962097,0.0,10.0,False,1.3713,9.79848,111.505,108.43995,34.581,4.158,335.361,,1.3986
91941,12049011278705484,easy,images/00091/0091941_ref.png,images/00091/0091941_search.png,303.2491,251.2837,303.2989727600882,251.42288755554662,0.14785285867326275,0.3969055805606445,0.24905272188738176,0.26799501641774326,0.8202359080314636,0.04987276008819208,0.13918755554661288,hit,5.954221725463867,0.21072272956371307,0.0,10.0,False,-1.0855,10.0076,107.50258,109.4629,40.603,4.506,400.51,,0.2729
119817,2236803525730692540,hard,images/00119/0119817_ref.png,images/00119/0119817_search.png,719.8955,785.3029,719.7020679045775,785.2681629857249,0.19652642494151915,0.822358625376049,0.6258322004345298,0.6412244747416862,0.8558326363563538,-0.1934320954225086,-0.03473701427515152,hit,4.65895938873291,0.2441146969795227,0.0,10.0,False,-2.4266,9.95915,179.82212,169.96687,49.449,4.972,,15.62,0.3382
183519,1439317112409788488,hard,images/00183/0183519_ref.png,images/00183/0183519_search.png,797.9623,684.3719,76.94392970480263,476.71405174787867,750.3261105971479,750.8245030323764,0.4983924352284248,0.8395339803505895,0.7664982676506042,-721.0183702951974,-207.6578482521213,periodic-lock,0.1450204849243164,0.07068750262260437,0.0,10.0,False,1.2892,10.12344,212.5056,159.41276,23.661,3.44,,32.874,0.561
168087,327958047882276021,hard,images/00168/0168087_ref.png,images/00168/0168087_search.png,494.4429,188.8468,495.66787306638156,188.9050528751331,1.2263573748387915,1.4556890867214125,0.22933171188262103,0.5011670142907956,0.8161076903343201,1.2249730663815512,0.05825287513309263,near-miss,6.171604156494141,0.24817121028900146,0.0,10.0,False,-1.2478,9.90396,143.14805,153.0356,25.746,3.588,,33.016,1.7075
136827,4143293721643573589,hard,images/00136/0136827_ref.png,images/00136/0136827_search.png,744.2914,169.0667,744.6407067228176,169.01801501576352,0.3526831641796047,0.6077869953869368,0.2551038312073321,0.2704500741848514,0.852546751499176,0.34930672281768693,-0.04868498423647338,hit,6.762970924377441,0.3951624929904938,0.0,10.0,False,1.0587,10.03384,105.22659,110.36214,37.207,4.313,,16.888,0.6625
102959,1416742199708056367,medium,images/00102/0102959_ref.png,images/00102/0102959_search.png,528.0188,475.1124,528.1201455418728,475.08852779893624,0.10411916654062237,0.5300291662024839,0.4259099996618615,0.6337855389625344,0.8393375873565674,0.10134554187277445,-0.023872201063738885,hit,5.901259422302246,0.20910762250423431,0.0,10.0,False,-0.1062,10.1433,114.40609,99.35055,41.367,4.548,283.857,,0.588
42132,899739367118626770,medium,images/00042/0042132_ref.png,images/00042/0042132_search.png,697.8524,407.7803,697.2969863954196,407.78487384961517,0.555432437163413,0.255056659320339,-0.30037577784307395,0.30611516202561023,0.8280903100967407,-0.5554136045803943,0.004573849615155723,hit,2.749776840209961,0.19533182680606842,0.0,10.0,False,0.2799,10.01782,147.84481,130.28626,102.755,7.168,202.418,,1.1501
24143,1606611545985396754,easy,images/00024/0024143_ref.png,images/00024/0024143_search.png,249.5414,856.0838,249.55451288471113,856.009986876907,0.07496882609587957,0.4676998668088678,0.39273104071298826,0.5386516500469242,0.7149050235748291,0.013112884711119932,-0.07381312309303212,hit,5.836691856384277,0.36590224504470825,0.0,10.0,False,1.0371,10.34066,92.45968,94.18702,98.501,7.018,408.318,,1.3475
3195,1665564874744024866,medium,images/00003/0003195_ref.png,images/00003/0003195_search.png,194.3946,256.4733,194.7772223614893,256.6714129810612,0.430869614589626,0.8808507836563029,0.44998116906667684,0.7976143491036917,0.8782793879508972,0.38262236148929674,0.19811298106122877,hit,3.0985279083251953,0.33706751465797424,0.0,10.0,False,-2.3321,10.18362,173.19529,153.70204,107.097,7.318,295.502,,0.7649
100,2716804299812500697,easy,images/00000/0000100_ref.png,images/00000/0000100_search.png,740.034,835.0557,740.1665356950389,835.0175221086031,0.13792484131204966,0.37760727057164595,0.2396824292595963,0.44930690144068175,0.865355372428894,0.1325356950388823,-0.038177891396912855,hit,6.616765975952148,0.24664229154586792,0.0,10.0,False,0.7703,10.18637,195.00469,156.05975,33.837,4.113,337.654,,0.3807
115794,354014576669383163,easy,images/00115/0115794_ref.png,images/00115/0115794_search.png,191.2091,694.2732,191.13246654432533,694.2896118983462,0.07837114861968406,0.7582179687942531,0.679846820174569,0.8233115469420572,0.6651901602745056,-0.07663345567468127,0.016411898346177622,hit,4.296627044677734,0.25978994369506836,0.0,10.0,False,-0.1134,9.73985,94.11075,91.62392,82.402,6.419,428.075,,1.5498
41586,2075618422671176846,medium,images/00041/0041586_ref.png,images/00041/0041586_search.png,161.0516,133.2457,161.33466816194908,133.25682374460587,0.2832866428253972,0.31151055501594604,0.028223912190548872,0.08316092034301154,0.7630534172058105,0.2830681619490747,0.011123744605868069,hit,6.958412170410156,0.4436752498149872,0.0,10.0,False,1.0733,10.14547,116.05804,133.43872,54.604,5.225,289.574,,0.2995
178030,4596301350077952486,hard,images/00178/0178030_ref.png,images/00178/0178030_search.png,386.4146,161.2016,386.74323029385,161.26911005617993,0.33549288773585223,1.0269426492813547,0.6914497615455024,1.0887362917965402,0.7626665830612183,0.328630293849983,0.06751005617991268,hit,4.013988494873047,0.2586093544960022,0.0,10.0,False,-1.023,9.95619,106.55265,131.11117,73.405,6.058,,20.978,0.6464
21608,1159012175069295185,medium,images/00021/0021608_ref.png,images/00021/0021608_search.png,190.8698,593.8345,191.4858382553197,593.9010933255822,0.6196271483960544,0.8584585985880031,0.23883145019194874,0.5480521924701254,0.8573309779167175,0.6160382553196939,0.06659332558217557,hit,5.968510627746582,0.24723315238952637,0.0,10.0,False,3.0506,9.91367,210.00939,159.58763,93.493,6.837,254.579,,0.8116
114599,2042453371981201293,easy,images/00114/0114599_ref.png,images/00114/0114599_search.png,529.0988,367.1215,529.2168065422209,367.0695530135337,0.1289342212519991,0.7694362164320174,0.6405019951800184,0.8257055416922986,0.7424968481063843,0.1180065422208827,-0.051946986466305134,hit,7.368896484375,0.3191576302051544,0.0,10.0,False,2.131,10.12335,111.56313,87.50987,30.001,3.873,404.134,,0.1252
80339,3112148792074149163,easy,images/00080/0080339_ref.png,images/00080/0080339_search.png,653.2255,131.6216,653.9022578891962,131.67401451449072,0.6787845916920978,1.2776473636963839,0.5988627720042861,0.6056787790949658,0.7687389254570007,0.6767578891962103,0.052414514490720876,hit,4.702498435974121,0.2453109472990036,0.0,10.0,False,1.6716,10.01394,97.19827,81.34633,60.592,5.504,330.544,,1.0736
48380,3735470714601385947,medium,images/00048/0048380_ref.png,images/00048/0048380_search.png,307.1726,460.8896,306.64535487997864,460.7800705556693,0.5385017323664943,0.5793296547864948,0.04082792242000044,0.28141278631829153,0.5257917642593384,-0.5272451200213482,-0.10952944433068978,hit,5.50926399230957,0.27892258763313293,0.0,10.0,False,0.7096,10.0134,106.98359,122.07731,24.14,3.474,170.361,,0.6664
106238,309978360685784143,medium,images/00106/0106238_ref.png,images/00106/0106238_search.png,479.5375,797.3063,480.6232653423269,797.2235539866423,1.0889138080329106,1.1594101930017044,0.07049638496879385,0.0948819344445044,0.7708494067192078,1.0857653423268516,-0.08274601335767784,near-miss,6.749541282653809,0.4064035713672638,0.0,10.0,False,-0.2002,9.87346,74.65092,79.11791,33.326,4.082,283.469,,0.3659
184593,2042131911413907737,hard,images/00184/0184593_ref.png,images/00184/0184593_search.png,882.596,157.7563,882.5894914344176,157.85519527255278,0.09910921430031884,1.799892263116113,1.700783048815794,1.8977663032967698,0.859065055847168,-0.006508565582407755,0.09889527255276676,hit,0.03213787078857422,0.04771139845252037,0.0,10.0,False,-5.2517,9.81788,183.34571,156.45053,28.304,3.762,,15.593,0.2176
35789,4012731591466089008,medium,images/00035/0035789_ref.png,images/00035/0035789_search.png,457.7914,121.5995,457.7796678523691,121.52052524114525,0.07984144177180731,0.04766445250540832,-0.03217698926639899,0.04426204472907334,0.8446336984634399,-0.011732147630937106,-0.07897475885475558,hit,0.5243654251098633,0.1673620343208313,0.0,10.0,False,1.7943,10.082,122.26571,113.98266,90.653,6.733,261.41,,0.2601
93978,3191962161738842316,easy,images/00093/0093978_ref.png,images/00093/0093978_search.png,452.5309,611.1905,452.6838021016805,611.1757711866904,0.15360986504723775,0.7315699611983454,0.5779600961511077,0.7014946361467391,0.9010889530181885,0.15290210168052454,-0.014728813309602629,hit,2.9419775009155273,0.22607161104679108,0.0,10.0,False,-0.8593,10.16547,145.74585,163.67912,27.86,3.732,393.753,,0.5793
134559,3470617805421378452,easy,images/00134/0134559_ref.png,images/00134/0134559_search.png,693.4556,337.6375,693.4754082946421,337.58148202445886,0.059417018777057906,0.2410676577921834,0.1816506390151255,0.20855714161328948,0.7975490689277649,0.019808294642075452,-0.05601797554112409,hit,6.214399337768555,0.5054454803466797,0.0,10.0,False,-1.0444,9.87841,72.94893,93.13268,38.494,4.387,389.04,,0.2641
196958,4414388015105609963,hard,images/00196/0196958_ref.png,images/00196/0196958_search.png,707.2991,493.6817,707.331227563365,493.64942335315214,0.04554077578957206,0.427953665517012,0.38241288972744,0.47223807552917746,0.8167843222618103,0.032127563365065726,-0.03227664684783349,hit,6.452068328857422,0.2856977880001068,0.0,10.0,False,-0.1751,10.06194,157.04527,133.24256,22.175,3.33,,31.267,0.7349
132279,2608657778226415076,hard,images/00132/0132279_ref.png,images/00132/0132279_search.png,424.0013,712.405,424.40576585534586,712.477070858417,0.4108367519753102,0.5949830784179935,0.18414632644268325,0.3432908946802803,0.7221618294715881,0.40446585534584756,0.07207085841707794,hit,5.76429557800293,0.4402543306350708,0.0,10.0,False,-0.1298,9.97013,131.48724,114.53891,55.948,5.289,,28.411,0.9053
150085,952439820800629612,hard,images/00150/0150085_ref.png,images/00150/0150085_search.png,180.496,628.9773,179.85751989400734,628.934034053618,0.639944363100998,1.110523220430741,0.4705788573297429,0.4707623738437019,0.8515550494194031,-0.6384801059926701,-0.043265946382007314,hit,5.651009559631348,0.31103628873825073,0.0,10.0,False,0.314,9.96695,120.01962,125.23978,87.311,6.607,,20.124,0.9479
179528,2610580946432777538,hard,images/00179/0179528_ref.png,images/00179/0179528_search.png,728.1778,596.9231,728.2558532109128,596.8108234966326,0.13674178930455097,0.4392563622013698,0.3025145728968188,0.43140145810592495,0.8798840045928955,0.07805321091279893,-0.11227650336741135,hit,1.8918991088867188,0.027094751596450806,0.0,10.0,False,-2.3937,9.98052,137.49877,116.73205,51.305,5.065,,22.376,0.4704
126606,1534340278382143806,medium,images/00126/0126606_ref.png,images/00126/0126606_search.png,456.214,472.6792,456.17559959897716,472.72895715014744,0.06285192749241313,0.20737222098100752,0.1445202934885944,0.14861066670510215,0.8927884101867676,-0.038400401022840924,0.04975715014745674,hit,3.883342742919922,0.31867915391921997,0.0,10.0,False,0.0103,10.06636,120.01369,118.31474,57.071,5.342,194.804,,0.8374
95151,1895273602867024697,easy,images/00095/0095151_ref.png,images/00095/0095151_search.png,249.1727,265.4279,249.21499041010864,265.3527703403275,0.08621452632630733,0.5194191675334355,0.4332046412071282,0.467424216409906,0.7536588311195374,0.04229041010864876,-0.07512965967254104,hit,8.180200576782227,0.41393348574638367,0.0,10.0,False,-0.5397,9.95593,145.92986,136.33955,31.414,3.963,304.938,,0.2907
113729,2718081757274809694,medium,images/00113/0113729_ref.png,images/00113/0113729_search.png,160.386,450.5851,160.60417522667584,450.59498790037424,0.21839917607185358,0.4932301173638061,0.2748309412919525,0.2797755271772319,0.8688206076622009,0.21817522667583944,0.009887900374224046,hit,5.332745552062988,0.3286542594432831,0.0,10.0,False,2.1931,10.12943,205.20203,154.942,50.279,5.014,207.342,,0.7661
33305,3129171105674788519,easy,images/00033/0033305_ref.png,images/00033/0033305_search.png,885.1364,253.1727,885.2627599053249,253.06262212439484,0.16758270904677441,0.3185558731810528,0.15097316413427836,0.15124870584240288,0.8334619998931885,0.1263599053248754,-0.1100778756051568,hit,5.738480567932129,0.4200904071331024,0.0,10.0,False,-2.2716,10.0693,113.23638,98.7572,37.308,4.319,330.896,,0.3861
114202,3289905832218375250,easy,images/00114/0114202_ref.png,images/00114/0114202_search.png,463.4382,392.6059,462.75843158239195,392.5584533875048,0.6814222498675957,0.5014374206871354,-0.17998482918046033,0.5058102925567437,0.8634662628173828,-0.6797684176080452,-0.04744661249520732,hit,7.067785263061523,0.3005734384059906,0.0,10.0,False,-0.2409,9.89367,152.81331,164.22595,67.417,5.806,331.069,,0.374
138821,3653752329781098194,medium,images/00138/0138821_ref.png,images/00138/0138821_search.png,344.6368,770.7931,344.705715476006,770.7616805641727,0.0757398427568837,0.43883851146822944,0.3630986687113458,0.3636382221720217,0.8414276838302612,0.06891547600599779,-0.031419435827274356,hit,8.431313514709473,0.4382438659667969,0.0,10.0,False,-0.5896,10.07742,96.7581,92.51574,61.442,5.543,296.29,,0.9941
40443,1322553995654312797,easy,images/00040/0040443_ref.png,images/00040/0040443_search.png,675.3752,260.8668,675.8951067922042,260.792234976986,0.525226632261879,0.40731003288491785,-0.1179165993769612,0.11816618182043191,0.8014376163482666,0.5199067922042104,-0.07456502301403134,hit,2.585325241088867,0.2765812873840332,0.0,10.0,False,-1.7653,9.79722,59.36994,70.92035,62.385,5.585,397.298,,0.7191
910,3842015973961677713,easy,images/00000/0000910_ref.png,images/00000/0000910_search.png,676.8551,511.8891,676.8350232899969,511.9589668656378,0.0726942446043912,0.5128926322391598,0.4401983876347686,0.4960574137879343,0.8020023703575134,-0.020076710003081644,0.06986686563783451,hit,4.435442924499512,0.29633545875549316,0.0,10.0,False,-2.0811,9.93169,105.16673,94.67122,24.336,3.488,419.468,,0.4286
193979,2701647054618972327,hard,images/00193/0193979_ref.png,images/00193/0193979_search.png,847.0914,308.5859,847.1307099505873,308.55159005718764,0.0521770485075533,0.4739739143661645,0.4217968658586112,0.42245671061128137,0.7148104310035706,0.03930995058726694,-0.03430994281234234,hit,6.834244728088379,0.29310205578804016,0.0,10.0,False,-2.2585,9.89521,103.88864,83.13647,38.494,4.387,,21.85,0.9858
196747,2972290720868986124,hard,images/00196/0196747_ref.png,images/00196/0196747_search.png,725.602,191.3497,725.633717513437,191.2893415183477,0.0681846534492863,0.10180610381960081,0.03362145037031451,0.09788539852113495,0.8845936059951782,0.0317175134370018,-0.06035848165231528,hit,1.5085697174072266,0.08025661110877991,0.0,10.0,False,-0.9676,10.05169,121.56716,108.98378,64.722,5.689,,20.418,0.1915
25755,2071895549230359266,medium,images/00025/0025755_ref.png,images/00025/0025755_search.png,832.6312,414.8223,832.6357488228344,414.75301069538,0.06943845853631829,0.644272822913793,0.5748343643774747,0.5756141617696251,0.8309154510498047,0.004548822834408384,-0.06928930461998561,hit,6.145787239074707,0.27297380566596985,0.0,10.0,False,0.0945,10.01508,85.86994,95.50157,35.259,4.199,246.559,,1.1164
142806,648944181620995644,hard,images/00142/0142806_ref.png,images/00142/0142806_search.png,249.193,707.1655,249.5206839488625,707.3034231759065,0.355527175887103,0.7124495641338677,0.35692238824676475,0.3622812023460284,0.8639349937438965,0.3276839488625001,0.13792317590650782,hit,3.546139717102051,0.25452032685279846,0.0,10.0,False,-0.1507,10.05841,126.93501,125.51225,102.045,7.143,,28.025,0.3615
107597,3306539769129379436,easy,images/00107/0107597_ref.png,images/00107/0107597_search.png,453.2504,634.5541,451.85372131196993,634.6188340427075,1.3981780479905561,0.6903764971505687,-0.7078015508399874,0.7082367096032933,0.6903218626976013,-1.3966786880300788,0.0647340427075278,near-miss,5.493614196777344,0.3816152513027191,0.0,10.0,False,-0.8981,10.13715,100.58821,80.67386,47.872,4.892,356.942,,1.0521
89086,1152807063337228305,easy,images/00089/0089086_ref.png,images/00089/0089086_search.png,753.0732,841.7949,753.5036858279265,841.8440032789492,0.4332772554024284,0.4245229171327799,-0.008754338269648498,0.761424103389032,0.7194231748580933,0.4304858279264181,0.04910327894924649,hit,4.1690673828125,0.1785203516483307,0.0,10.0,False,0.7124,9.88462,142.18428,150.93926,24.694,3.514,319.75,,0.9391
25982,1669992248306405533,easy,images/00025/0025982_ref.png,images/00025/0025982_search.png,811.543,586.851,811.4549688522961,586.7211323861501,0.15689193762947337,0.3147375761641767,0.15784563853470332,0.23390619178901928,0.878182590007782,-0.0880311477038731,-0.1298676138499104,hit,6.914105415344238,0.23253889381885529,0.0,10.0,False,-1.5069,10.07178,163.13339,134.47008,46.547,4.824,407.343,,0.7625
52624,3652508616602300204,medium,images/00052/0052624_ref.png,images/00052/0052624_search.png,808.1846,538.8082,808.0894618144206,538.7736425018539,0.10122003276758046,1.237760911818816,1.1365408790512355,1.1365409337042245,0.8510282039642334,-0.09513818557945797,-0.034557498146114085,hit,5.763378143310547,0.22870536148548126,0.0,10.0,False,-1.0304,10.08866,130.51254,160.78945,43.873,4.684,242.084,,0.3755
97952,2469725150681485223,medium,images/00097/0097952_ref.png,images/00097/0097952_search.png,443.5097,737.892,443.96013967461903,737.9486031027265,0.4539821711357655,0.46909238335370657,0.015110212217941066,0.09899202896914323,0.9539225697517395,0.45043967461901957,0.0566031027263989,hit,7.932634353637695,0.3295837640762329,0.0,10.0,False,1.1686,10.05082,192.90515,149.33564,99.069,7.038,215.191,,0.732
87876,1921631543299536126,easy,images/00087/0087876_ref.png,images/00087/0087876_search.png,482.4497,214.2751,482.25730731773297,214.3479896860695,0.20573733381478193,0.5431688888637081,0.33743155504892614,0.3466862588312292,0.7914940714836121,-0.19239268226704098,0.07288968606948742,hit,6.796568870544434,0.41251784563064575,0.0,10.0,False,0.2007,9.92863,152.75875,120.36856,53.915,5.192,354.199,,0.4354
44134,2679304011057882005,medium,images/00044/0044134_ref.png,images/00044/0044134_search.png,154.5791,851.792,153.83318511638683,851.8522289285487,0.7483425268082704,0.7706700804066248,0.022327553598354366,0.02323216623665841,0.8884546160697937,-0.7459148836131817,0.06022892854866768,hit,6.285444259643555,0.3414119482040405,0.0,10.0,False,2.6464,9.87281,149.39377,126.70278,90.86,6.74,287.742,,2.1588
111340,1088828933469082964,hard,images/00111/0111340_ref.png,images/00111/0111340_search.png,315.1484,581.9959,315.25630096938477,582.0386056221575,0.11604477307504774,0.2808705074462791,0.16482573437123138,0.23095439125882383,0.8869504928588867,0.10790096938478655,0.042705622157541256,hit,8.79318904876709,0.3236553370952606,0.0,10.0,False,-2.3715,9.98427,139.44911,152.85252,36.583,4.277,,26.371,0.5942
46859,2388883739904335416,medium,images/00046/0046859_ref.png,images/00046/0046859_search.png,125.0659,213.9258,125.02852742212012,213.97724151442176,0.06358410951952606,0.12269852675138798,0.05911441723186192,0.16514272552681913,0.8856980204582214,-0.03737257787987858,0.05144151442175371,hit,7.210982322692871,0.4059041440486908,0.0,10.0,False,-0.3645,10.08609,107.73105,122.89364,78.56,6.267,219.245,,0.3494
84179,3699356301948384198,easy,images/00084/0084179_ref.png,images/00084/0084179_search.png,266.8547,617.9887,267.0179955446423,617.9215841330998,0.17655020387921994,0.48503165360228206,0.30848144972306213,0.32457442427444594,0.8470517992973328,0.16329554464232388,-0.06711586690016702,hit,7.995901107788086,0.30787092447280884,0.0,10.0,False,-0.596,9.91772,89.93603,116.01876,28.029,3.744,409.661,,1.0982
42824,4056166500524209129,easy,images/00042/0042824_ref.png,images/00042/0042824_search.png,465.1099,237.0276,465.3118964851425,237.04405172862118,0.20266533838954734,0.43191429425361555,0.2292489558640682,0.331288571946641,0.8409260511398315,0.20199648514250157,0.016451728621177608,hit,6.8393707275390625,0.38859614729881287,0.0,10.0,False,-0.0838,9.8544,184.11616,150.77156,76.208,6.173,375.918,,0.2153
134550,4531471978988022986,hard,images/00134/0134550_ref.png,images/00134/0134550_search.png,870.344,627.6908,537.7746263571056,379.00878969070556,415.2651328208271,415.3301622215489,0.06502940072181218,0.12078652237979773,0.8219128847122192,-332.56937364289445,-248.6820103092944,gross-miss,0.8593559265136719,0.02173537015914917,0.0,10.0,False,-0.1425,9.86996,158.95029,128.55059,44.565,4.72,,30.379,0.8243
55982,2491110064148721983,easy,images/00055/0055982_ref.png,images/00055/0055982_search.png,641.5635,328.9394,641.276589285342,329.1351836676758,0.34734565308084786,0.5168009871432862,0.1694553340624383,0.2535199669290767,0.8412297964096069,-0.2869107146580063,0.195783667675812,hit,7.454156875610352,0.361243337392807,0.0,10.0,False,-0.4205,9.81515,152.73693,157.66051,43.454,4.661,398.904,,0.1754
24442,2230666726004782350,easy,images/00024/0024442_ref.png,images/00024/0024442_search.png,805.8016,507.0374,805.6395480115144,506.98260274809235,0.17106602757053338,0.0906237122258458,-0.08044231534468758,0.2313120005332639,0.912854015827179,-0.16205198848558666,-0.05479725190764384,hit,4.042384147644043,0.2737312912940979,0.0,10.0,False,-1.3619,9.88767,133.02152,100.3896,40.866,4.52,359.496,,0.6922
110180,1415515424168655235,medium,images/00110/0110180_ref.png,images/00110/0110180_search.png,348.798,685.3773,348.84429340967205,685.4338121662888,0.07305275297837717,0.7619877416460404,0.6889349886676632,0.7786913160466823,0.758751392364502,0.04629340967204598,0.05651216628882594,hit,6.447083473205566,0.36094173789024353,0.0,10.0,False,0.2444,10.03195,116.56598,93.08425,65.886,5.74,191.129,,0.338
168237,4599146553092514262,hard,images/00168/0168237_ref.png,images/00168/0168237_search.png,539.4653,243.9613,538.5542753285005,243.88108767563727,0.9145490522986855,0.1934154607577425,-0.721133591540943,0.7771752479670405,0.7420207858085632,-0.9110246714994901,-0.0802123243627193,hit,6.511800765991211,0.2676145136356354,0.0,10.0,False,0.0052,9.90949,80.29196,105.47414,34.374,4.146,,20.313,1.1717
5109,4110993942421484499,medium,images/00005/0005109_ref.png,images/00005/0005109_search.png,784.381,802.0703,783.8168915892174,801.9394175054069,0.5790928479151518,0.5173964078874737,-0.06169644002767816,0.6358474744731375,0.714809000492096,-0.5641084107825236,-0.13088249459303825,hit,3.918485641479492,0.22322531044483185,0.0,10.0,False,0.3932,9.84547,148.81849,130.89949,23.741,3.445,193.445,,0.9825
183134,2245705363853356073,hard,images/00183/0183134_ref.png,images/00183/0183134_search.png,647.0336,252.2381,648.0319084805445,252.21651897974718,0.9985417180880947,0.13407583176211588,-0.8644658863259788,1.030505152739974,0.8309510350227356,0.9983084805445515,-0.0215810202528246,hit,3.386627197265625,0.1824357807636261,0.0,10.0,False,1.3923,10.14671,164.87451,125.58571,60.797,5.513,,24.605,1.1607
53952,4131226264086114244,easy,images/00053/0053952_ref.png,images/00053/0053952_search.png,665.2168,731.7707,665.484530951554,731.4463761085628,0.42055421645366553,0.42430041668400825,0.003746200230342722,0.21619061392155117,0.8638584613800049,0.26773095155397186,-0.32432389143718865,hit,2.1838035583496094,0.23414823412895203,0.0,10.0,False,1.2186,9.98427,138.47716,124.84823,72.689,6.029,374.678,,0.472
13442,1805518183909995532,medium,images/00013/0013442_ref.png,images/00013/0013442_search.png,694.6194,743.1049,694.162390444422,743.2109696578208,0.46915722972134544,0.23275177150622936,-0.23640545821511608,0.39171020672563484,0.791671633720398,-0.45700955557799716,0.10606965782073985,hit,8.158194541931152,0.2846759855747223,0.0,10.0,False,-0.4311,10.22048,133.56659,164.02888,44.809,4.733,298.844,,1.3404
105068,713009373198025093,easy,images/00105/0105068_ref.png,images/00105/0105068_search.png,500.0735,764.3115,503.2332762619228,764.2531547595058,3.1603148881874197,3.1055286234060833,-0.05478626478133641,0.3284890983534671,0.7517123818397522,3.1597762619227865,-0.058345240494190875,near-miss,3.8748703002929688,0.19281351566314697,0.0,10.0,False,-1.4268,9.9854,133.03621,168.47388,33.1,4.068,400.09,,2.5561
16770,563953955132729122,medium,images/00016/0016770_ref.png,images/00016/0016770_search.png,489.4418,785.0392,489.39073660515925,784.8569565417969,0.18926211546560215,0.3661512029544775,0.17688908748887536,0.2603550453641634,0.8255778551101685,-0.05106339484075306,-0.18224345820317467,hit,8.027754783630371,0.4203367829322815,0.0,10.0,False,-1.0444,10.17571,122.96356,140.13236,53.907,5.192,178.452,,0.635
144649,2597225071896116315,medium,images/00144/0144649_ref.png,images/00144/0144649_search.png,483.1979,685.2521,483.11007922961073,685.2371648771389,0.08908167941077164,0.7037435227174993,0.6146618433067277,0.6147874675311977,0.8174818754196167,-0.08782077038927127,-0.014935122861174932,hit,6.1710004806518555,0.4072675108909607,0.0,10.0,False,-2.5781,9.98217,97.88681,127.31367,35.424,4.209,175.376,,0.1136
7394,472580934835952718,easy,images/00007/0007394_ref.png,images/00007/0007394_search.png,313.2001,246.5965,314.0996122209739,246.6386043457662,0.9004970913965955,1.0262062787706494,0.1257091873740539,0.2521452102634277,0.9222384691238403,0.8995122209738611,0.04210434576620514,hit,7.013334274291992,0.31957367062568665,0.0,10.0,False,-0.8925,10.03886,123.05514,161.96435,67.21,5.797,345.823,,0.8943
127198,2789354821601244807,medium,images/00127/0127198_ref.png,images/00127/0127198_search.png,490.1585,710.3352,490.1914217131382,710.2948435084116,0.05208152848441894,0.2539666765109318,0.20188514802651286,0.2573832958786088,0.7983593344688416,0.03292171313819381,-0.04035649158834076,hit,5.7502641677856445,0.386626273393631,0.0,10.0,False,-0.3811,9.99692,162.54243,139.85776,38.921,4.411,294.547,,0.6107
106145,580681431790069948,medium,images/00106/0106145_ref.png,images/00106/0106145_search.png,367.3892,373.1316,367.3729940252559,373.1852004139248,0.05599676767741919,0.8650156132162069,0.8090188455387877,0.8672854806203351,0.8498525023460388,-0.016205974744138985,0.053600413924812074,hit,3.2174272537231445,0.39679038524627686,0.0,10.0,False,-2.6165,10.09111,113.24679,96.48058,73.748,6.072,179.138,,0.5791
